{
"type": "FeatureCollection",
"name": "bengaluru_grid_1000m",
"crs": { "type": "name", "properties": { "name": "urn:ogc:def:crs:OGC:1.3:CRS84" } },
"features": [
{ "type": "Feature", "properties": { "grid_id": "BLR_00001", "centroid_lat": 12.841823618454018, "centroid_lon": 77.53492200637821 }, "geometry": { "type": "Polygon", "coordinates": [ [ [ 77.532941477293136, 12.843052279297359 ], [ 77.537907747867933, 12.843004314846471 ], [ 77.5378768, 12.8424683 ], [ 77.5375745, 12.8417374 ], [ 77.5367798, 12.8414857 ], [ 77.535783800000019, 12.8411694 ], [ 77.5351081, 12.8409542 ], [ 77.5349978, 12.840859 ], [ 77.5345257, 12.8404515 ], [ 77.5339139, 12.839924 ], [ 77.5336125, 12.8399086 ], [ 77.5334342, 12.8397015 ], [ 77.532908758451413, 12.839786891714617 ], [ 77.532941477293136, 12.843052279297359 ] ] ] } },
{ "type": "Feature", "properties": { "grid_id": "BLR_00002", "centroid_lat": 12.84190927215945, "centroid_lon": 77.523407364719461 }, "geometry": { "type": "Polygon", "coordinates": [ [ [ 77.523734684810933, 12.843140950467067 ], [ 77.523703303723735, 12.839997670910524 ], [ 77.5235185, 12.8399451 ], [ 77.523459300000013, 12.8402234 ], [ 77.5232448, 12.8412325 ], [ 77.5231236, 12.8417988 ], [ 77.5229554, 12.8425278 ], [ 77.5228682, 12.8429053 ], [ 77.522820735447993, 12.843149735158425 ], [ 77.523734684810933, 12.843140950467067 ] ] ] } },
{ "type": "Feature", "properties": { "grid_id": "BLR_00003", "centroid_lat": 12.841674806880052, "centroid_lon": 77.528435554424163 }, "geometry": { "type": "Polygon", "coordinates": [ [ [ 77.523734684810933, 12.843140950467067 ], [ 77.532941477293136, 12.843052279297359 ], [ 77.532908758451413, 12.839786891714617 ], [ 77.5312805, 12.8400515 ], [ 77.5309696, 12.8400908 ], [ 77.5290897, 12.8403214 ], [ 77.5260566, 12.8406419 ], [ 77.5244624, 12.8402122 ], [ 77.5242061, 12.8401407 ], [ 77.523703303723735, 12.839997670910524 ], [ 77.523734684810933, 12.843140950467067 ] ] ] } },
{ "type": "Feature", "properties": { "grid_id": "BLR_00004", "centroid_lat": 12.84859677867421, "centroid_lon": 77.522617234717529 }, "geometry": { "type": "Polygon", "coordinates": [ [ [ 77.523824922607503, 12.852174947923986 ], [ 77.523734684810933, 12.843140950467067 ], [ 77.522820735447993, 12.843149735158425 ], [ 77.5227721, 12.8434002 ], [ 77.5227048, 12.8437648 ], [ 77.5226779, 12.8438714 ], [ 77.5226573, 12.8439875 ], [ 77.5224997, 12.8446154 ], [ 77.5224621, 12.8447651 ], [ 77.5223781, 12.8450484 ], [ 77.5223556, 12.8451245 ], [ 77.5222523, 12.8454725 ], [ 77.5222285, 12.845586 ], [ 77.52198, 12.8467708 ], [ 77.5216858, 12.8481731 ], [ 77.5216675, 12.8482602 ], [ 77.5216607, 12.8482925 ], [ 77.5216452, 12.8483662 ], [ 77.52164, 12.8483909 ], [ 77.5216284, 12.8484463 ], [ 77.5216167, 12.8486222 ], [ 77.521596, 12.8489302 ], [ 77.5215915, 12.8489977 ], [ 77.5214872, 12.8491676 ], [ 77.5212567, 12.8496758 ], [ 77.5211496, 12.8499122 ], [ 77.5210466, 12.8501393 ], [ 77.5210336, 12.850168 ], [ 77.5209975, 12.8502608 ], [ 77.5208628, 12.8506072 ], [ 77.52023948032766, 12.852209416015221 ], [ 77.523824922607503, 12.852174947923986 ] ] ] } },
{ "type": "Feature", "properties": { "grid_id": "BLR_00005", "centroid_lat": 12.847849219152362, "centroid_lon": 77.537396505283709 }, "geometry": { "type": "Polygon", "coordinates": [ [ [ 77.532941477293136, 12.843052279297359 ], [ 77.533032043427909, 12.852086212321687 ], [ 77.542239095158564, 12.851997154407293 ], [ 77.542151520517223, 12.843293359522875 ], [ 77.5416765, 12.843325 ], [ 77.5414856, 12.8435333 ], [ 77.541265, 12.8442732 ], [ 77.5412622, 12.8442756 ], [ 77.541222100000013, 12.8443114 ], [ 77.5408592, 12.8446344 ], [ 77.5407695, 12.8447142 ], [ 77.5406815, 12.8447925 ], [ 77.5404916, 12.8449616 ], [ 77.5390445, 12.845319 ], [ 77.538348, 12.8453043 ], [ 77.5383553, 12.8449173 ], [ 77.5383069, 12.8447507 ], [ 77.5383069, 12.8447506 ], [ 77.538162, 12.8442318 ], [ 77.5381369, 12.8441424 ], [ 77.5379312, 12.8434105 ], [ 77.537907747867933, 12.843004314846471 ], [ 77.532941477293136, 12.843052279297359 ] ] ] } },
{ "type": "Feature", "properties": { "grid_id": "BLR_00006", "centroid_lat": 12.847613638631275, "centroid_lon": 77.528383282034866 }, "geometry": { "type": "Polygon", "coordinates": [ [ [ 77.523734684810933, 12.843140950467067 ], [ 77.523824922607503, 12.852174947923986 ], [ 77.533032043427909, 12.852086212321687 ], [ 77.532941477293136, 12.843052279297359 ], [ 77.523734684810933, 12.843140950467067 ] ] ] } },
{ "type": "Feature", "properties": { "grid_id": "BLR_00007", "centroid_lat": 12.85664760048595, "centroid_lon": 77.528473718482829 }, "geometry": { "type": "Polygon", "coordinates": [ [ [ 77.523824922607503, 12.852174947923986 ], [ 77.523915229243443, 12.861208938551581 ], [ 77.533122678652447, 12.861120138512266 ], [ 77.533032043427909, 12.852086212321687 ], [ 77.523824922607503, 12.852174947923986 ] ] ] } },
{ "type": "Feature", "properties": { "grid_id": "BLR_00008", "centroid_lat": 12.856987527890922, "centroid_lon": 77.52144493935981 }, "geometry": { "type": "Polygon", "coordinates": [ [ [ 77.523915229243443, 12.861208938551581 ], [ 77.523824922607503, 12.852174947923986 ], [ 77.52023948032766, 12.852209416015221 ], [ 77.5202021, 12.8523055 ], [ 77.5197307, 12.8535175 ], [ 77.5195639, 12.853946 ], [ 77.5192801, 12.8546754 ], [ 77.51921, 12.8548557 ], [ 77.519126, 12.8555195 ], [ 77.5189694, 12.8567568 ], [ 77.5189564, 12.8568577 ], [ 77.5187689, 12.858314 ], [ 77.518692, 12.8588664 ], [ 77.5185994, 12.8595875 ], [ 77.5185855, 12.8596964 ], [ 77.5185488, 12.859982 ], [ 77.5185135, 12.8602573 ], [ 77.518497, 12.8603854 ], [ 77.5184869, 12.8604657 ], [ 77.5184852, 12.8604796 ], [ 77.5184749, 12.8605609 ], [ 77.518458, 12.8606959 ], [ 77.5184197, 12.8610615 ], [ 77.5184182, 12.8610756 ], [ 77.5184087, 12.8611665 ], [ 77.518505712000689, 12.861260959200985 ], [ 77.523915229243443, 12.861208938551581 ] ] ] } },
{ "type": "Feature", "properties": { "grid_id": "BLR_00009", "centroid_lat": 12.856558671449738, "centroid_lon": 77.537680969049703 }, "geometry": { "type": "Polygon", "coordinates": [ [ [ 77.533032043427909, 12.852086212321687 ], [ 77.533122678652447, 12.861120138512266 ], [ 77.542330058959891, 12.861031015926848 ], [ 77.542239095158564, 12.851997154407293 ], [ 77.533032043427909, 12.852086212321687 ] ] ] } },
{ "type": "Feature", "properties": { "grid_id": "BLR_00010", "centroid_lat": 12.86559256191436, "centroid_lon": 77.537771803176028 }, "geometry": { "type": "Polygon", "coordinates": [ [ [ 77.533122678652447, 12.861120138512266 ], [ 77.533213382978573, 12.870154057864532 ], [ 77.542421092113187, 12.870064870603647 ], [ 77.542330058959891, 12.861031015926848 ], [ 77.533122678652447, 12.861120138512266 ] ] ] } },
{ "type": "Feature", "properties": { "grid_id": "BLR_00011", "centroid_lat": 12.869338880294858, "centroid_lon": 77.512400225349225 }, "geometry": { "type": "Polygon", "coordinates": [ [ [ 77.514797757619519, 12.870331464034656 ], [ 77.51477372740392, 12.867921274721562 ], [ 77.5146706, 12.867928 ], [ 77.5133273, 12.8681036 ], [ 77.5131951, 12.8681263 ], [ 77.5126138, 12.8682358 ], [ 77.5124133, 12.8682738 ], [ 77.511717, 12.8681077 ], [ 77.5115925, 12.8680622 ], [ 77.5115617, 12.8680881 ], [ 77.5105211, 12.8689574 ], [ 77.5101148, 12.8690308 ], [ 77.5092451, 12.8700204 ], [ 77.508975359895544, 12.87038728466649 ], [ 77.514797757619519, 12.870331464034656 ] ] ] } },
{ "type": "Feature", "properties": { "grid_id": "BLR_00012", "centroid_lat": 12.87899478499186, "centroid_lon": 77.476784318661785 }, "geometry": { "type": "Polygon", "coordinates": [ [ [ 77.478054484282154, 12.879716698328425 ], [ 77.478037829390004, 12.878022770400671 ], [ 77.477970500000012, 12.8780332 ], [ 77.4777146, 12.8780728 ], [ 77.4774856, 12.8781079 ], [ 77.4772534, 12.8781434 ], [ 77.4770755, 12.8781594 ], [ 77.4770602, 12.8781608 ], [ 77.4769894, 12.8781671 ], [ 77.4769626, 12.8781696 ], [ 77.4765289, 12.8782086 ], [ 77.4762263, 12.8782359 ], [ 77.4759145, 12.8783158 ], [ 77.4758973, 12.8783202 ], [ 77.4756686, 12.8783788 ], [ 77.4756686, 12.8783789 ], [ 77.4757081, 12.8784418 ], [ 77.4758274, 12.8784297 ], [ 77.4756497, 12.8788257 ], [ 77.475552, 12.8789641 ], [ 77.4754542, 12.8791023 ], [ 77.4754542, 12.8791024 ], [ 77.4751132, 12.8795598 ], [ 77.4750646, 12.8796285 ], [ 77.475044, 12.8796576 ], [ 77.47498169094311, 12.879745762244257 ], [ 77.478054484282154, 12.879716698328425 ] ] ] } },
{ "type": "Feature", "properties": { "grid_id": "BLR_00013", "centroid_lat": 12.876421481045451, "centroid_lon": 77.483949904165144 }, "geometry": { "type": "Polygon", "coordinates": [ [ [ 77.478054484282154, 12.879716698328425 ], [ 77.487262933488125, 12.879629384640737 ], [ 77.487185961092507, 12.871827668710431 ], [ 77.4860889, 12.8713929 ], [ 77.4859905, 12.8713628 ], [ 77.4859735, 12.871371 ], [ 77.4853837, 12.8714742 ], [ 77.485334, 12.8714829 ], [ 77.4852202, 12.8715119 ], [ 77.4847352, 12.8716457 ], [ 77.484677, 12.8717572 ], [ 77.484638500000017, 12.8718309 ], [ 77.4843869, 12.872197 ], [ 77.4839609, 12.8729518 ], [ 77.4838152, 12.8731883 ], [ 77.4837289, 12.8733283 ], [ 77.4836099, 12.8735214 ], [ 77.4833983, 12.8738591 ], [ 77.4831355, 12.874348 ], [ 77.4831342, 12.8743505 ], [ 77.4831207, 12.8743755 ], [ 77.4830853, 12.8743639 ], [ 77.4829617, 12.8743234 ], [ 77.4829425, 12.8743171 ], [ 77.4828441, 12.8742735 ], [ 77.4825627, 12.8741486 ], [ 77.4824927, 12.8741571 ], [ 77.4813484, 12.8742953 ], [ 77.4813305, 12.8742881 ], [ 77.4813263, 12.8742887 ], [ 77.4812048, 12.8742399 ], [ 77.4811168, 12.874252 ], [ 77.4810805, 12.874257 ], [ 77.4809142, 12.8742799 ], [ 77.4808768, 12.8742851 ], [ 77.4808626, 12.8746243 ], [ 77.4808859, 12.8746864 ], [ 77.4809508, 12.8748588 ], [ 77.4810706, 12.8748553 ], [ 77.4810725, 12.8748595 ], [ 77.4810899, 12.8748591 ], [ 77.481239, 12.8751704 ], [ 77.4812534, 12.8752005 ], [ 77.4812638, 12.8752222 ], [ 77.4812932, 12.8752836 ], [ 77.4811777, 12.8753063 ], [ 77.481178500000013, 12.8753693 ], [ 77.4812064, 12.875474 ], [ 77.4812464, 12.8757761 ], [ 77.4812608, 12.8758848 ], [ 77.4812711, 12.8759624 ], [ 77.4813573, 12.8761818 ], [ 77.4814146, 12.8763338 ], [ 77.4815118, 12.8766163 ], [ 77.4815335, 12.8769756 ], [ 77.4815386, 12.8770599 ], [ 77.4816277, 12.8776328 ], [ 77.4816498, 12.8777715 ], [ 77.481667, 12.8778818 ], [ 77.4816731, 12.8779205 ], [ 77.4816745, 12.8779842 ], [ 77.4816765, 12.8780037 ], [ 77.4816826, 12.8780613 ], [ 77.4816863, 12.8780974 ], [ 77.4806308, 12.8780656 ], [ 77.4806297, 12.8780655 ], [ 77.4799946, 12.8780464 ], [ 77.4797068, 12.8779729 ], [ 77.479561, 12.8778272 ], [ 77.4795433, 12.8778095 ], [ 77.4795211, 12.8778095 ], [ 77.4794114, 12.87781 ], [ 77.4791372, 12.8778525 ], [ 77.4786308, 12.8779309 ], [ 77.4785503, 12.8779434 ], [ 77.47838560000001, 12.8779689 ], [ 77.478140100000019, 12.8780069 ], [ 77.478137700000019, 12.8780073 ], [ 77.478037829390004, 12.878022770400671 ], [ 77.478054484282154, 12.879716698328425 ] ] ] } },
{ "type": "Feature", "properties": { "grid_id": "BLR_00014", "centroid_lat": 12.881025308786636, "centroid_lon": 77.476806128900037 }, "geometry": { "type": "Polygon", "coordinates": [ [ [ 77.478054484282154, 12.879716698328425 ], [ 77.47498169094311, 12.879745762244257 ], [ 77.474958200000017, 12.879779 ], [ 77.474958200000017, 12.8797791 ], [ 77.4748241, 12.8800484 ], [ 77.4748653, 12.8804165 ], [ 77.4748653, 12.8804166 ], [ 77.4748654, 12.8804166 ], [ 77.4749431, 12.8806773 ], [ 77.4751576, 12.88095 ], [ 77.4756498, 12.8813106 ], [ 77.4758636, 12.8814648 ], [ 77.4760682, 12.8816123 ], [ 77.4761828, 12.8816824 ], [ 77.4765267, 12.882001 ], [ 77.4769344, 12.8823687 ], [ 77.4773548, 12.8827476 ], [ 77.4775467, 12.8830055 ], [ 77.4776953, 12.8831508 ], [ 77.4777633, 12.8832173 ], [ 77.477944800000017, 12.8833948 ], [ 77.478092436789893, 12.883575850286057 ], [ 77.478054484282154, 12.879716698328425 ] ] ] } },
{ "type": "Feature", "properties": { "grid_id": "BLR_00015", "centroid_lat": 12.888683157742911, "centroid_lon": 77.468357771267009 }, "geometry": { "type": "Polygon", "coordinates": [ [ [ 77.46851978230174, 12.88884195368739 ], [ 77.4684719, 12.8886575 ], [ 77.4684841, 12.888408 ], [ 77.4684886, 12.8883158 ], [ 77.4684877, 12.8883175 ], [ 77.468484, 12.8883236 ], [ 77.4684821, 12.8883268 ], [ 77.4684516, 12.8883778 ], [ 77.4684506, 12.8883794 ], [ 77.4684083, 12.8884499 ], [ 77.4683989, 12.8884657 ], [ 77.4683761, 12.8885037 ], [ 77.4683753, 12.8885052 ], [ 77.4682349, 12.8886743 ], [ 77.4681847, 12.8887347 ], [ 77.468171, 12.8887512 ], [ 77.468092287751475, 12.888845986360332 ], [ 77.46851978230174, 12.88884195368739 ] ] ] } },
{ "type": "Feature", "properties": { "grid_id": "BLR_00016", "centroid_lat": 12.883615394563384, "centroid_lon": 77.483203887801253 }, "geometry": { "type": "Polygon", "coordinates": [ [ [ 77.487352129235134, 12.888663610213461 ], [ 77.487262933488125, 12.879629384640737 ], [ 77.478054484282154, 12.879716698328425 ], [ 77.478092436789893, 12.883575850286057 ], [ 77.4782647, 12.8837871 ], [ 77.4785073, 12.8841066 ], [ 77.478711, 12.8842775 ], [ 77.4787661, 12.8843272 ], [ 77.4788448, 12.8843981 ], [ 77.4789021, 12.8844496 ], [ 77.4789797, 12.8846217 ], [ 77.4790183, 12.8846834 ], [ 77.4790063, 12.8847445 ], [ 77.479007, 12.8848191 ], [ 77.4789581, 12.8849923 ], [ 77.4788845, 12.8852404 ], [ 77.4788978, 12.8853024 ], [ 77.478900400000015, 12.8855621 ], [ 77.4788757, 12.8856244 ], [ 77.4788756, 12.8856244 ], [ 77.478839, 12.8856993 ], [ 77.4788372, 12.8857023 ], [ 77.478835300000014, 12.8857053 ], [ 77.4788185, 12.885733 ], [ 77.4788016, 12.8857606 ], [ 77.4788016, 12.8857607 ], [ 77.4787515, 12.8858233 ], [ 77.4787396, 12.8858979 ], [ 77.4787278, 12.885985 ], [ 77.4787412, 12.8860583 ], [ 77.4787671, 12.8861201 ], [ 77.4788563, 12.886169 ], [ 77.4789447, 12.8862054 ], [ 77.4791089, 12.8862287 ], [ 77.479109, 12.8862287 ], [ 77.4791297, 12.8862285 ], [ 77.4793363, 12.8862266 ], [ 77.4794998, 12.8861753 ], [ 77.4797764, 12.8860857 ], [ 77.4801411, 12.8859468 ], [ 77.480570500000013, 12.8859427 ], [ 77.4806966, 12.8859539 ], [ 77.4807599, 12.8859533 ], [ 77.4809241, 12.8859642 ], [ 77.481126, 12.8859498 ], [ 77.4814536, 12.885897 ], [ 77.4818134, 12.8858451 ], [ 77.4819651, 12.8858188 ], [ 77.4820778, 12.8857556 ], [ 77.4824945, 12.8857516 ], [ 77.4826334, 12.8857628 ], [ 77.4828499, 12.8859459 ], [ 77.4829267, 12.8860943 ], [ 77.4829667, 12.8862915 ], [ 77.4829677, 12.8864022 ], [ 77.4828667, 12.8866584 ], [ 77.482707, 12.8871049 ], [ 77.4825094, 12.8875518 ], [ 77.4824563, 12.8877794 ], [ 77.4823763, 12.8881222 ], [ 77.482256956969678, 12.888711995497252 ], [ 77.487352129235134, 12.888663610213461 ] ] ] } },
{ "type": "Feature", "properties": { "grid_id": "BLR_00017", "centroid_lat": 12.895765698101432, "centroid_lon": 77.473149720037014 }, "geometry": { "type": "MultiPolygon", "coordinates": [ [ [ [ 77.478232284612474, 12.897785269208027 ], [ 77.478182946139583, 12.892774112352118 ], [ 77.4781799, 12.8927767 ], [ 77.4781308, 12.8928144 ], [ 77.4780977, 12.8928441 ], [ 77.4780128, 12.8928788 ], [ 77.4778324, 12.8930239 ], [ 77.4777948, 12.8930628 ], [ 77.4777172, 12.8932063 ], [ 77.4775888, 12.8933721 ], [ 77.4775045, 12.8934482 ], [ 77.4774353, 12.8935092 ], [ 77.4774015, 12.893557 ], [ 77.4772952, 12.8937002 ], [ 77.4772144, 12.8938397 ], [ 77.4771605, 12.8939207 ], [ 77.4770839, 12.8940199 ], [ 77.477048, 12.8940874 ], [ 77.4770167, 12.8941548 ], [ 77.4769944, 12.8942087 ], [ 77.4769493, 12.8942629 ], [ 77.4768634, 12.8943442 ], [ 77.4767912, 12.8944255 ], [ 77.476738, 12.8944698 ], [ 77.4767369, 12.8944707 ], [ 77.4766413, 12.894503 ], [ 77.4765726, 12.8944723 ], [ 77.4764217, 12.8944424 ], [ 77.4762197, 12.894319 ], [ 77.4761461, 12.894266 ], [ 77.4760224, 12.8942179 ], [ 77.4758625, 12.8941971 ], [ 77.4757394, 12.8942072 ], [ 77.475662, 12.8942348 ], [ 77.4755849, 12.8942758 ], [ 77.4755216, 12.8943435 ], [ 77.4754905, 12.8944244 ], [ 77.4754687, 12.894532 ], [ 77.4754559, 12.8946171 ], [ 77.4754559, 12.8946172 ], [ 77.4754657, 12.8946887 ], [ 77.4754873, 12.8947663 ], [ 77.4755458, 12.894777 ], [ 77.4755546, 12.8947603 ], [ 77.4757268, 12.8952409 ], [ 77.4762407, 12.8956568 ], [ 77.4770938, 12.8963472 ], [ 77.4772684, 12.8964143 ], [ 77.4772251, 12.8964476 ], [ 77.4770674, 12.8965688 ], [ 77.476961, 12.8966505 ], [ 77.4754139, 12.8975578 ], [ 77.47501151299835, 12.897815773836635 ], [ 77.478232284612474, 12.897785269208027 ] ] ], [ [ [ 77.46902310871333, 12.897872385910496 ], [ 77.473057817506543, 12.897834258389512 ], [ 77.4725586, 12.8970564 ], [ 77.4725136, 12.8969964 ], [ 77.4719671, 12.8962722 ], [ 77.4718992, 12.8961822 ], [ 77.4718368, 12.8960995 ], [ 77.4712602, 12.8953831 ], [ 77.4707563, 12.894757 ], [ 77.4703844, 12.8943305 ], [ 77.470275, 12.8941928 ], [ 77.4702399, 12.8941486 ], [ 77.4701154, 12.8939919 ], [ 77.4698973, 12.893479 ], [ 77.4698093, 12.8932837 ], [ 77.469421, 12.8924552 ], [ 77.4694074, 12.8923903 ], [ 77.469363, 12.8921781 ], [ 77.4692317, 12.8916466 ], [ 77.4691697, 12.891398 ], [ 77.4690329, 12.8908535 ], [ 77.4690217, 12.8908089 ], [ 77.468951069799019, 12.890527619029097 ], [ 77.46902310871333, 12.897872385910496 ] ] ] ] } },
{ "type": "Feature", "properties": { "grid_id": "BLR_00018", "centroid_lat": 12.89461645203804, "centroid_lon": 77.466291348518595 }, "geometry": { "type": "Polygon", "coordinates": [ [ [ 77.46902310871333, 12.897872385910496 ], [ 77.468951069799019, 12.890527619029097 ], [ 77.4687651, 12.889787 ], [ 77.4687435, 12.8897045 ], [ 77.4685984, 12.8891452 ], [ 77.4685707, 12.8890381 ], [ 77.46851978230174, 12.88884195368739 ], [ 77.468092287751475, 12.888845986360332 ], [ 77.4680001, 12.888957 ], [ 77.4679415, 12.8890277 ], [ 77.4678216, 12.8891721 ], [ 77.4677606, 12.889246 ], [ 77.4676911, 12.88933 ], [ 77.467529, 12.8895263 ], [ 77.4674031, 12.8896788 ], [ 77.467275, 12.8898339 ], [ 77.4671444, 12.889992 ], [ 77.4669845, 12.8901856 ], [ 77.4669069, 12.8902795 ], [ 77.466874, 12.8903193 ], [ 77.4668652, 12.89033 ], [ 77.4668521, 12.8903459 ], [ 77.4668403, 12.8903602 ], [ 77.4668379, 12.8903631 ], [ 77.4668377, 12.8903634 ], [ 77.46678, 12.8904331 ], [ 77.4667158, 12.8905111 ], [ 77.4665786, 12.890694 ], [ 77.4665278, 12.8907642 ], [ 77.465749, 12.8917702 ], [ 77.4657055, 12.8918231 ], [ 77.4649317, 12.8928757 ], [ 77.4642352, 12.893807 ], [ 77.4641208, 12.8939595 ], [ 77.4640738, 12.894022 ], [ 77.4637394, 12.8944674 ], [ 77.4637032, 12.8945156 ], [ 77.4635792, 12.8946807 ], [ 77.4631974, 12.8951802 ], [ 77.4629124, 12.8955505 ], [ 77.4624554, 12.8961482 ], [ 77.4624323, 12.8961783 ], [ 77.462259, 12.896405 ], [ 77.462252, 12.8964141 ], [ 77.4616701, 12.8971594 ], [ 77.4615498, 12.8973482 ], [ 77.4614954, 12.8974334 ], [ 77.461481, 12.897456 ], [ 77.4614791, 12.897459 ], [ 77.461398800000012, 12.8975804 ], [ 77.4612145, 12.897865 ], [ 77.461178388748905, 12.897946339468755 ], [ 77.46902310871333, 12.897872385910496 ] ] ] } },
{ "type": "Feature", "properties": { "grid_id": "BLR_00019", "centroid_lat": 12.865681555506807, "centroid_lon": 77.528564223901242 }, "geometry": { "type": "Polygon", "coordinates": [ [ [ 77.523915229243443, 12.861208938551581 ], [ 77.524005604730519, 12.870242922345284 ], [ 77.533213382978573, 12.870154057864532 ], [ 77.533122678652447, 12.861120138512266 ], [ 77.523915229243443, 12.861208938551581 ] ] ] } },
{ "type": "Feature", "properties": { "grid_id": "BLR_00020", "centroid_lat": 12.865585026589885, "centroid_lon": 77.521247641502939 }, "geometry": { "type": "MultiPolygon", "coordinates": [ [ [ [ 77.524005604730519, 12.870242922345284 ], [ 77.523915229243443, 12.861208938551581 ], [ 77.518505712000689, 12.861260959200985 ], [ 77.5187431, 12.8614921 ], [ 77.5189089, 12.8616536 ], [ 77.5190067, 12.8617243 ], [ 77.5194482, 12.8620432 ], [ 77.519542, 12.8621499 ], [ 77.5195715, 12.8623055 ], [ 77.5195915, 12.8624892 ], [ 77.5197283, 12.8637341 ], [ 77.519753800000018, 12.8639648 ], [ 77.5202205, 12.8663431 ], [ 77.5215993, 12.8684971 ], [ 77.521772, 12.8687669 ], [ 77.5217775, 12.8687755 ], [ 77.5226191, 12.8700903 ], [ 77.522724690175906, 12.870255258853451 ], [ 77.524005604730519, 12.870242922345284 ] ] ], [ [ [ 77.514797757619519, 12.870331464034656 ], [ 77.517976097489708, 12.870300938008352 ], [ 77.5172899, 12.8695981 ], [ 77.5170238, 12.8693397 ], [ 77.5168499, 12.8691709 ], [ 77.51619, 12.8685648 ], [ 77.5156584, 12.8680392 ], [ 77.5156231, 12.8680046 ], [ 77.5154926, 12.8678767 ], [ 77.5154419, 12.8678777 ], [ 77.51477372740392, 12.867921274721562 ], [ 77.514797757619519, 12.870331464034656 ] ] ] ] } },
{ "type": "Feature", "properties": { "grid_id": "BLR_00021", "centroid_lat": 12.874715503689288, "centroid_lon": 77.528654798301943 }, "geometry": { "type": "Polygon", "coordinates": [ [ [ 77.524005604730519, 12.870242922345284 ], [ 77.524096049080569, 12.879276899300544 ], [ 77.533304156418112, 12.879187970373922 ], [ 77.533213382978573, 12.870154057864532 ], [ 77.524005604730519, 12.870242922345284 ] ] ] } },
{ "type": "Feature", "properties": { "grid_id": "BLR_00022", "centroid_lat": 12.875076260903656, "centroid_lon": 77.519375286547628 }, "geometry": { "type": "Polygon", "coordinates": [ [ [ 77.514797757619519, 12.870331464034656 ], [ 77.514887872868258, 12.879365505201733 ], [ 77.524096049080569, 12.879276899300544 ], [ 77.524005604730519, 12.870242922345284 ], [ 77.522724690175906, 12.870255258853451 ], [ 77.5228978, 12.8705257 ], [ 77.522919, 12.8705588 ], [ 77.5230865, 12.8705789 ], [ 77.521557, 12.8714126 ], [ 77.5202143, 12.8721444 ], [ 77.5202052, 12.8721493 ], [ 77.5201669, 12.8721314 ], [ 77.5194367, 12.8717899 ], [ 77.5185767, 12.8709161 ], [ 77.517976097489708, 12.870300938008352 ], [ 77.514797757619519, 12.870331464034656 ] ] ] } },
{ "type": "Feature", "properties": { "grid_id": "BLR_00023", "centroid_lat": 12.874626445536171, "centroid_lon": 77.53786270653508 }, "geometry": { "type": "Polygon", "coordinates": [ [ [ 77.533213382978573, 12.870154057864532 ], [ 77.533304156418112, 12.879187970373922 ], [ 77.542512194630405, 12.879098718433127 ], [ 77.542421092113187, 12.870064870603647 ], [ 77.533213382978573, 12.870154057864532 ] ] ] } },
{ "type": "Feature", "properties": { "grid_id": "BLR_00024", "centroid_lat": 12.883749445028831, "centroid_lon": 77.528745441696742 }, "geometry": { "type": "Polygon", "coordinates": [ [ [ 77.524096049080569, 12.879276899300544 ], [ 77.52418656230536, 12.888310869412802 ], [ 77.533394998982928, 12.88822187603588 ], [ 77.533304156418112, 12.879187970373922 ], [ 77.524096049080569, 12.879276899300544 ] ] ] } },
{ "type": "Feature", "properties": { "grid_id": "BLR_00025", "centroid_lat": 12.883838244610223, "centroid_lon": 77.519537135248854 }, "geometry": { "type": "Polygon", "coordinates": [ [ [ 77.514887872868258, 12.879365505201733 ], [ 77.514978056741228, 12.888399539530228 ], [ 77.52418656230536, 12.888310869412802 ], [ 77.524096049080569, 12.879276899300544 ], [ 77.514887872868258, 12.879365505201733 ] ] ] } },
{ "type": "Feature", "properties": { "grid_id": "BLR_00026", "centroid_lat": 12.883660322310602, "centroid_lon": 77.53795367913871 }, "geometry": { "type": "Polygon", "coordinates": [ [ [ 77.533304156418112, 12.879187970373922 ], [ 77.533394998982928, 12.88822187603588 ], [ 77.542603366523366, 12.88813255941073 ], [ 77.542512194630405, 12.879098718433127 ], [ 77.533304156418112, 12.879187970373922 ] ] ] } },
{ "type": "Feature", "properties": { "grid_id": "BLR_00027", "centroid_lat": 12.892783379520877, "centroid_lon": 77.528836154097476 }, "geometry": { "type": "Polygon", "coordinates": [ [ [ 77.52418656230536, 12.888310869412802 ], [ 77.524277144416729, 12.897344832677506 ], [ 77.53348591068486, 12.897255774845847 ], [ 77.533394998982928, 12.88822187603588 ], [ 77.52418656230536, 12.888310869412802 ] ] ] } },
{ "type": "Feature", "properties": { "grid_id": "BLR_00028", "centroid_lat": 12.892872243437756, "centroid_lon": 77.519627518178368 }, "geometry": { "type": "Polygon", "coordinates": [ [ [ 77.514978056741228, 12.888399539530228 ], [ 77.515068309250196, 12.897433567015586 ], [ 77.524277144416729, 12.897344832677506 ], [ 77.52418656230536, 12.888310869412802 ], [ 77.514978056741228, 12.888399539530228 ] ] ] } },
{ "type": "Feature", "properties": { "grid_id": "BLR_00029", "centroid_lat": 12.876978827559523, "centroid_lon": 77.500185583746386 }, "geometry": { "type": "Polygon", "coordinates": [ [ [ 77.496471314821491, 12.879541747882985 ], [ 77.505679628031729, 12.879453788066273 ], [ 77.50564609907326, 12.876080975430902 ], [ 77.5054161, 12.8765897 ], [ 77.5047924, 12.8768822 ], [ 77.5045467, 12.8770092 ], [ 77.504001, 12.8767473 ], [ 77.5038056, 12.876664 ], [ 77.503578, 12.876567 ], [ 77.5031859, 12.8763999 ], [ 77.5026891, 12.8761881 ], [ 77.5025311, 12.8760733 ], [ 77.5025006, 12.8760512 ], [ 77.5024981, 12.8760494 ], [ 77.5022924, 12.8759071 ], [ 77.5019714, 12.8756851 ], [ 77.5012654, 12.8751968 ], [ 77.5011656, 12.8751278 ], [ 77.5008548, 12.8749128 ], [ 77.5004457, 12.8746139 ], [ 77.5004138, 12.8745935 ], [ 77.5003129, 12.8745288 ], [ 77.4996605, 12.8741109 ], [ 77.4981157, 12.873312 ], [ 77.4979134, 12.8732075 ], [ 77.49776, 12.8730637 ], [ 77.4974572, 12.8727799 ], [ 77.4972391, 12.8725755 ], [ 77.4971818, 12.8725218 ], [ 77.497026, 12.8723759 ], [ 77.4968977, 12.8724813 ], [ 77.4968897, 12.8724879 ], [ 77.4968844, 12.8724923 ], [ 77.4968837, 12.8724929 ], [ 77.4966331, 12.8726987 ], [ 77.4966305, 12.8727009 ], [ 77.496405385863625, 12.872884319655602 ], [ 77.496471314821491, 12.879541747882985 ] ] ] } },
{ "type": "Feature", "properties": { "grid_id": "BLR_00030", "centroid_lat": 12.875736642958485, "centroid_lon": 77.491741811104006 }, "geometry": { "type": "Polygon", "coordinates": [ [ [ 77.487262933488125, 12.879629384640737 ], [ 77.496471314821491, 12.879541747882985 ], [ 77.496405385863625, 12.872884319655602 ], [ 77.4963816, 12.8729037 ], [ 77.4962924, 12.8729417 ], [ 77.4962732, 12.8729499 ], [ 77.4962369, 12.8729501 ], [ 77.4962201, 12.8729502 ], [ 77.4961602, 12.8729505 ], [ 77.4961177, 12.8729507 ], [ 77.4958288, 12.8729523 ], [ 77.4957347, 12.8729528 ], [ 77.4955901, 12.8729536 ], [ 77.4951738, 12.8729559 ], [ 77.4950922, 12.8729563 ], [ 77.4949781, 12.8725807 ], [ 77.4949429, 12.8724648 ], [ 77.494779, 12.8719257 ], [ 77.4947409, 12.8718002 ], [ 77.494554, 12.8717221 ], [ 77.4929425, 12.8719031 ], [ 77.4928615, 12.8719122 ], [ 77.492754, 12.8720826 ], [ 77.492712, 12.8722643 ], [ 77.4927103, 12.8722718 ], [ 77.4925224, 12.8721949 ], [ 77.492375400000014, 12.871922 ], [ 77.4922082, 12.8716115 ], [ 77.4919697, 12.8711686 ], [ 77.4918821, 12.8710059 ], [ 77.4918039, 12.8708606 ], [ 77.4918034, 12.8708609 ], [ 77.491781, 12.8708198 ], [ 77.4906932, 12.87132 ], [ 77.4906098, 12.8713652 ], [ 77.4905632, 12.8713904 ], [ 77.490358, 12.8715015 ], [ 77.4901456, 12.8716017 ], [ 77.4900625, 12.8716406 ], [ 77.4896523, 12.871829 ], [ 77.4893021, 12.8719889 ], [ 77.489049, 12.8721044 ], [ 77.4888481, 12.8721962 ], [ 77.4883638, 12.8724031 ], [ 77.4884215, 12.8719825 ], [ 77.4883373, 12.8719787 ], [ 77.487846, 12.8719537 ], [ 77.4876682, 12.8719446 ], [ 77.4874712, 12.8719337 ], [ 77.4873575, 12.8718927 ], [ 77.4872736, 12.8718624 ], [ 77.487185961092507, 12.871827668710431 ], [ 77.487262933488125, 12.879629384640737 ] ] ] } },
{ "type": "Feature", "properties": { "grid_id": "BLR_00031", "centroid_lat": 12.875204478079882, "centroid_lon": 77.510642007281959 }, "geometry": { "type": "Polygon", "coordinates": [ [ [ 77.505679628031729, 12.879453788066273 ], [ 77.514887872868258, 12.879365505201733 ], [ 77.514797757619519, 12.870331464034656 ], [ 77.508975359895544, 12.87038728466649 ], [ 77.5087875, 12.8706428 ], [ 77.5083667, 12.8712149 ], [ 77.5083566, 12.8712296 ], [ 77.5083227, 12.8712791 ], [ 77.5080412, 12.8716892 ], [ 77.507924, 12.8718598 ], [ 77.5075965, 12.8723705 ], [ 77.5071181, 12.8731164 ], [ 77.5070594, 12.8732079 ], [ 77.5066747, 12.8738077 ], [ 77.5062639, 12.8745623 ], [ 77.5057816, 12.8756037 ], [ 77.5057248, 12.8759069 ], [ 77.50564609907326, 12.876080975430902 ], [ 77.505679628031729, 12.879453788066273 ] ] ] } },
{ "type": "Feature", "properties": { "grid_id": "BLR_00032", "centroid_lat": 12.884014874317568, "centroid_lon": 77.501120316337463 }, "geometry": { "type": "Polygon", "coordinates": [ [ [ 77.496471314821491, 12.879541747882985 ], [ 77.496560839955535, 12.888575909941725 ], [ 77.505769482541083, 12.888487886376931 ], [ 77.505679628031729, 12.879453788066273 ], [ 77.496471314821491, 12.879541747882985 ] ] ] } },
{ "type": "Feature", "properties": { "grid_id": "BLR_00033", "centroid_lat": 12.884102704421162, "centroid_lon": 77.491911804375079 }, "geometry": { "type": "Polygon", "coordinates": [ [ [ 77.487262933488125, 12.879629384640737 ], [ 77.487352129235134, 12.888663610213461 ], [ 77.496560839955535, 12.888575909941725 ], [ 77.496471314821491, 12.879541747882985 ], [ 77.487262933488125, 12.879629384640737 ] ] ] } },
{ "type": "Feature", "properties": { "grid_id": "BLR_00034", "centroid_lat": 12.883926721043537, "centroid_lon": 77.510328760045581 }, "geometry": { "type": "Polygon", "coordinates": [ [ [ 77.505679628031729, 12.879453788066273 ], [ 77.505769482541083, 12.888487886376931 ], [ 77.514978056741228, 12.888399539530228 ], [ 77.514887872868258, 12.879365505201733 ], [ 77.505679628031729, 12.879453788066273 ] ] ] } },
{ "type": "Feature", "properties": { "grid_id": "BLR_00035", "centroid_lat": 12.893049001113825, "centroid_lon": 77.501210040289223 }, "geometry": { "type": "Polygon", "coordinates": [ [ [ 77.496560839955535, 12.888575909941725 ], [ 77.496650433224389, 12.897610065166113 ], [ 77.505859405435885, 12.897521977848854 ], [ 77.505769482541083, 12.888487886376931 ], [ 77.496560839955535, 12.888575909941725 ] ] ] } },
{ "type": "Feature", "properties": { "grid_id": "BLR_00036", "centroid_lat": 12.89313689485064, "centroid_lon": 77.492001198820361 }, "geometry": { "type": "Polygon", "coordinates": [ [ [ 77.487352129235134, 12.888663610213461 ], [ 77.487441392866387, 12.897697828956208 ], [ 77.496650433224389, 12.897610065166113 ], [ 77.496560839955535, 12.888575909941725 ], [ 77.487352129235134, 12.888663610213461 ] ] ] } },
{ "type": "Feature", "properties": { "grid_id": "BLR_00037", "centroid_lat": 12.8935296369875, "centroid_lon": 77.483096630629603 }, "geometry": { "type": "Polygon", "coordinates": [ [ [ 77.478232284612474, 12.897785269208027 ], [ 77.487441392866387, 12.897697828956208 ], [ 77.487352129235134, 12.888663610213461 ], [ 77.482256956969678, 12.888711995497252 ], [ 77.4822435, 12.8887785 ], [ 77.4822319, 12.8888044 ], [ 77.4822318, 12.8888044 ], [ 77.4820092, 12.8893002 ], [ 77.4818419, 12.8895559 ], [ 77.4817292, 12.8896315 ], [ 77.4815917, 12.889756 ], [ 77.4814042, 12.8899429 ], [ 77.4813417, 12.8900305 ], [ 77.4812542, 12.890081 ], [ 77.481128, 12.8901319 ], [ 77.4810528, 12.8901451 ], [ 77.4810009, 12.8901455 ], [ 77.4807874, 12.8901476 ], [ 77.4806991, 12.8901236 ], [ 77.4805599, 12.8900752 ], [ 77.4804708, 12.8900263 ], [ 77.4803443, 12.8899778 ], [ 77.4802168, 12.8898932 ], [ 77.4799887, 12.8897587 ], [ 77.4796848, 12.8896995 ], [ 77.4795461, 12.8897008 ], [ 77.4794201, 12.8897144 ], [ 77.479307500000019, 12.88979 ], [ 77.4792716, 12.8900004 ], [ 77.4792616, 12.8902727 ], [ 77.4792656, 12.8906815 ], [ 77.4792171, 12.8912478 ], [ 77.4792175, 12.891293 ], [ 77.4792123, 12.8914658 ], [ 77.4792039, 12.8917211 ], [ 77.4792025, 12.8917573 ], [ 77.4792047, 12.891807 ], [ 77.4792052, 12.8918578 ], [ 77.4791988, 12.8919075 ], [ 77.4791815, 12.8919574 ], [ 77.4790911, 12.8921378 ], [ 77.4790702, 12.8921719 ], [ 77.4790422, 12.8921981 ], [ 77.4790057, 12.8922267 ], [ 77.4789427, 12.8922601 ], [ 77.4788952, 12.8922876 ], [ 77.4788477, 12.8923174 ], [ 77.478806, 12.8923472 ], [ 77.4787746, 12.8923757 ], [ 77.4787375, 12.8924032 ], [ 77.4787044, 12.8924329 ], [ 77.4786713, 12.8924614 ], [ 77.4786154, 12.8925173 ], [ 77.4785581, 12.8925427 ], [ 77.4785232, 12.8925656 ], [ 77.4784808, 12.8925886 ], [ 77.4784304, 12.892615 ], [ 77.4783916, 12.8926425 ], [ 77.4783549, 12.8926643 ], [ 77.4783142, 12.8926783 ], [ 77.4782741, 12.8927012 ], [ 77.4782284, 12.8927355 ], [ 77.478182946139583, 12.892774112352118 ], [ 77.478232284612474, 12.897785269208027 ] ] ] } },
{ "type": "Feature", "properties": { "grid_id": "BLR_00038", "centroid_lat": 12.902380204545103, "centroid_lon": 77.473670391880319 }, "geometry": { "type": "Polygon", "coordinates": [ [ [ 77.46902310871333, 12.897872385910496 ], [ 77.469111780429017, 12.9069067241618 ], [ 77.478321286239705, 12.906819544404868 ], [ 77.478232284612474, 12.897785269208027 ], [ 77.47501151299835, 12.897815773836635 ], [ 77.474887, 12.8978956 ], [ 77.4745162, 12.8980939 ], [ 77.473440400000015, 12.8984304 ], [ 77.4734193, 12.8983975 ], [ 77.473057817506543, 12.897834258389512 ], [ 77.46902310871333, 12.897872385910496 ] ] ] } },
{ "type": "Feature", "properties": { "grid_id": "BLR_00039", "centroid_lat": 12.902336977586602, "centroid_lon": 77.464624765484743 }, "geometry": { "type": "Polygon", "coordinates": [ [ [ 77.469111780429017, 12.9069067241618 ], [ 77.46902310871333, 12.897872385910496 ], [ 77.461178388748905, 12.897946339468755 ], [ 77.4611436, 12.8980247 ], [ 77.4610724, 12.8981833 ], [ 77.4609927, 12.8983592 ], [ 77.4609771, 12.8983934 ], [ 77.4609653, 12.8984193 ], [ 77.4609229, 12.8984075 ], [ 77.4602902, 12.8982306 ], [ 77.4602242, 12.898212 ], [ 77.4602219, 12.8982433 ], [ 77.4602042, 12.8984853 ], [ 77.4602023, 12.8985121 ], [ 77.4601882, 12.8987053 ], [ 77.4601504, 12.8992237 ], [ 77.4601108, 12.8997675 ], [ 77.4601469, 12.8999522 ], [ 77.4601855, 12.90015 ], [ 77.4601764, 12.9002359 ], [ 77.4600798, 12.901142 ], [ 77.4600182, 12.9017206 ], [ 77.460003, 12.9023288 ], [ 77.460003, 12.9023563 ], [ 77.460003, 12.9023778 ], [ 77.4600032, 12.902658 ], [ 77.4600033, 12.9028006 ], [ 77.4600032, 12.9029303 ], [ 77.4599846, 12.9032152 ], [ 77.4599826, 12.9032453 ], [ 77.4599814, 12.9032618 ], [ 77.4598797, 12.9046925 ], [ 77.4598837, 12.9047653 ], [ 77.4599258, 12.9051628 ], [ 77.4599495, 12.9053869 ], [ 77.4599975, 12.9058408 ], [ 77.4600528, 12.9063634 ], [ 77.4600759, 12.9065952 ], [ 77.4600793, 12.9066307 ], [ 77.4603168, 12.9066111 ], [ 77.4607902, 12.9065784 ], [ 77.4610835, 12.9065505 ], [ 77.4622257, 12.9064418 ], [ 77.4623717, 12.9064458 ], [ 77.4628046, 12.9064578 ], [ 77.4637182, 12.9064831 ], [ 77.4650805, 12.906587 ], [ 77.4666715, 12.9068778 ], [ 77.466671971043866, 12.90692976572042 ], [ 77.469111780429017, 12.9069067241618 ] ] ] } },
{ "type": "Feature", "properties": { "grid_id": "BLR_00040", "centroid_lat": 12.902258712170324, "centroid_lon": 77.482881422028029 }, "geometry": { "type": "Polygon", "coordinates": [ [ [ 77.478232284612474, 12.897785269208027 ], [ 77.478321286239705, 12.906819544404868 ], [ 77.487530724393537, 12.906732040864444 ], [ 77.487441392866387, 12.897697828956208 ], [ 77.478232284612474, 12.897785269208027 ] ] ] } },
{ "type": "Feature", "properties": { "grid_id": "BLR_00041", "centroid_lat": 12.91131909970513, "centroid_lon": 77.473827958681738 }, "geometry": { "type": "Polygon", "coordinates": [ [ [ 77.478410355523806, 12.915853812767017 ], [ 77.478321286239705, 12.906819544404868 ], [ 77.469111780429017, 12.9069067241618 ], [ 77.469179836006745, 12.913835924140507 ], [ 77.4693216, 12.9140389 ], [ 77.4693738, 12.9141206 ], [ 77.4694136, 12.914183 ], [ 77.4694624, 12.9142591 ], [ 77.4696623, 12.9145719 ], [ 77.4697585, 12.9147226 ], [ 77.4698596, 12.914881 ], [ 77.4700202, 12.9151076 ], [ 77.4700802, 12.9151921 ], [ 77.4701022, 12.9152955 ], [ 77.4701326, 12.9154385 ], [ 77.4701805, 12.9156645 ], [ 77.470248470882865, 12.915931144932188 ], [ 77.478410355523806, 12.915853812767017 ] ] ] } },
{ "type": "Feature", "properties": { "grid_id": "BLR_00042", "centroid_lat": 12.90957193144077, "centroid_lon": 77.468003912205162 }, "geometry": { "type": "Polygon", "coordinates": [ [ [ 77.469111780429017, 12.9069067241618 ], [ 77.466671971043866, 12.90692976572042 ], [ 77.4666759, 12.9073632 ], [ 77.4666235, 12.9079465 ], [ 77.4666105, 12.9081426 ], [ 77.466596400000014, 12.9083567 ], [ 77.4665666, 12.9089066 ], [ 77.4664994, 12.9101466 ], [ 77.4672144, 12.9112579 ], [ 77.4681893, 12.9122923 ], [ 77.468698500000016, 12.9130261 ], [ 77.4689677, 12.9134143 ], [ 77.469175, 12.913829 ], [ 77.469179836006745, 12.913835924140507 ], [ 77.469111780429017, 12.9069067241618 ] ] ] } },
{ "type": "Feature", "properties": { "grid_id": "BLR_00043", "centroid_lat": 12.911292952334261, "centroid_lon": 77.482970622496325 }, "geometry": { "type": "Polygon", "coordinates": [ [ [ 77.478321286239705, 12.906819544404868 ], [ 77.478410355523806, 12.915853812767017 ], [ 77.487620123828236, 12.915766245933629 ], [ 77.487530724393537, 12.906732040864444 ], [ 77.478321286239705, 12.906819544404868 ] ] ] } },
{ "type": "Feature", "properties": { "grid_id": "BLR_00044", "centroid_lat": 12.920113323917169, "centroid_lon": 77.474954679354411 }, "geometry": { "type": "Polygon", "coordinates": [ [ [ 77.478499492476388, 12.924888074289937 ], [ 77.478410355523806, 12.915853812767017 ], [ 77.470248470882865, 12.915931144932188 ], [ 77.4704166, 12.9165907 ], [ 77.4704603, 12.9167646 ], [ 77.4706285, 12.9174333 ], [ 77.4706976, 12.9176988 ], [ 77.4708726, 12.9183713 ], [ 77.4709066, 12.9185022 ], [ 77.4709586, 12.9186639 ], [ 77.4711163, 12.9191545 ], [ 77.4715495, 12.920502 ], [ 77.4717634, 12.9211675 ], [ 77.4718333, 12.9213998 ], [ 77.4720655, 12.9221717 ], [ 77.4721264, 12.9223744 ], [ 77.4721537, 12.9224519 ], [ 77.4723282, 12.9229474 ], [ 77.4724558, 12.9233099 ], [ 77.4724852, 12.9233978 ], [ 77.4725915, 12.9236726 ], [ 77.4726756, 12.9240013 ], [ 77.4727445, 12.9242707 ], [ 77.472896972774379, 12.924941220930704 ], [ 77.478499492476388, 12.924888074289937 ] ] ] } },
{ "type": "Feature", "properties": { "grid_id": "BLR_00045", "centroid_lat": 12.92032718565906, "centroid_lon": 77.483059890752642 }, "geometry": { "type": "Polygon", "coordinates": [ [ [ 77.478410355523806, 12.915853812767017 ], [ 77.478499492476388, 12.924888074289937 ], [ 77.487709591182167, 12.924800444159221 ], [ 77.487620123828236, 12.915766245933629 ], [ 77.478410355523806, 12.915853812767017 ] ] ] } },
{ "type": "Feature", "properties": { "grid_id": "BLR_00046", "centroid_lat": 12.892694192233101, "centroid_lon": 77.538044720998798 }, "geometry": { "type": "Polygon", "coordinates": [ [ [ 77.533394998982928, 12.88822187603588 ], [ 77.53348591068486, 12.897255774845847 ], [ 77.542694607804009, 12.897166393531887 ], [ 77.542603366523366, 12.88813255941073 ], [ 77.533394998982928, 12.88822187603588 ] ] ] } },
{ "type": "Feature", "properties": { "grid_id": "BLR_00047", "centroid_lat": 12.901817307160885, "centroid_lon": 77.528926935515983 }, "geometry": { "type": "Polygon", "coordinates": [ [ [ 77.524277144416729, 12.897344832677506 ], [ 77.524367795426485, 12.906378789090098 ], [ 77.533576891535802, 12.906289666799267 ], [ 77.53348591068486, 12.897255774845847 ], [ 77.524277144416729, 12.897344832677506 ] ] ] } },
{ "type": "Feature", "properties": { "grid_id": "BLR_00048", "centroid_lat": 12.90190623541767, "centroid_lon": 77.519717969875089 }, "geometry": { "type": "Polygon", "coordinates": [ [ [ 77.515068309250196, 12.897433567015586 ], [ 77.515158630406944, 12.906467587653259 ], [ 77.524367795426485, 12.906378789090098 ], [ 77.524277144416729, 12.897344832677506 ], [ 77.515068309250196, 12.897433567015586 ] ] ] } },
{ "type": "Feature", "properties": { "grid_id": "BLR_00049", "centroid_lat": 12.901728055299106, "centroid_lon": 77.538135832127239 }, "geometry": { "type": "Polygon", "coordinates": [ [ [ 77.53348591068486, 12.897255774845847 ], [ 77.533576891535802, 12.906289666799267 ], [ 77.542785918484256, 12.906200220792043 ], [ 77.542694607804009, 12.897166393531887 ], [ 77.53348591068486, 12.897255774845847 ] ] ] } },
{ "type": "Feature", "properties": { "grid_id": "BLR_00050", "centroid_lat": 12.910851227944278, "centroid_lon": 77.529017785964101 }, "geometry": { "type": "Polygon", "coordinates": [ [ [ 77.524367795426485, 12.906378789090098 ], [ 77.524458515346481, 12.91541273864603 ], [ 77.533667941547606, 12.915323551891579 ], [ 77.533576891535802, 12.906289666799267 ], [ 77.524367795426485, 12.906378789090098 ] ] ] } },
{ "type": "Feature", "properties": { "grid_id": "BLR_00051", "centroid_lat": 12.910940220545408, "centroid_lon": 77.519808490350798 }, "geometry": { "type": "Polygon", "coordinates": [ [ [ 77.515158630406944, 12.906467587653259 ], [ 77.515249020223266, 12.915501601438693 ], [ 77.524458515346481, 12.91541273864603 ], [ 77.524367795426485, 12.906378789090098 ], [ 77.515158630406944, 12.906467587653259 ] ] ] } },
{ "type": "Feature", "properties": { "grid_id": "BLR_00052", "centroid_lat": 12.910761911504057, "centroid_lon": 77.538227012535913 }, "geometry": { "type": "Polygon", "coordinates": [ [ [ 77.533576891535802, 12.906289666799267 ], [ 77.533667941547606, 12.915323551891579 ], [ 77.542877298575988, 12.915234041186631 ], [ 77.542785918484256, 12.906200220792043 ], [ 77.533576891535802, 12.906289666799267 ] ] ] } },
{ "type": "Feature", "properties": { "grid_id": "BLR_00053", "centroid_lat": 12.919974198816423, "centroid_lon": 77.519899079617318 }, "geometry": { "type": "Polygon", "coordinates": [ [ [ 77.515249020223266, 12.915501601438693 ], [ 77.515339478710985, 12.924535608367339 ], [ 77.52454930418854, 12.92444668134074 ], [ 77.524458515346481, 12.91541273864603 ], [ 77.515249020223266, 12.915501601438693 ] ] ] } },
{ "type": "Feature", "properties": { "grid_id": "BLR_00054", "centroid_lat": 12.919885141866512, "centroid_lon": 77.529108705453709 }, "geometry": { "type": "Polygon", "coordinates": [ [ [ 77.524458515346481, 12.91541273864603 ], [ 77.52454930418854, 12.92444668134074 ], [ 77.533759060732166, 12.924357430118222 ], [ 77.533667941547606, 12.915323551891579 ], [ 77.524458515346481, 12.91541273864603 ] ] ] } },
{ "type": "Feature", "properties": { "grid_id": "BLR_00055", "centroid_lat": 12.919795760843391, "centroid_lon": 77.538318262236729 }, "geometry": { "type": "Polygon", "coordinates": [ [ [ 77.533667941547606, 12.915323551891579 ], [ 77.533759060732166, 12.924357430118222 ], [ 77.542968748091155, 12.92426785471109 ], [ 77.542877298575988, 12.915234041186631 ], [ 77.533667941547606, 12.915323551891579 ] ] ] } },
{ "type": "Feature", "properties": { "grid_id": "BLR_00056", "centroid_lat": 12.892960783972471, "centroid_lon": 77.510418813492095 }, "geometry": { "type": "Polygon", "coordinates": [ [ [ 77.505769482541083, 12.888487886376931 ], [ 77.505859405435885, 12.897521977848854 ], [ 77.515068309250196, 12.897433567015586 ], [ 77.514978056741228, 12.888399539530228 ], [ 77.505769482541083, 12.888487886376931 ] ] ] } },
{ "type": "Feature", "properties": { "grid_id": "BLR_00057", "centroid_lat": 12.902083121071273, "centroid_lon": 77.501299832506973 }, "geometry": { "type": "Polygon", "coordinates": [ [ [ 77.496650433224389, 12.897610065166113 ], [ 77.49674009463979, 12.906644213551616 ], [ 77.505949396727829, 12.906556062477497 ], [ 77.505859405435885, 12.897521977848854 ], [ 77.496650433224389, 12.897610065166113 ] ] ] } },
{ "type": "Feature", "properties": { "grid_id": "BLR_00058", "centroid_lat": 12.902171078445692, "centroid_lon": 77.492090661281026 }, "geometry": { "type": "Polygon", "coordinates": [ [ [ 77.487441392866387, 12.897697828956208 ], [ 77.487530724393537, 12.906732040864444 ], [ 77.49674009463979, 12.906644213551616 ], [ 77.496650433224389, 12.897610065166113 ], [ 77.487441392866387, 12.897697828956208 ] ] ] } },
{ "type": "Feature", "properties": { "grid_id": "BLR_00059", "centroid_lat": 12.901994840058206, "centroid_lon": 77.510508935455206 }, "geometry": { "type": "Polygon", "coordinates": [ [ [ 77.505859405435885, 12.897521977848854 ], [ 77.505949396727829, 12.906556062477497 ], [ 77.515158630406944, 12.906467587653259 ], [ 77.515068309250196, 12.897433567015586 ], [ 77.505859405435885, 12.897521977848854 ] ] ] } },
{ "type": "Feature", "properties": { "grid_id": "BLR_00060", "centroid_lat": 12.911117234185365, "centroid_lon": 77.501389693002437 }, "geometry": { "type": "Polygon", "coordinates": [ [ [ 77.49674009463979, 12.906644213551616 ], [ 77.496829824213435, 12.915678355093684 ], [ 77.506039456428695, 12.915590140258313 ], [ 77.505949396727829, 12.906556062477497 ], [ 77.49674009463979, 12.906644213551616 ] ] ] } },
{ "type": "Feature", "properties": { "grid_id": "BLR_00061", "centroid_lat": 12.911205255201775, "centroid_lon": 77.492180191768753 }, "geometry": { "type": "Polygon", "coordinates": [ [ [ 77.487530724393537, 12.906732040864444 ], [ 77.487620123828236, 12.915766245933629 ], [ 77.496829824213435, 12.915678355093684 ], [ 77.49674009463979, 12.906644213551616 ], [ 77.487530724393537, 12.906732040864444 ] ] ] } },
{ "type": "Feature", "properties": { "grid_id": "BLR_00062", "centroid_lat": 12.91102888929618, "centroid_lon": 77.510599125946683 }, "geometry": { "type": "Polygon", "coordinates": [ [ [ 77.505949396727829, 12.906556062477497 ], [ 77.506039456428695, 12.915590140258313 ], [ 77.515249020223266, 12.915501601438693 ], [ 77.515158630406944, 12.906467587653259 ], [ 77.505949396727829, 12.906556062477497 ] ] ] } },
{ "type": "Feature", "properties": { "grid_id": "BLR_00063", "centroid_lat": 12.920239425114346, "centroid_lon": 77.492269790295225 }, "geometry": { "type": "Polygon", "coordinates": [ [ [ 77.487620123828236, 12.915766245933629 ], [ 77.487709591182167, 12.924800444159221 ], [ 77.496919621957048, 12.924712489787781 ], [ 77.496829824213435, 12.915678355093684 ], [ 77.487620123828236, 12.915766245933629 ] ] ] } },
{ "type": "Feature", "properties": { "grid_id": "BLR_00064", "centroid_lat": 12.920151340451559, "centroid_lon": 77.501479621787354 }, "geometry": { "type": "Polygon", "coordinates": [ [ [ 77.496829824213435, 12.915678355093684 ], [ 77.496919621957048, 12.924712489787781 ], [ 77.506129584550237, 12.92462421118676 ], [ 77.506039456428695, 12.915590140258313 ], [ 77.496829824213435, 12.915678355093684 ] ] ] } },
{ "type": "Feature", "properties": { "grid_id": "BLR_00065", "centroid_lat": 12.92006293168185, "centroid_lon": 77.510689384978292 }, "geometry": { "type": "Polygon", "coordinates": [ [ [ 77.506039456428695, 12.915590140258313 ], [ 77.506129584550237, 12.92462421118676 ], [ 77.515339478710985, 12.924535608367339 ], [ 77.515249020223266, 12.915501601438693 ], [ 77.506039456428695, 12.915590140258313 ] ] ] } },
{ "type": "Feature", "properties": { "grid_id": "BLR_00066", "centroid_lat": 12.925739349890259, "centroid_lon": 77.475733015379902 }, "geometry": { "type": "Polygon", "coordinates": [ [ [ 77.478499492476388, 12.924888074289937 ], [ 77.472896972774379, 12.924941220930704 ], [ 77.4729057, 12.9249796 ], [ 77.4729148, 12.9250153 ], [ 77.4729991, 12.9253005 ], [ 77.4732038, 12.9259931 ], [ 77.4733848, 12.9266054 ], [ 77.4733884, 12.9266394 ], [ 77.4733887, 12.9266395 ], [ 77.4736332, 12.9266683 ], [ 77.4748222, 12.9266801 ], [ 77.4758874, 12.9266959 ], [ 77.4773969, 12.9264704 ], [ 77.4776757, 12.9264088 ], [ 77.4782345, 12.9262852 ], [ 77.478512540897768, 12.926209989836051 ], [ 77.478499492476388, 12.924888074289937 ] ] ] } },
{ "type": "Feature", "properties": { "grid_id": "BLR_00067", "centroid_lat": 12.928624385018013, "centroid_lon": 77.484424019977979 }, "geometry": { "type": "Polygon", "coordinates": [ [ [ 77.487799126467024, 12.93383463553668 ], [ 77.487709591182167, 12.924800444159221 ], [ 77.478499492476388, 12.924888074289937 ], [ 77.478512540897768, 12.926209989836051 ], [ 77.4795953, 12.9259171 ], [ 77.4796083, 12.9259376 ], [ 77.479652, 12.9260547 ], [ 77.4796179, 12.926127 ], [ 77.4796227, 12.9262179 ], [ 77.4797047, 12.9263119 ], [ 77.4797326, 12.9263988 ], [ 77.4797062, 12.9264597 ], [ 77.479552200000015, 12.9265104 ], [ 77.4794754, 12.9265642 ], [ 77.4793804, 12.9267243 ], [ 77.4792585, 12.9269036 ], [ 77.479109, 12.9270149 ], [ 77.4790863, 12.9270644 ], [ 77.4790949, 12.927159 ], [ 77.4791188, 12.927227 ], [ 77.4792009, 12.9273286 ], [ 77.47936, 12.9273991 ], [ 77.4795232, 12.9274885 ], [ 77.4796588, 12.9275327 ], [ 77.4798213, 12.9275463 ], [ 77.4799526, 12.9275488 ], [ 77.4800649, 12.9275705 ], [ 77.48017710000002, 12.9275808 ], [ 77.4802626, 12.9276406 ], [ 77.480871100000016, 12.927434 ], [ 77.4809867, 12.9274064 ], [ 77.4811794, 12.9277494 ], [ 77.4812312, 12.9279119 ], [ 77.4812437, 12.9280027 ], [ 77.4813449, 12.9280737 ], [ 77.4814613, 12.9281295 ], [ 77.4816454, 12.9283779 ], [ 77.4818312, 12.9288043 ], [ 77.4819173, 12.9289134 ], [ 77.4820374, 12.9289464 ], [ 77.4822229, 12.9289484 ], [ 77.4823156, 12.9289551 ], [ 77.4825197, 12.9292715 ], [ 77.4826017, 12.929515 ], [ 77.4826749, 12.9297324 ], [ 77.4828721, 12.9301398 ], [ 77.4829705, 12.9303208 ], [ 77.4831224, 12.9304444 ], [ 77.4832013, 12.9306028 ], [ 77.4832292, 12.9306897 ], [ 77.483204, 12.9308757 ], [ 77.4830823, 12.9310701 ], [ 77.4830214, 12.9311655 ], [ 77.4828948, 12.9312614 ], [ 77.4830309, 12.9313435 ], [ 77.4832242, 12.931353 ], [ 77.4833189, 12.9313439 ], [ 77.483345, 12.9313815 ], [ 77.4831344, 12.9323904 ], [ 77.4834592, 12.9328123 ], [ 77.4835086, 12.9331711 ], [ 77.4835635, 12.93357 ], [ 77.4835742, 12.9336477 ], [ 77.4835841, 12.9337192 ], [ 77.4836039, 12.9338628 ], [ 77.483605525890937, 12.93387460354935 ], [ 77.487799126467024, 12.93383463553668 ] ] ] } },
{ "type": "Feature", "properties": { "grid_id": "BLR_00068", "centroid_lat": 12.94071298835313, "centroid_lon": 77.476570869886288 }, "geometry": { "type": "Polygon", "coordinates": [ [ [ 77.478677969433633, 12.942956576799961 ], [ 77.478624358134411, 12.937532002845838 ], [ 77.478357, 12.9375623 ], [ 77.476965, 12.93802 ], [ 77.4762729, 12.9383094 ], [ 77.4764035, 12.9386287 ], [ 77.4754866, 12.9393523 ], [ 77.4754032, 12.9393794 ], [ 77.4752935, 12.9394679 ], [ 77.4747358, 12.9399146 ], [ 77.4740985, 12.9401416 ], [ 77.4739565, 12.9401884 ], [ 77.4738753, 12.9402151 ], [ 77.473738, 12.9402271 ], [ 77.473634500000017, 12.9402361 ], [ 77.4732516, 12.9403335 ], [ 77.4735947, 12.9409271 ], [ 77.4737047, 12.9411174 ], [ 77.4742576, 12.9421823 ], [ 77.4744856, 12.9428168 ], [ 77.4745401, 12.9429686 ], [ 77.474552387787625, 12.942995778322068 ], [ 77.478677969433633, 12.942956576799961 ] ] ] } },
{ "type": "Feature", "properties": { "grid_id": "BLR_00069", "centroid_lat": 12.939175787477552, "centroid_lon": 77.483797893067234 }, "geometry": { "type": "Polygon", "coordinates": [ [ [ 77.478677969433633, 12.942956576799961 ], [ 77.48788872969449, 12.94286882006147 ], [ 77.487799126467024, 12.93383463553668 ], [ 77.483605525890937, 12.93387460354935 ], [ 77.4836116, 12.9339187 ], [ 77.4838948, 12.9338891 ], [ 77.4838389, 12.9340133 ], [ 77.4837665, 12.9341741 ], [ 77.4838052, 12.9342384 ], [ 77.4838203, 12.9343304 ], [ 77.4840975, 12.936027 ], [ 77.4841202, 12.9361656 ], [ 77.4842436, 12.9369206 ], [ 77.4841007, 12.9369682 ], [ 77.4840882, 12.9369724 ], [ 77.4840612, 12.936975 ], [ 77.4831578, 12.9370605 ], [ 77.4831577, 12.9370606 ], [ 77.4831574, 12.9370606 ], [ 77.4830108, 12.9370745 ], [ 77.4823847, 12.9371611 ], [ 77.482207, 12.9371857 ], [ 77.4821017, 12.9372003 ], [ 77.4817343, 12.9372386 ], [ 77.4816118, 12.9372513 ], [ 77.4815966, 12.9372529 ], [ 77.4810548, 12.9373093 ], [ 77.4810302, 12.9373119 ], [ 77.480396500000012, 12.9373664 ], [ 77.4793477, 12.9374566 ], [ 77.4792206, 12.9374694 ], [ 77.4790779, 12.9374837 ], [ 77.4788453, 12.937507 ], [ 77.4788397, 12.9375076 ], [ 77.478624358134411, 12.937532002845838 ], [ 77.478677969433633, 12.942956576799961 ] ] ] } },
{ "type": "Feature", "properties": { "grid_id": "BLR_00070", "centroid_lat": 12.947429844553252, "centroid_lon": 77.483328102366485 }, "geometry": { "type": "Polygon", "coordinates": [ [ [ 77.478677969433633, 12.942956576799961 ], [ 77.478767309461603, 12.951990817777997 ], [ 77.487978400876258, 12.951902997729048 ], [ 77.48788872969449, 12.94286882006147 ], [ 77.478677969433633, 12.942956576799961 ] ] ] } },
{ "type": "Feature", "properties": { "grid_id": "BLR_00071", "centroid_lat": 12.948128198370277, "centroid_lon": 77.476156487998779 }, "geometry": { "type": "Polygon", "coordinates": [ [ [ 77.478767309461603, 12.951990817777997 ], [ 77.478677969433633, 12.942956576799961 ], [ 77.474552387787625, 12.942995778322068 ], [ 77.474745, 12.9434218 ], [ 77.4747717, 12.9436627 ], [ 77.474836, 12.9442408 ], [ 77.474926, 12.9447136 ], [ 77.4749286, 12.9447122 ], [ 77.4749323, 12.9447322 ], [ 77.47497, 12.9449342 ], [ 77.4750697, 12.9454685 ], [ 77.4751559, 12.9456845 ], [ 77.4753609, 12.9463839 ], [ 77.4755362, 12.9469933 ], [ 77.47582060000002, 12.9476332 ], [ 77.4762058, 12.9486326 ], [ 77.476279100000013, 12.9488226 ], [ 77.4762113, 12.9488555 ], [ 77.4761295, 12.9488952 ], [ 77.4757782, 12.9490002 ], [ 77.4755237, 12.9491167 ], [ 77.47518, 12.949112 ], [ 77.4749447, 12.9491334 ], [ 77.4741866, 12.9492016 ], [ 77.473703, 12.9492119 ], [ 77.4730576, 12.9493276 ], [ 77.4730173, 12.94932 ], [ 77.4727306, 12.9492663 ], [ 77.4725599, 12.9494291 ], [ 77.4724328, 12.9495503 ], [ 77.4711577, 12.9495834 ], [ 77.4710589, 12.9495859 ], [ 77.4710814, 12.9499933 ], [ 77.4711157, 12.9506127 ], [ 77.4711186, 12.9506648 ], [ 77.4711219, 12.9507249 ], [ 77.4712306, 12.9507325 ], [ 77.4716744, 12.9507637 ], [ 77.4721424, 12.9508688 ], [ 77.472252, 12.9510654 ], [ 77.4722728, 12.9511081 ], [ 77.4722793, 12.9511215 ], [ 77.4723743, 12.9513167 ], [ 77.4725124, 12.9516005 ], [ 77.4725126, 12.9516562 ], [ 77.472512900000012, 12.9517356 ], [ 77.472512900000012, 12.9517399 ], [ 77.4725132, 12.9518061 ], [ 77.472318800000011, 12.9518927 ], [ 77.47195327923535, 12.952055574330856 ], [ 77.478767309461603, 12.951990817777997 ] ] ] } },
{ "type": "Feature", "properties": { "grid_id": "BLR_00072", "centroid_lat": 12.956464050476129, "centroid_lon": 77.483417641891648 }, "geometry": { "type": "Polygon", "coordinates": [ [ [ 77.478767309461603, 12.951990817777997 ], [ 77.478856717204664, 12.961025051898662 ], [ 77.488068140024055, 12.960937168534885 ], [ 77.487978400876258, 12.951902997729048 ], [ 77.478767309461603, 12.951990817777997 ] ] ] } },
{ "type": "Feature", "properties": { "grid_id": "BLR_00073", "centroid_lat": 12.849758931548587, "centroid_lon": 77.602115637569341 }, "geometry": { "type": "Polygon", "coordinates": [ [ [ 77.597479940637314, 12.851456039001063 ], [ 77.606686501729726, 12.851364725219932 ], [ 77.606647540866106, 12.84758897536164 ], [ 77.6044727, 12.8481733 ], [ 77.6026718, 12.8483981 ], [ 77.6012802, 12.8481036 ], [ 77.6005473, 12.8481243 ], [ 77.6001874, 12.8479122 ], [ 77.5994394, 12.8480152 ], [ 77.5992178, 12.848051 ], [ 77.5988514, 12.8481064 ], [ 77.5985179, 12.8482065 ], [ 77.5981572, 12.8482333 ], [ 77.597449532711821, 12.848498830326621 ], [ 77.597479940637314, 12.851456039001063 ] ] ] } },
{ "type": "Feature", "properties": { "grid_id": "BLR_00074", "centroid_lat": 12.849116991435951, "centroid_lon": 77.607957448917389 }, "geometry": { "type": "Polygon", "coordinates": [ [ [ 77.606686501729726, 12.851364725219932 ], [ 77.61046661350322, 12.851327139279153 ], [ 77.6091806, 12.8512119 ], [ 77.6090996, 12.8512683 ], [ 77.6090854, 12.8507856 ], [ 77.6090785, 12.8505533 ], [ 77.6090726, 12.8503523 ], [ 77.6090651, 12.8500974 ], [ 77.6090618, 12.8499848 ], [ 77.6090617, 12.849984 ], [ 77.6090576, 12.8498421 ], [ 77.6090572, 12.8498301 ], [ 77.6090417, 12.8493034 ], [ 77.6090148, 12.8483893 ], [ 77.609025, 12.8482707 ], [ 77.6090471, 12.8480218 ], [ 77.6090652, 12.8478186 ], [ 77.6091142, 12.8472686 ], [ 77.6091535, 12.8468269 ], [ 77.6092212, 12.8460657 ], [ 77.6070844, 12.8474716 ], [ 77.606647540866106, 12.84758897536164 ], [ 77.606686501729726, 12.851364725219932 ] ] ] } },
{ "type": "Feature", "properties": { "grid_id": "BLR_00075", "centroid_lat": 12.856195280133045, "centroid_lon": 77.61095524308756 }, "geometry": { "type": "Polygon", "coordinates": [ [ [ 77.606686501729726, 12.851364725219932 ], [ 77.606779765233696, 12.860398127490813 ], [ 77.615986583714246, 12.860306424946138 ], [ 77.615936262047228, 12.855450321884046 ], [ 77.6159013, 12.8554338 ], [ 77.6155446, 12.8552004 ], [ 77.615489, 12.8551641 ], [ 77.6149563, 12.8547283 ], [ 77.6146851, 12.8544959 ], [ 77.6146845, 12.8544954 ], [ 77.614473, 12.8543141 ], [ 77.6143589, 12.8542153 ], [ 77.613703, 12.8531765 ], [ 77.6132455, 12.8526623 ], [ 77.6127453, 12.8517501 ], [ 77.6115554, 12.8514247 ], [ 77.61046661350322, 12.851327139279153 ], [ 77.606686501729726, 12.851364725219932 ] ] ] } },
{ "type": "Feature", "properties": { "grid_id": "BLR_00076", "centroid_lat": 12.855927140974805, "centroid_lon": 77.602129770812311 }, "geometry": { "type": "Polygon", "coordinates": [ [ [ 77.597479940637314, 12.851456039001063 ], [ 77.59757287564851, 12.860489507580784 ], [ 77.606779765233696, 12.860398127490813 ], [ 77.606686501729726, 12.851364725219932 ], [ 77.597479940637314, 12.851456039001063 ] ] ] } },
{ "type": "Feature", "properties": { "grid_id": "BLR_00077", "centroid_lat": 12.858862197262791, "centroid_lon": 77.620219072252709 }, "geometry": { "type": "Polygon", "coordinates": [ [ [ 77.615986583714246, 12.860306424946138 ], [ 77.625193330839807, 12.860214399958366 ], [ 77.625166895258261, 12.857672522741002 ], [ 77.6211184, 12.8579401 ], [ 77.6202679, 12.8579473 ], [ 77.6195939, 12.857953 ], [ 77.6191841, 12.8579565 ], [ 77.6190168, 12.8578841 ], [ 77.618987, 12.8576489 ], [ 77.6189048, 12.8576308 ], [ 77.6189058, 12.8575964 ], [ 77.6180565, 12.8574307 ], [ 77.6180553, 12.8574665 ], [ 77.6172908, 12.8574842 ], [ 77.6170991, 12.8574956 ], [ 77.6169486, 12.8575178 ], [ 77.6168421, 12.8575335 ], [ 77.6168394, 12.8575339 ], [ 77.6168354, 12.8575111 ], [ 77.6167637, 12.857134 ], [ 77.6167606, 12.8571179 ], [ 77.6164936, 12.8557137 ], [ 77.615936262047228, 12.855450321884046 ], [ 77.615986583714246, 12.860306424946138 ] ] ] } },
{ "type": "Feature", "properties": { "grid_id": "BLR_00078", "centroid_lat": 12.864777101361264, "centroid_lon": 77.620636871126507 }, "geometry": { "type": "Polygon", "coordinates": [ [ [ 77.615986583714246, 12.860306424946138 ], [ 77.61608024705383, 12.86933975379538 ], [ 77.625287322898131, 12.869247662026316 ], [ 77.625193330839807, 12.860214399958366 ], [ 77.615986583714246, 12.860306424946138 ] ] ] } },
{ "type": "Feature", "properties": { "grid_id": "BLR_00079", "centroid_lat": 12.841162526712385, "centroid_lon": 77.565437023953351 }, "geometry": { "type": "Polygon", "coordinates": [ [ [ 77.560561439270771, 12.842784333364717 ], [ 77.569767953939262, 12.842694373950346 ], [ 77.569733428119832, 12.839297976205129 ], [ 77.5688518, 12.8393727 ], [ 77.5687417, 12.8393821 ], [ 77.5683383, 12.8394163 ], [ 77.5681391, 12.8394345 ], [ 77.5680543, 12.8394422 ], [ 77.5673244, 12.8395089 ], [ 77.5672349, 12.8395171 ], [ 77.5670434, 12.8395346 ], [ 77.5668823, 12.8395494 ], [ 77.5668618, 12.8395513 ], [ 77.5665673, 12.8395782 ], [ 77.5656049, 12.8396663 ], [ 77.5656046, 12.8396663 ], [ 77.5655943, 12.8396672 ], [ 77.5655317, 12.8396528 ], [ 77.5627637, 12.8390178 ], [ 77.5625571, 12.8389704 ], [ 77.5625568, 12.8389724 ], [ 77.5625374, 12.8390885 ], [ 77.5624649, 12.8395221 ], [ 77.5624324, 12.8397169 ], [ 77.5626756, 12.8402747 ], [ 77.5623076, 12.8404232 ], [ 77.560544725233072, 12.841134342483558 ], [ 77.560561439270771, 12.842784333364717 ] ] ] } },
{ "type": "Feature", "properties": { "grid_id": "BLR_00080", "centroid_lat": 12.842138622367132, "centroid_lon": 77.559109215008704 }, "geometry": { "type": "Polygon", "coordinates": [ [ [ 77.560561439270771, 12.842784333364717 ], [ 77.560544725233072, 12.841134342483558 ], [ 77.5603599, 12.8412089 ], [ 77.5574056, 12.841844 ], [ 77.5573982, 12.8426061 ], [ 77.557388782182699, 12.842815259509843 ], [ 77.560561439270771, 12.842784333364717 ] ] ] } },
{ "type": "Feature", "properties": { "grid_id": "BLR_00081", "centroid_lat": 12.84907875712535, "centroid_lon": 77.546089935091317 }, "geometry": { "type": "Polygon", "coordinates": [ [ [ 77.542239095158564, 12.851997154407293 ], [ 77.551446077549102, 12.851907774192071 ], [ 77.551406580377886, 12.847997210833036 ], [ 77.5508388, 12.8479449 ], [ 77.5505496, 12.8479182 ], [ 77.5497344, 12.8478798 ], [ 77.5496476, 12.8478756 ], [ 77.549609600000011, 12.8478734 ], [ 77.549134, 12.8478457 ], [ 77.5482177, 12.8477925 ], [ 77.5482101, 12.847792 ], [ 77.5450605, 12.8476089 ], [ 77.5450145, 12.8476059 ], [ 77.5449215, 12.8476 ], [ 77.5448849, 12.8475976 ], [ 77.5448839, 12.8475976 ], [ 77.5448728, 12.8475969 ], [ 77.544868, 12.8475974 ], [ 77.544852, 12.847599 ], [ 77.5447347, 12.8476109 ], [ 77.5446833, 12.8476161 ], [ 77.5446507, 12.8474002 ], [ 77.5444615, 12.8471354 ], [ 77.5444483, 12.8471168 ], [ 77.5443579, 12.8469903 ], [ 77.5444951, 12.8467286 ], [ 77.5445761, 12.8463124 ], [ 77.5445125, 12.8459615 ], [ 77.5444999, 12.845892 ], [ 77.5443888, 12.8452794 ], [ 77.5443141, 12.8443686 ], [ 77.5437242, 12.8440549 ], [ 77.5432746, 12.8437306 ], [ 77.54278570000001, 12.8433785 ], [ 77.5427749, 12.8433708 ], [ 77.5425187, 12.8433294 ], [ 77.542253, 12.8432866 ], [ 77.542151520517223, 12.843293359522875 ], [ 77.542239095158564, 12.851997154407293 ] ] ] } },
{ "type": "Feature", "properties": { "grid_id": "BLR_00082", "centroid_lat": 12.847256247602038, "centroid_lon": 77.565210554216875 }, "geometry": { "type": "Polygon", "coordinates": [ [ [ 77.560561439270771, 12.842784333364717 ], [ 77.560652990349126, 12.851818071687346 ], [ 77.569859833308314, 12.851728046904464 ], [ 77.569767953939262, 12.842694373950346 ], [ 77.560561439270771, 12.842784333364717 ] ] ] } },
{ "type": "Feature", "properties": { "grid_id": "BLR_00083", "centroid_lat": 12.84829374763231, "centroid_lon": 77.556836742378962 }, "geometry": { "type": "Polygon", "coordinates": [ [ [ 77.551446077549102, 12.851907774192071 ], [ 77.560652990349126, 12.851818071687346 ], [ 77.560561439270771, 12.842784333364717 ], [ 77.557388782182699, 12.842815259509843 ], [ 77.5573714, 12.8432013 ], [ 77.5573468, 12.8441897 ], [ 77.557101800000012, 12.8444359 ], [ 77.5571003, 12.8444374 ], [ 77.5569544, 12.8445694 ], [ 77.5566302, 12.8448774 ], [ 77.5565647, 12.8449396 ], [ 77.5564286, 12.8450721 ], [ 77.5563736, 12.8451822 ], [ 77.5563235, 12.8452825 ], [ 77.5562839, 12.8453617 ], [ 77.5562138, 12.8454908 ], [ 77.556128500000014, 12.8456442 ], [ 77.5561252, 12.8456502 ], [ 77.555943, 12.8459779 ], [ 77.5556697, 12.8464713 ], [ 77.5555516, 12.8466865 ], [ 77.5555112, 12.8467601 ], [ 77.554937, 12.8477495 ], [ 77.5548793, 12.8478492 ], [ 77.5544912, 12.8480269 ], [ 77.5544813, 12.8480283 ], [ 77.5544638, 12.8479851 ], [ 77.5544245, 12.847889 ], [ 77.554328, 12.8478764 ], [ 77.5534428, 12.8477602 ], [ 77.5532317, 12.8477325 ], [ 77.5532082, 12.8474955 ], [ 77.553021, 12.8471569 ], [ 77.5519935, 12.847565 ], [ 77.5514942, 12.8480051 ], [ 77.551494, 12.8480052 ], [ 77.5514781, 12.8480038 ], [ 77.551406580377886, 12.847997210833036 ], [ 77.551446077549102, 12.851907774192071 ] ] ] } },
{ "type": "Feature", "properties": { "grid_id": "BLR_00084", "centroid_lat": 12.856379846118223, "centroid_lon": 77.556095262270475 }, "geometry": { "type": "Polygon", "coordinates": [ [ [ 77.551446077549102, 12.851907774192071 ], [ 77.551537369915323, 12.860941570806604 ], [ 77.560744611268333, 12.860851803162857 ], [ 77.560652990349126, 12.851818071687346 ], [ 77.551446077549102, 12.851907774192071 ] ] ] } },
{ "type": "Feature", "properties": { "grid_id": "BLR_00085", "centroid_lat": 12.856469419990065, "centroid_lon": 77.546888150395716 }, "geometry": { "type": "Polygon", "coordinates": [ [ [ 77.542239095158564, 12.851997154407293 ], [ 77.542330058959891, 12.861031015926848 ], [ 77.551537369915323, 12.860941570806604 ], [ 77.551446077549102, 12.851907774192071 ], [ 77.542239095158564, 12.851997154407293 ] ] ] } },
{ "type": "Feature", "properties": { "grid_id": "BLR_00086", "centroid_lat": 12.856289949845552, "centroid_lon": 77.565302304423582 }, "geometry": { "type": "Polygon", "coordinates": [ [ [ 77.560652990349126, 12.851818071687346 ], [ 77.560744611268333, 12.860851803162857 ], [ 77.569951782768555, 12.860761713006985 ], [ 77.569859833308314, 12.851728046904464 ], [ 77.560652990349126, 12.851818071687346 ] ] ] } },
{ "type": "Feature", "properties": { "grid_id": "BLR_00087", "centroid_lat": 12.865323645237424, "centroid_lon": 77.565394124602321 }, "geometry": { "type": "Polygon", "coordinates": [ [ [ 77.560744611268333, 12.860851803162857 ], [ 77.560836302040357, 12.869885527786693 ], [ 77.570043802331995, 12.869795372253328 ], [ 77.569951782768555, 12.860761713006985 ], [ 77.560744611268333, 12.860851803162857 ] ] ] } },
{ "type": "Feature", "properties": { "grid_id": "BLR_00088", "centroid_lat": 12.839062081455456, "centroid_lon": 77.590701555451048 }, "geometry": { "type": "Polygon", "coordinates": [ [ [ 77.58818077278832, 12.842513489034639 ], [ 77.594234784316967, 12.842453733301573 ], [ 77.594167, 12.8419779 ], [ 77.5940815, 12.8419836 ], [ 77.5940201, 12.8416533 ], [ 77.5940026, 12.8411728 ], [ 77.5939922, 12.8408857 ], [ 77.5939153, 12.8405732 ], [ 77.5939782, 12.8405009 ], [ 77.5939871, 12.84036 ], [ 77.5934974, 12.8395737 ], [ 77.5933722, 12.8392743 ], [ 77.5930656, 12.838541 ], [ 77.592746, 12.8372316 ], [ 77.5916769, 12.8350593 ], [ 77.5915303, 12.8345839 ], [ 77.5907587, 12.8348378 ], [ 77.5906281, 12.8349655 ], [ 77.590563, 12.8355888 ], [ 77.589984, 12.8355333 ], [ 77.5896662, 12.8354743 ], [ 77.5896239, 12.8354476 ], [ 77.5893047, 12.8352459 ], [ 77.5892214, 12.8351732 ], [ 77.588096754320134, 12.834305457279452 ], [ 77.58818077278832, 12.842513489034639 ] ] ] } },
{ "type": "Feature", "properties": { "grid_id": "BLR_00089", "centroid_lat": 12.840552371836685, "centroid_lon": 77.574516172887826 }, "geometry": { "type": "Polygon", "coordinates": [ [ [ 77.569767953939262, 12.842694373950346 ], [ 77.578974398528544, 12.842604092503176 ], [ 77.578930183030891, 12.838269840142969 ], [ 77.5787959, 12.8382785 ], [ 77.578486, 12.8382985 ], [ 77.5768633, 12.8384675 ], [ 77.5762225, 12.8385628 ], [ 77.5752311, 12.8387196 ], [ 77.5752125, 12.8386978 ], [ 77.5751627, 12.8386542 ], [ 77.5747871, 12.8374917 ], [ 77.574732, 12.8374917 ], [ 77.5745606, 12.8374611 ], [ 77.574328, 12.8373387 ], [ 77.5718742, 12.839196 ], [ 77.5709404, 12.8392442 ], [ 77.5705553, 12.8392284 ], [ 77.5705464, 12.8392291 ], [ 77.570127, 12.8392646 ], [ 77.5700399, 12.839272 ], [ 77.569733428119832, 12.839297976205129 ], [ 77.569767953939262, 12.842694373950346 ] ] ] } },
{ "type": "Feature", "properties": { "grid_id": "BLR_00090", "centroid_lat": 12.838967383439002, "centroid_lon": 77.584139676044856 }, "geometry": { "type": "Polygon", "coordinates": [ [ [ 77.578974398528544, 12.842604092503176 ], [ 77.58818077278832, 12.842513489034639 ], [ 77.588096754320134, 12.834305457279452 ], [ 77.587497, 12.8338427 ], [ 77.5870611, 12.8335234 ], [ 77.587016300000016, 12.8334905 ], [ 77.5860648, 12.8340134 ], [ 77.5842279, 12.835023 ], [ 77.5842109, 12.835032 ], [ 77.5841656, 12.8350632 ], [ 77.5822299, 12.8363816 ], [ 77.5820121, 12.8364527 ], [ 77.5820891, 12.8368946 ], [ 77.581993, 12.83695 ], [ 77.5820186, 12.8370468 ], [ 77.5816575, 12.8372828 ], [ 77.5816506, 12.8372853 ], [ 77.5815452, 12.8373246 ], [ 77.5814324, 12.8373667 ], [ 77.580415, 12.8377463 ], [ 77.5803373, 12.8377753 ], [ 77.5799943, 12.8379043 ], [ 77.5798567, 12.837956 ], [ 77.5790409, 12.8382627 ], [ 77.578930183030891, 12.838269840142969 ], [ 77.578974398528544, 12.842604092503176 ] ] ] } },
{ "type": "Feature", "properties": { "grid_id": "BLR_00091", "centroid_lat": 12.84716609442766, "centroid_lon": 77.574417197988097 }, "geometry": { "type": "Polygon", "coordinates": [ [ [ 77.569767953939262, 12.842694373950346 ], [ 77.569859833308314, 12.851728046904464 ], [ 77.579066606176283, 12.851637699854823 ], [ 77.578974398528544, 12.842604092503176 ], [ 77.569767953939262, 12.842694373950346 ] ] ] } },
{ "type": "Feature", "properties": { "grid_id": "BLR_00092", "centroid_lat": 12.84740663344073, "centroid_lon": 77.591953806170636 }, "geometry": { "type": "Polygon", "coordinates": [ [ [ 77.58818077278832, 12.842513489034639 ], [ 77.588273308702725, 12.851547030549865 ], [ 77.597479940637314, 12.851456039001063 ], [ 77.597449532711821, 12.848498830326621 ], [ 77.5970112, 12.8486633 ], [ 77.596557, 12.8488009 ], [ 77.5963537, 12.848886 ], [ 77.5960432, 12.8490216 ], [ 77.595609, 12.8491909 ], [ 77.5956072, 12.8491868 ], [ 77.5954078, 12.8488105 ], [ 77.5952288, 12.8484018 ], [ 77.5949524, 12.8476687 ], [ 77.5948496, 12.8474502 ], [ 77.594769, 12.8471737 ], [ 77.5947216, 12.8470112 ], [ 77.5946105, 12.8466299 ], [ 77.5945788, 12.8465212 ], [ 77.5945245, 12.8463343 ], [ 77.594438, 12.8458666 ], [ 77.5944239, 12.8457909 ], [ 77.5943921, 12.8456173 ], [ 77.5943511, 12.8456307 ], [ 77.594342, 12.845594 ], [ 77.5943101, 12.8454638 ], [ 77.5943809, 12.8450077 ], [ 77.5944158, 12.8439917 ], [ 77.594338900000011, 12.8431846 ], [ 77.594234784316967, 12.842453733301573 ], [ 77.58818077278832, 12.842513489034639 ] ] ] } },
{ "type": "Feature", "properties": { "grid_id": "BLR_00093", "centroid_lat": 12.847075619109214, "centroid_lon": 77.583623771548972 }, "geometry": { "type": "Polygon", "coordinates": [ [ [ 77.578974398528544, 12.842604092503176 ], [ 77.579066606176283, 12.851637699854823 ], [ 77.588273308702725, 12.851547030549865 ], [ 77.58818077278832, 12.842513489034639 ], [ 77.578974398528544, 12.842604092503176 ] ] ] } },
{ "type": "Feature", "properties": { "grid_id": "BLR_00094", "centroid_lat": 12.856109190143291, "centroid_lon": 77.583716178563392 }, "geometry": { "type": "Polygon", "coordinates": [ [ [ 77.579066606176283, 12.851637699854823 ], [ 77.579158884165565, 12.860671300350374 ], [ 77.588365915209025, 12.860580565204478 ], [ 77.588273308702725, 12.851547030549865 ], [ 77.579066606176283, 12.851637699854823 ] ] ] } },
{ "type": "Feature", "properties": { "grid_id": "BLR_00095", "centroid_lat": 12.856199731183432, "centroid_lon": 77.574509276604687 }, "geometry": { "type": "Polygon", "coordinates": [ [ [ 77.569859833308314, 12.851728046904464 ], [ 77.569951782768555, 12.860761713006985 ], [ 77.579158884165565, 12.860671300350374 ], [ 77.579066606176283, 12.851637699854823 ], [ 77.569859833308314, 12.851728046904464 ] ] ] } },
{ "type": "Feature", "properties": { "grid_id": "BLR_00096", "centroid_lat": 12.856018326736578, "centroid_lon": 77.59292301004939 }, "geometry": { "type": "Polygon", "coordinates": [ [ [ 77.588273308702725, 12.851547030549865 ], [ 77.588365915209025, 12.860580565204478 ], [ 77.59757287564851, 12.860489507580784 ], [ 77.597479940637314, 12.851456039001063 ], [ 77.588273308702725, 12.851547030549865 ] ] ] } },
{ "type": "Feature", "properties": { "grid_id": "BLR_00097", "centroid_lat": 12.865051824949827, "centroid_lon": 77.593015816172695 }, "geometry": { "type": "Polygon", "coordinates": [ [ [ 77.588365915209025, 12.860580565204478 ], [ 77.588458592319228, 12.869614092993888 ], [ 77.597665881514004, 12.869522969290763 ], [ 77.59757287564851, 12.860489507580784 ], [ 77.588365915209025, 12.860580565204478 ] ] ] } },
{ "type": "Feature", "properties": { "grid_id": "BLR_00098", "centroid_lat": 12.865413606768341, "centroid_lon": 77.556186753776984 }, "geometry": { "type": "Polygon", "coordinates": [ [ [ 77.551537369915323, 12.860941570806604 ], [ 77.551628731883952, 12.869975360573923 ], [ 77.560836302040357, 12.869885527786693 ], [ 77.560744611268333, 12.860851803162857 ], [ 77.551537369915323, 12.860941570806604 ] ] ] } },
{ "type": "Feature", "properties": { "grid_id": "BLR_00099", "centroid_lat": 12.865503245664435, "centroid_lon": 77.546979313218088 }, "geometry": { "type": "Polygon", "coordinates": [ [ [ 77.542330058959891, 12.861031015926848 ], [ 77.542421092113187, 12.870064870603647 ], [ 77.551628731883952, 12.869975360573923 ], [ 77.551537369915323, 12.860941570806604 ], [ 77.542330058959891, 12.861031015926848 ] ] ] } },
{ "type": "Feature", "properties": { "grid_id": "BLR_00100", "centroid_lat": 12.87444736056673, "centroid_lon": 77.556278315017096 }, "geometry": { "type": "Polygon", "coordinates": [ [ [ 77.551628731883952, 12.869975360573923 ], [ 77.551720163466896, 12.879009143489464 ], [ 77.560928062677164, 12.878919245554268 ], [ 77.560836302040357, 12.869885527786693 ], [ 77.551628731883952, 12.869975360573923 ] ] ] } },
{ "type": "Feature", "properties": { "grid_id": "BLR_00101", "centroid_lat": 12.874537064491546, "centroid_lon": 77.54707054552361 }, "geometry": { "type": "Polygon", "coordinates": [ [ [ 77.542421092113187, 12.870064870603647 ], [ 77.542512194630405, 12.879098718433127 ], [ 77.551720163466896, 12.879009143489464 ], [ 77.551628731883952, 12.869975360573923 ], [ 77.542421092113187, 12.870064870603647 ] ] ] } },
{ "type": "Feature", "properties": { "grid_id": "BLR_00102", "centroid_lat": 12.874357333773085, "centroid_lon": 77.565486014765042 }, "geometry": { "type": "Polygon", "coordinates": [ [ [ 77.560836302040357, 12.869885527786693 ], [ 77.560928062677164, 12.878919245554268 ], [ 77.570135892010654, 12.878829024638925 ], [ 77.570043802331995, 12.869795372253328 ], [ 77.560836302040357, 12.869885527786693 ] ] ] } },
{ "type": "Feature", "properties": { "grid_id": "BLR_00103", "centroid_lat": 12.883481107508823, "centroid_lon": 77.556369946002732 }, "geometry": { "type": "Polygon", "coordinates": [ [ [ 77.551720163466896, 12.879009143489464 ], [ 77.551811664676137, 12.88804291954866 ], [ 77.561019893190704, 12.887952956461023 ], [ 77.560928062677164, 12.878919245554268 ], [ 77.551720163466896, 12.879009143489464 ] ] ] } },
{ "type": "Feature", "properties": { "grid_id": "BLR_00104", "centroid_lat": 12.883570876466827, "centroid_lon": 77.547161847324205 }, "geometry": { "type": "Polygon", "coordinates": [ [ [ 77.542512194630405, 12.879098718433127 ], [ 77.542603366523366, 12.88813255941073 ], [ 77.551811664676137, 12.88804291954866 ], [ 77.551720163466896, 12.879009143489464 ], [ 77.542512194630405, 12.879098718433127 ] ] ] } },
{ "type": "Feature", "properties": { "grid_id": "BLR_00105", "centroid_lat": 12.883391015447957, "centroid_lon": 77.565577974923755 }, "geometry": { "type": "Polygon", "coordinates": [ [ [ 77.560928062677164, 12.878919245554268 ], [ 77.561019893190704, 12.887952956461023 ], [ 77.570228051816528, 12.887862670159201 ], [ 77.570135892010654, 12.878829024638925 ], [ 77.560928062677164, 12.878919245554268 ] ] ] } },
{ "type": "Feature", "properties": { "grid_id": "BLR_00106", "centroid_lat": 12.892514847590046, "centroid_lon": 77.556461646745859 }, "geometry": { "type": "Polygon", "coordinates": [ [ [ 77.551811664676137, 12.88804291954866 ], [ 77.551903235523582, 12.897076688746944 ], [ 77.561111793592985, 12.896986660502378 ], [ 77.561019893190704, 12.887952956461023 ], [ 77.551811664676137, 12.88804291954866 ] ] ] } },
{ "type": "Feature", "properties": { "grid_id": "BLR_00107", "centroid_lat": 12.892604681585713, "centroid_lon": 77.547253218631781 }, "geometry": { "type": "Polygon", "coordinates": [ [ [ 77.542603366523366, 12.88813255941073 ], [ 77.542694607804009, 12.897166393531887 ], [ 77.551903235523582, 12.897076688746944 ], [ 77.551811664676137, 12.88804291954866 ], [ 77.542603366523366, 12.88813255941073 ] ] ] } },
{ "type": "Feature", "properties": { "grid_id": "BLR_00108", "centroid_lat": 12.86486899846053, "centroid_lon": 77.611429923961026 }, "geometry": { "type": "Polygon", "coordinates": [ [ [ 77.606779765233696, 12.860398127490813 ], [ 77.606873099842346, 12.869431522887401 ], [ 77.61608024705383, 12.86933975379538 ], [ 77.615986583714246, 12.860306424946138 ], [ 77.606779765233696, 12.860398127490813 ] ] ] } },
{ "type": "Feature", "properties": { "grid_id": "BLR_00109", "centroid_lat": 12.864960572993912, "centroid_lon": 77.602222905559643 }, "geometry": { "type": "Polygon", "coordinates": [ [ [ 77.59757287564851, 12.860489507580784 ], [ 77.597665881514004, 12.869522969290763 ], [ 77.606873099842346, 12.869431522887401 ], [ 77.606779765233696, 12.860398127490813 ], [ 77.59757287564851, 12.860489507580784 ] ] ] } },
{ "type": "Feature", "properties": { "grid_id": "BLR_00110", "centroid_lat": 12.873902357172684, "centroid_lon": 77.61152345855615 }, "geometry": { "type": "Polygon", "coordinates": [ [ [ 77.606873099842346, 12.869431522887401 ], [ 77.606966505567797, 12.878464911405114 ], [ 77.616173981760625, 12.87837307576117 ], [ 77.61608024705383, 12.86933975379538 ], [ 77.606873099842346, 12.869431522887401 ] ] ] } },
{ "type": "Feature", "properties": { "grid_id": "BLR_00111", "centroid_lat": 12.873993998138722, "centroid_lon": 77.602316111292524 }, "geometry": { "type": "Polygon", "coordinates": [ [ [ 77.597665881514004, 12.869522969290763 ], [ 77.597758958245933, 12.878556424126426 ], [ 77.606966505567797, 12.878464911405114 ], [ 77.606873099842346, 12.869431522887401 ], [ 77.597665881514004, 12.869522969290763 ] ] ] } },
{ "type": "Feature", "properties": { "grid_id": "BLR_00112", "centroid_lat": 12.873810393406806, "centroid_lon": 77.620730734571666 }, "geometry": { "type": "Polygon", "coordinates": [ [ [ 77.61608024705383, 12.86933975379538 ], [ 77.616173981760625, 12.87837307576117 ], [ 77.625381386574034, 12.878280917206222 ], [ 77.625287322898131, 12.869247662026316 ], [ 77.61608024705383, 12.86933975379538 ] ] ] } },
{ "type": "Feature", "properties": { "grid_id": "BLR_00113", "centroid_lat": 12.882935709001375, "centroid_lon": 77.611617064399397 }, "geometry": { "type": "Polygon", "coordinates": [ [ [ 77.606966505567797, 12.878464911405114 ], [ 77.607059982422285, 12.887498293039361 ], [ 77.616267787846866, 12.887406390838921 ], [ 77.616173981760625, 12.87837307576117 ], [ 77.606966505567797, 12.878464911405114 ] ] ] } },
{ "type": "Feature", "properties": { "grid_id": "BLR_00114", "centroid_lat": 12.883027416404635, "centroid_lon": 77.602409388023119 }, "geometry": { "type": "Polygon", "coordinates": [ [ [ 77.597758958245933, 12.878556424126426 ], [ 77.597852105856461, 12.887589872083179 ], [ 77.607059982422285, 12.887498293039361 ], [ 77.606966505567797, 12.878464911405114 ], [ 77.597758958245933, 12.878556424126426 ] ] ] } },
{ "type": "Feature", "properties": { "grid_id": "BLR_00115", "centroid_lat": 12.882843678564308, "centroid_lon": 77.620824669515329 }, "geometry": { "type": "Polygon", "coordinates": [ [ [ 77.616173981760625, 12.87837307576117 ], [ 77.616267787846866, 12.887406390838921 ], [ 77.625475521879792, 12.8873141654935 ], [ 77.625381386574034, 12.878280917206222 ], [ 77.616173981760625, 12.87837307576117 ] ] ] } },
{ "type": "Feature", "properties": { "grid_id": "BLR_00116", "centroid_lat": 12.891969053942026, "centroid_lon": 77.611710741502975 }, "geometry": { "type": "Polygon", "coordinates": [ [ [ 77.607059982422285, 12.887498293039361 ], [ 77.607153530417989, 12.896531667785549 ], [ 77.616361665324789, 12.896439699024036 ], [ 77.616267787846866, 12.887406390838921 ], [ 77.607059982422285, 12.887498293039361 ] ] ] } },
{ "type": "Feature", "properties": { "grid_id": "BLR_00117", "centroid_lat": 12.892060827787072, "centroid_lon": 77.602502735763608 }, "geometry": { "type": "Polygon", "coordinates": [ [ [ 77.597852105856461, 12.887589872083179 ], [ 77.597945324357724, 12.896623313156448 ], [ 77.607153530417989, 12.896531667785549 ], [ 77.607059982422285, 12.887498293039361 ], [ 77.597852105856461, 12.887589872083179 ] ] ] } },
{ "type": "Feature", "properties": { "grid_id": "BLR_00118", "centroid_lat": 12.865142754316716, "centroid_lon": 77.583808656050564 }, "geometry": { "type": "Polygon", "coordinates": [ [ [ 77.579158884165565, 12.860671300350374 ], [ 77.579251232508426, 12.869704893985242 ], [ 77.588458592319228, 12.869614092993888 ], [ 77.588365915209025, 12.860580565204478 ], [ 77.579158884165565, 12.860671300350374 ] ] ] } },
{ "type": "Feature", "properties": { "grid_id": "BLR_00119", "centroid_lat": 12.865233361083073, "centroid_lon": 77.574601425443632 }, "geometry": { "type": "Polygon", "coordinates": [ [ [ 77.569951782768555, 12.860761713006985 ], [ 77.570043802331995, 12.869795372253328 ], [ 77.579251232508426, 12.869704893985242 ], [ 77.579158884165565, 12.860671300350374 ], [ 77.569951782768555, 12.860761713006985 ] ] ] } },
{ "type": "Feature", "properties": { "grid_id": "BLR_00120", "centroid_lat": 12.874176311624923, "centroid_lon": 77.583901204022524 }, "geometry": { "type": "Polygon", "coordinates": [ [ [ 77.579251232508426, 12.869704893985242 ], [ 77.579343651216917, 12.878738480754855 ], [ 77.588551340045498, 12.87864761391352 ], [ 77.588458592319228, 12.869614092993888 ], [ 77.579251232508426, 12.869704893985242 ] ] ] } },
{ "type": "Feature", "properties": { "grid_id": "BLR_00121", "centroid_lat": 12.874266984122002, "centroid_lon": 77.574693644516998 }, "geometry": { "type": "Polygon", "coordinates": [ [ [ 77.570043802331995, 12.869795372253328 ], [ 77.570135892010654, 12.878829024638925 ], [ 77.579343651216917, 12.878738480754855 ], [ 77.579251232508426, 12.869704893985242 ], [ 77.570043802331995, 12.869795372253328 ] ] ] } },
{ "type": "Feature", "properties": { "grid_id": "BLR_00122", "centroid_lat": 12.874085316293323, "centroid_lon": 77.593108693031169 }, "geometry": { "type": "Polygon", "coordinates": [ [ [ 77.588458592319228, 12.869614092993888 ], [ 77.588551340045498, 12.87864761391352 ], [ 77.597758958245933, 12.878556424126426 ], [ 77.597665881514004, 12.869522969290763 ], [ 77.588458592319228, 12.869614092993888 ] ] ] } },
{ "type": "Feature", "properties": { "grid_id": "BLR_00123", "centroid_lat": 12.883209862063318, "centroid_lon": 77.583993822491365 }, "geometry": { "type": "Polygon", "coordinates": [ [ [ 77.579343651216917, 12.878738480754855 ], [ 77.579436140303088, 12.887772060654635 ], [ 77.588644158399902, 12.887681127958789 ], [ 77.588551340045498, 12.87864761391352 ], [ 77.579343651216917, 12.878738480754855 ] ] ] } },
{ "type": "Feature", "properties": { "grid_id": "BLR_00124", "centroid_lat": 12.883300600295641, "centroid_lon": 77.574785933836793 }, "geometry": { "type": "Polygon", "coordinates": [ [ [ 77.570135892010654, 12.878829024638925 ], [ 77.570228051816528, 12.887862670159201 ], [ 77.579436140303088, 12.887772060654635 ], [ 77.579343651216917, 12.878738480754855 ], [ 77.570135892010654, 12.878829024638925 ] ] ] } },
{ "type": "Feature", "properties": { "grid_id": "BLR_00125", "centroid_lat": 12.883118800762473, "centroid_lon": 77.593201640636948 }, "geometry": { "type": "Polygon", "coordinates": [ [ [ 77.588551340045498, 12.87864761391352 ], [ 77.588644158399902, 12.887681127958789 ], [ 77.597852105856461, 12.887589872083179 ], [ 77.597758958245933, 12.878556424126426 ], [ 77.588551340045498, 12.87864761391352 ] ] ] } },
{ "type": "Feature", "properties": { "grid_id": "BLR_00126", "centroid_lat": 12.892243405627326, "centroid_lon": 77.584086511469152 }, "geometry": { "type": "Polygon", "coordinates": [ [ [ 77.579436140303088, 12.887772060654635 ], [ 77.579528699779033, 12.896805633680005 ], [ 77.588737047394559, 12.896714635125118 ], [ 77.588644158399902, 12.887681127958789 ], [ 77.579436140303088, 12.887772060654635 ] ] ] } },
{ "type": "Feature", "properties": { "grid_id": "BLR_00127", "centroid_lat": 12.892334209599417, "centroid_lon": 77.574878293415068 }, "geometry": { "type": "Polygon", "coordinates": [ [ [ 77.570228051816528, 12.887862670159201 ], [ 77.570320281761653, 12.896896308809584 ], [ 77.579528699779033, 12.896805633680005 ], [ 77.579436140303088, 12.887772060654635 ], [ 77.570228051816528, 12.887862670159201 ] ] ] } },
{ "type": "Feature", "properties": { "grid_id": "BLR_00128", "centroid_lat": 12.892424690257473, "centroid_lon": 77.565670005090467 }, "geometry": { "type": "Polygon", "coordinates": [ [ [ 77.561019893190704, 12.887952956461023 ], [ 77.561111793592985, 12.896986660502378 ], [ 77.570320281761653, 12.896896308809584 ], [ 77.570228051816528, 12.887862670159201 ], [ 77.561019893190704, 12.887952956461023 ] ] ] } },
{ "type": "Feature", "properties": { "grid_id": "BLR_00129", "centroid_lat": 12.901548580805835, "centroid_lon": 77.556553417258442 }, "geometry": { "type": "Polygon", "coordinates": [ [ [ 77.551903235523582, 12.897076688746944 ], [ 77.551994876021183, 12.906110451079757 ], [ 77.561203763896003, 12.906020357673775 ], [ 77.561111793592985, 12.896986660502378 ], [ 77.551903235523582, 12.897076688746944 ] ] ] } },
{ "type": "Feature", "properties": { "grid_id": "BLR_00130", "centroid_lat": 12.901638479843648, "centroid_lon": 77.547344659458261 }, "geometry": { "type": "Polygon", "coordinates": [ [ [ 77.542694607804009, 12.897166393531887 ], [ 77.542785918484256, 12.906200220792043 ], [ 77.551994876021183, 12.906110451079757 ], [ 77.551903235523582, 12.897076688746944 ], [ 77.542694607804009, 12.897166393531887 ] ] ] } },
{ "type": "Feature", "properties": { "grid_id": "BLR_00131", "centroid_lat": 12.901458358197067, "centroid_lon": 77.565762105277187 }, "geometry": { "type": "Polygon", "coordinates": [ [ [ 77.561111793592985, 12.896986660502378 ], [ 77.561203763896003, 12.906020357673775 ], [ 77.570412581858079, 12.905929940585501 ], [ 77.570320281761653, 12.896896308809584 ], [ 77.561111793592985, 12.896986660502378 ] ] ] } },
{ "type": "Feature", "properties": { "grid_id": "BLR_00132", "centroid_lat": 12.910582307151625, "centroid_lon": 77.556645257552461 }, "geometry": { "type": "Polygon", "coordinates": [ [ [ 77.551994876021183, 12.906110451079757 ], [ 77.55208658618092, 12.915144206542523 ], [ 77.561295804111751, 12.915054047970633 ], [ 77.561203763896003, 12.906020357673775 ], [ 77.551994876021183, 12.906110451079757 ] ] ] } },
{ "type": "Feature", "properties": { "grid_id": "BLR_00133", "centroid_lat": 12.910672271236054, "centroid_lon": 77.547436169815583 }, "geometry": { "type": "Polygon", "coordinates": [ [ [ 77.542785918484256, 12.906200220792043 ], [ 77.542877298575988, 12.915234041186631 ], [ 77.55208658618092, 12.915144206542523 ], [ 77.551994876021183, 12.906110451079757 ], [ 77.542785918484256, 12.906200220792043 ] ] ] } },
{ "type": "Feature", "properties": { "grid_id": "BLR_00134", "centroid_lat": 12.910492019262158, "centroid_lon": 77.565854275495923 }, "geometry": { "type": "Polygon", "coordinates": [ [ [ 77.561203763896003, 12.906020357673775 ], [ 77.561295804111751, 12.915054047970633 ], [ 77.570504952117844, 12.914963565482378 ], [ 77.570412581858079, 12.905929940585501 ], [ 77.561203763896003, 12.906020357673775 ] ] ] } },
{ "type": "Feature", "properties": { "grid_id": "BLR_00135", "centroid_lat": 12.919706055758382, "centroid_lon": 77.547527749715712 }, "geometry": { "type": "Polygon", "coordinates": [ [ [ 77.542877298575988, 12.915234041186631 ], [ 77.542968748091155, 12.92426785471109 ], [ 77.552178366014758, 12.924177955130688 ], [ 77.55208658618092, 12.915144206542523 ], [ 77.542877298575988, 12.915234041186631 ] ] ] } },
{ "type": "Feature", "properties": { "grid_id": "BLR_00136", "centroid_lat": 12.919616026622846, "centroid_lon": 77.556737167639938 }, "geometry": { "type": "Polygon", "coordinates": [ [ [ 77.55208658618092, 12.915144206542523 ], [ 77.552178366014758, 12.924177955130688 ], [ 77.561387914252279, 12.924087731388395 ], [ 77.561295804111751, 12.915054047970633 ], [ 77.55208658618092, 12.915144206542523 ] ] ] } },
{ "type": "Feature", "properties": { "grid_id": "BLR_00137", "centroid_lat": 12.919525673448177, "centroid_lon": 77.565946515758725 }, "geometry": { "type": "Polygon", "coordinates": [ [ [ 77.561295804111751, 12.915054047970633 ], [ 77.561387914252279, 12.924087731388395 ], [ 77.570597392553026, 12.923997183495642 ], [ 77.570504952117844, 12.914963565482378 ], [ 77.561295804111751, 12.915054047970633 ] ] ] } },
{ "type": "Feature", "properties": { "grid_id": "BLR_00138", "centroid_lat": 12.891876956829174, "centroid_lon": 77.62091867596979 }, "geometry": { "type": "Polygon", "coordinates": [ [ [ 77.616267787846866, 12.887406390838921 ], [ 77.616361665324789, 12.896439699024036 ], [ 77.625569728827685, 12.896347406883548 ], [ 77.625475521879792, 12.8873141654935 ], [ 77.616267787846866, 12.887406390838921 ] ] ] } },
{ "type": "Feature", "properties": { "grid_id": "BLR_00139", "centroid_lat": 12.901002391990037, "centroid_lon": 77.611804489879134 }, "geometry": { "type": "Polygon", "coordinates": [ [ [ 77.607153530417989, 12.896531667785549 ], [ 77.607247149567115, 12.905565035639105 ], [ 77.616455614206657, 12.905473000311931 ], [ 77.616361665324789, 12.896439699024036 ], [ 77.607153530417989, 12.896531667785549 ] ] ] } },
{ "type": "Feature", "properties": { "grid_id": "BLR_00140", "centroid_lat": 12.901094232281448, "centroid_lon": 77.602596154526182 }, "geometry": { "type": "Polygon", "coordinates": [ [ [ 77.597945324357724, 12.896623313156448 ], [ 77.598038613761901, 12.90565674734164 ], [ 77.607247149567115, 12.905565035639105 ], [ 77.607153530417989, 12.896531667785549 ], [ 77.597945324357724, 12.896623313156448 ] ] ] } },
{ "type": "Feature", "properties": { "grid_id": "BLR_00141", "centroid_lat": 12.900910228196821, "centroid_lon": 77.621012753947298 }, "geometry": { "type": "Polygon", "coordinates": [ [ [ 77.616361665324789, 12.896439699024036 ], [ 77.616455614206657, 12.905473000311931 ], [ 77.625664007430018, 12.905380641371771 ], [ 77.625569728827685, 12.896347406883548 ], [ 77.616361665324789, 12.896439699024036 ] ] ] } },
{ "type": "Feature", "properties": { "grid_id": "BLR_00142", "centroid_lat": 12.910035723140824, "centroid_lon": 77.611898309540095 }, "geometry": { "type": "Polygon", "coordinates": [ [ [ 77.607247149567115, 12.905565035639105 ], [ 77.607340839881886, 12.91459839659543 ], [ 77.616549634504722, 12.914506294698008 ], [ 77.616455614206657, 12.905473000311931 ], [ 77.607247149567115, 12.905565035639105 ] ] ] } },
{ "type": "Feature", "properties": { "grid_id": "BLR_00143", "centroid_lat": 12.910127629883176, "centroid_lon": 77.602689644323021 }, "geometry": { "type": "Polygon", "coordinates": [ [ [ 77.598038613761901, 12.90565674734164 ], [ 77.59813197408117, 12.914690174634176 ], [ 77.607340839881886, 12.91459839659543 ], [ 77.607247149567115, 12.905565035639105 ], [ 77.598038613761901, 12.90565674734164 ] ] ] } },
{ "type": "Feature", "properties": { "grid_id": "BLR_00144", "centroid_lat": 12.909943492662645, "centroid_lon": 77.621106903460117 }, "geometry": { "type": "Polygon", "coordinates": [ [ [ 77.616455614206657, 12.905473000311931 ], [ 77.616549634504722, 12.914506294698008 ], [ 77.625758357699084, 12.914413868953577 ], [ 77.625664007430018, 12.905380641371771 ], [ 77.616455614206657, 12.905473000311931 ] ] ] } },
{ "type": "Feature", "properties": { "grid_id": "BLR_00145", "centroid_lat": 12.919161020587673, "centroid_lon": 77.602783205166332 }, "geometry": { "type": "Polygon", "coordinates": [ [ [ 77.59813197408117, 12.914690174634176 ], [ 77.59822540532771, 12.923723595029472 ], [ 77.60743460137455, 12.923631750649937 ], [ 77.607340839881886, 12.91459839659543 ], [ 77.59813197408117, 12.914690174634176 ] ] ] } },
{ "type": "Feature", "properties": { "grid_id": "BLR_00146", "centroid_lat": 12.919069047389801, "centroid_lon": 77.611992200498108 }, "geometry": { "type": "Polygon", "coordinates": [ [ [ 77.607340839881886, 12.91459839659543 ], [ 77.60743460137455, 12.923631750649937 ], [ 77.61664372623126, 12.92353958217768 ], [ 77.616549634504722, 12.914506294698008 ], [ 77.607340839881886, 12.91459839659543 ] ] ] } },
{ "type": "Feature", "properties": { "grid_id": "BLR_00147", "centroid_lat": 12.918976750222059, "centroid_lon": 77.621201124520567 }, "geometry": { "type": "Polygon", "coordinates": [ [ [ 77.616549634504722, 12.914506294698008 ], [ 77.61664372623126, 12.92353958217768 ], [ 77.625852779647218, 12.92344708962437 ], [ 77.625758357699084, 12.914413868953577 ], [ 77.616549634504722, 12.914506294698008 ] ] ] } },
{ "type": "Feature", "properties": { "grid_id": "BLR_00148", "centroid_lat": 12.8921522783527, "centroid_lon": 77.593294659002169 }, "geometry": { "type": "Polygon", "coordinates": [ [ [ 77.588644158399902, 12.887681127958789 ], [ 77.588737047394559, 12.896714635125118 ], [ 77.597945324357724, 12.896623313156448 ], [ 77.597852105856461, 12.887589872083179 ], [ 77.588644158399902, 12.887681127958789 ] ] ] } },
{ "type": "Feature", "properties": { "grid_id": "BLR_00149", "centroid_lat": 12.901276942312375, "centroid_lon": 77.584179270968008 }, "geometry": { "type": "Polygon", "coordinates": [ [ [ 77.579528699779033, 12.896805633680005 ], [ 77.579621329656817, 12.905839199826389 ], [ 77.588830007041622, 12.905748135407926 ], [ 77.588737047394559, 12.896714635125118 ], [ 77.579528699779033, 12.896805633680005 ] ] ] } },
{ "type": "Feature", "properties": { "grid_id": "BLR_00150", "centroid_lat": 12.901367812028758, "centroid_lon": 77.574970723263903 }, "geometry": { "type": "Polygon", "coordinates": [ [ [ 77.570320281761653, 12.896896308809584 ], [ 77.570412581858079, 12.905929940585501 ], [ 77.579621329656817, 12.905839199826389 ], [ 77.579528699779033, 12.896805633680005 ], [ 77.570320281761653, 12.896896308809584 ] ] ] } },
{ "type": "Feature", "properties": { "grid_id": "BLR_00151", "centroid_lat": 12.901185749059424, "centroid_lon": 77.593387748138952 }, "geometry": { "type": "Polygon", "coordinates": [ [ [ 77.588737047394559, 12.896714635125118 ], [ 77.588830007041622, 12.905748135407926 ], [ 77.598038613761901, 12.90565674734164 ], [ 77.597945324357724, 12.896623313156448 ], [ 77.588737047394559, 12.896714635125118 ] ] ] } },
{ "type": "Feature", "properties": { "grid_id": "BLR_00152", "centroid_lat": 12.910310472113881, "centroid_lon": 77.584272101000039 }, "geometry": { "type": "Polygon", "coordinates": [ [ [ 77.579621329656817, 12.905839199826389 ], [ 77.579714029948533, 12.914872759089207 ], [ 77.588923037353183, 12.914781628802626 ], [ 77.588830007041622, 12.905748135407926 ], [ 77.579621329656817, 12.905839199826389 ] ] ] } },
{ "type": "Feature", "properties": { "grid_id": "BLR_00153", "centroid_lat": 12.910401407579085, "centroid_lon": 77.575063223395318 }, "geometry": { "type": "Polygon", "coordinates": [ [ [ 77.570412581858079, 12.905929940585501 ], [ 77.570504952117844, 12.914963565482378 ], [ 77.579714029948533, 12.914872759089207 ], [ 77.579621329656817, 12.905839199826389 ], [ 77.570412581858079, 12.905929940585501 ] ] ] } },
{ "type": "Feature", "properties": { "grid_id": "BLR_00154", "centroid_lat": 12.91021921287806, "centroid_lon": 77.593480908059476 }, "geometry": { "type": "Polygon", "coordinates": [ [ [ 77.588830007041622, 12.905748135407926 ], [ 77.588923037353183, 12.914781628802626 ], [ 77.59813197408117, 12.914690174634176 ], [ 77.598038613761901, 12.90565674734164 ], [ 77.588830007041622, 12.905748135407926 ] ] ] } },
{ "type": "Feature", "properties": { "grid_id": "BLR_00155", "centroid_lat": 12.919434996245828, "centroid_lon": 77.575155793821423 }, "geometry": { "type": "Polygon", "coordinates": [ [ [ 77.570504952117844, 12.914963565482378 ], [ 77.570597392553026, 12.923997183495642 ], [ 77.579806800666276, 12.92390631146389 ], [ 77.579714029948533, 12.914872759089207 ], [ 77.570504952117844, 12.914963565482378 ] ] ] } },
{ "type": "Feature", "properties": { "grid_id": "BLR_00156", "centroid_lat": 12.919343995027271, "centroid_lon": 77.584365001577353 }, "geometry": { "type": "Polygon", "coordinates": [ [ [ 77.579714029948533, 12.914872759089207 ], [ 77.579806800666276, 12.92390631146389 ], [ 77.589016138341407, 12.923815115304654 ], [ 77.588923037353183, 12.914781628802626 ], [ 77.579714029948533, 12.914872759089207 ] ] ] } },
{ "type": "Feature", "properties": { "grid_id": "BLR_00157", "centroid_lat": 12.919252669804029, "centroid_lon": 77.593574138775864 }, "geometry": { "type": "Polygon", "coordinates": [ [ [ 77.588923037353183, 12.914781628802626 ], [ 77.589016138341407, 12.923815115304654 ], [ 77.59822540532771, 12.923723595029472 ], [ 77.59813197408117, 12.914690174634176 ], [ 77.588923037353183, 12.914781628802626 ] ] ] } },
{ "type": "Feature", "properties": { "grid_id": "BLR_00158", "centroid_lat": 12.928649739214935, "centroid_lon": 77.556829147532824 }, "geometry": { "type": "Polygon", "coordinates": [ [ [ 77.552178366014758, 12.924177955130688 ], [ 77.552270215534676, 12.933211696839685 ], [ 77.561480094329568, 12.933121407922492 ], [ 77.561387914252279, 12.924087731388395 ], [ 77.552178366014758, 12.924177955130688 ] ] ] } },
{ "type": "Feature", "properties": { "grid_id": "BLR_00159", "centroid_lat": 12.928559320750566, "centroid_lon": 77.56603882607763 }, "geometry": { "type": "Polygon", "coordinates": [ [ [ 77.561387914252279, 12.924087731388395 ], [ 77.561480094329568, 12.933121407922492 ], [ 77.570689903175648, 12.933030794620727 ], [ 77.570597392553026, 12.923997183495642 ], [ 77.561387914252279, 12.924087731388395 ] ] ] } },
{ "type": "Feature", "properties": { "grid_id": "BLR_00160", "centroid_lat": 12.928739833406068, "centroid_lon": 77.547619399170571 }, "geometry": { "type": "Polygon", "coordinates": [ [ [ 77.542968748091155, 12.92426785471109 ], [ 77.543060267041696, 12.933301661360867 ], [ 77.552270215534676, 12.933211696839685 ], [ 77.552178366014758, 12.924177955130688 ], [ 77.542968748091155, 12.92426785471109 ] ] ] } },
{ "type": "Feature", "properties": { "grid_id": "BLR_00161", "centroid_lat": 12.937683444923325, "centroid_lon": 77.556921197243156 }, "geometry": { "type": "Polygon", "coordinates": [ [ [ 77.552270215534676, 12.933211696839685 ], [ 77.55236213475267, 12.942245431664945 ], [ 77.561572344355696, 12.942155077568351 ], [ 77.561480094329568, 12.933121407922492 ], [ 77.552270215534676, 12.933211696839685 ] ] ] } },
{ "type": "Feature", "properties": { "grid_id": "BLR_00162", "centroid_lat": 12.937773604174541, "centroid_lon": 77.547711118192154 }, "geometry": { "type": "Polygon", "coordinates": [ [ [ 77.543060267041696, 12.933301661360867 ], [ 77.543151855439575, 12.942335461131394 ], [ 77.55236213475267, 12.942245431664945 ], [ 77.552270215534676, 12.933211696839685 ], [ 77.543060267041696, 12.933301661360867 ] ] ] } },
{ "type": "Feature", "properties": { "grid_id": "BLR_00163", "centroid_lat": 12.937592961164745, "centroid_lon": 77.566131206464689 }, "geometry": { "type": "Polygon", "coordinates": [ [ [ 77.561480094329568, 12.933121407922492 ], [ 77.561572344355696, 12.942155077568351 ], [ 77.570782483997846, 12.942064398853061 ], [ 77.570689903175648, 12.933030794620727 ], [ 77.561480094329568, 12.933121407922492 ] ] ] } },
{ "type": "Feature", "properties": { "grid_id": "BLR_00164", "centroid_lat": 12.946626594686151, "centroid_lon": 77.566223656931967 }, "geometry": { "type": "Polygon", "coordinates": [ [ [ 77.561572344355696, 12.942155077568351 ], [ 77.561664664342672, 12.951188740321413 ], [ 77.570875135031685, 12.951097996188071 ], [ 77.570782483997846, 12.942064398853061 ], [ 77.561572344355696, 12.942155077568351 ] ] ] } },
{ "type": "Feature", "properties": { "grid_id": "BLR_00165", "centroid_lat": 12.946717143743449, "centroid_lon": 77.557013316782943 }, "geometry": { "type": "Polygon", "coordinates": [ [ [ 77.55236213475267, 12.942245431664945 ], [ 77.552454123680747, 12.951279159601912 ], [ 77.561664664342672, 12.951188740321413 ], [ 77.561572344355696, 12.942155077568351 ], [ 77.55236213475267, 12.942245431664945 ] ] ] } },
{ "type": "Feature", "properties": { "grid_id": "BLR_00166", "centroid_lat": 12.946807368059252, "centroid_lon": 77.547802906792427 }, "geometry": { "type": "Polygon", "coordinates": [ [ [ 77.543151855439575, 12.942335461131394 ], [ 77.543243513296744, 12.951369254018116 ], [ 77.552454123680747, 12.951279159601912 ], [ 77.55236213475267, 12.942245431664945 ], [ 77.543151855439575, 12.942335461131394 ] ] ] } },
{ "type": "Feature", "properties": { "grid_id": "BLR_00167", "centroid_lat": 12.955660221310211, "centroid_lon": 77.566316177491544 }, "geometry": { "type": "Polygon", "coordinates": [ [ [ 77.561664664342672, 12.951188740321413 ], [ 77.561757054302575, 12.960222396177109 ], [ 77.570967856289244, 12.960131586621191 ], [ 77.570875135031685, 12.951097996188071 ], [ 77.561664664342672, 12.951188740321413 ] ] ] } },
{ "type": "Feature", "properties": { "grid_id": "BLR_00168", "centroid_lat": 12.92891904892303, "centroid_lon": 77.529199693996659 }, "geometry": { "type": "Polygon", "coordinates": [ [ [ 77.52454930418854, 12.92444668134074 ], [ 77.524640161964527, 12.933480617169684 ], [ 77.533850249101405, 12.93339130147465 ], [ 77.533759060732166, 12.924357430118222 ], [ 77.52454930418854, 12.92444668134074 ] ] ] } },
{ "type": "Feature", "properties": { "grid_id": "BLR_00169", "centroid_lat": 12.928829603312554, "centroid_lon": 77.538409581241609 }, "geometry": { "type": "Polygon", "coordinates": [ [ [ 77.533759060732166, 12.924357430118222 ], [ 77.533850249101405, 12.93339130147465 ], [ 77.543060267041696, 12.933301661360867 ], [ 77.542968748091155, 12.92426785471109 ], [ 77.533759060732166, 12.924357430118222 ] ] ] } },
{ "type": "Feature", "properties": { "grid_id": "BLR_00170", "centroid_lat": 12.929008170226165, "centroid_lon": 77.519989737686487 }, "geometry": { "type": "Polygon", "coordinates": [ [ [ 77.515339478710985, 12.924535608367339 ], [ 77.515430005881882, 12.933569608434651 ], [ 77.524640161964527, 12.933480617169684 ], [ 77.52454930418854, 12.92444668134074 ], [ 77.515339478710985, 12.924535608367339 ] ] ] } },
{ "type": "Feature", "properties": { "grid_id": "BLR_00171", "centroid_lat": 12.937952949109276, "centroid_lon": 77.529290751604876 }, "geometry": { "type": "Polygon", "coordinates": [ [ [ 77.524640161964527, 12.933480617169684 ], [ 77.524731088686323, 12.942514546128301 ], [ 77.53394150666719, 12.942425165956298 ], [ 77.533850249101405, 12.93339130147465 ], [ 77.524640161964527, 12.933480617169684 ] ] ] } },
{ "type": "Feature", "properties": { "grid_id": "BLR_00172", "centroid_lat": 12.938042134770075, "centroid_lon": 77.520080464570128 }, "geometry": { "type": "Polygon", "coordinates": [ [ [ 77.515430005881882, 12.933569608434651 ], [ 77.515520601747795, 12.942603601636076 ], [ 77.524731088686323, 12.942514546128301 ], [ 77.524640161964527, 12.933480617169684 ], [ 77.515430005881882, 12.933569608434651 ] ] ] } },
{ "type": "Feature", "properties": { "grid_id": "BLR_00173", "centroid_lat": 12.937863438906986, "centroid_lon": 77.538500969562477 }, "geometry": { "type": "Polygon", "coordinates": [ [ [ 77.533850249101405, 12.93339130147465 ], [ 77.53394150666719, 12.942425165956298 ], [ 77.543151855439575, 12.942335461131394 ], [ 77.543060267041696, 12.933301661360867 ], [ 77.533850249101405, 12.93339130147465 ] ] ] } },
{ "type": "Feature", "properties": { "grid_id": "BLR_00174", "centroid_lat": 12.946897267622129, "centroid_lon": 77.538592427211242 }, "geometry": { "type": "Polygon", "coordinates": [ [ [ 77.53394150666719, 12.942425165956298 ], [ 77.534032833441472, 12.951459023558614 ], [ 77.543243513296744, 12.951369254018116 ], [ 77.543151855439575, 12.942335461131394 ], [ 77.53394150666719, 12.942425165956298 ] ] ] } },
{ "type": "Feature", "properties": { "grid_id": "BLR_00175", "centroid_lat": 12.946986842420698, "centroid_lon": 77.529381878290195 }, "geometry": { "type": "Polygon", "coordinates": [ [ [ 77.524731088686323, 12.942514546128301 ], [ 77.52482208436578, 12.951548468212042 ], [ 77.534032833441472, 12.951459023558614 ], [ 77.53394150666719, 12.942425165956298 ], [ 77.524731088686323, 12.942514546128301 ] ] ] } },
{ "type": "Feature", "properties": { "grid_id": "BLR_00176", "centroid_lat": 12.947076092443609, "centroid_lon": 77.520171260280108 }, "geometry": { "type": "Polygon", "coordinates": [ [ [ 77.515520601747795, 12.942603601636076 ], [ 77.515611266320548, 12.951637587967065 ], [ 77.52482208436578, 12.951548468212042 ], [ 77.524731088686323, 12.942514546128301 ], [ 77.515520601747795, 12.942603601636076 ] ] ] } },
{ "type": "Feature", "properties": { "grid_id": "BLR_00177", "centroid_lat": 12.955931089453427, "centroid_lon": 77.538683954199882 }, "geometry": { "type": "Polygon", "coordinates": [ [ [ 77.534032833441472, 12.951459023558614 ], [ 77.534124229436159, 12.960492874277046 ], [ 77.543335240625169, 12.960403040016473 ], [ 77.543243513296744, 12.951369254018116 ], [ 77.534032833441472, 12.951459023558614 ] ] ] } },
{ "type": "Feature", "properties": { "grid_id": "BLR_00178", "centroid_lat": 12.929185439865309, "centroid_lon": 77.501569618873461 }, "geometry": { "type": "Polygon", "coordinates": [ [ [ 77.496919621957048, 12.924712489787781 ], [ 77.497009487882323, 12.933746617629362 ], [ 77.506219781104221, 12.933658275258287 ], [ 77.506129584550237, 12.92462421118676 ], [ 77.496919621957048, 12.924712489787781 ] ] ] } },
{ "type": "Feature", "properties": { "grid_id": "BLR_00179", "centroid_lat": 12.929096967210672, "centroid_lon": 77.510779712561828 }, "geometry": { "type": "Polygon", "coordinates": [ [ [ 77.506129584550237, 12.92462421118676 ], [ 77.506219781104221, 12.933658275258287 ], [ 77.515430005881882, 12.933569608434651 ], [ 77.515339478710985, 12.924535608367339 ], [ 77.506129584550237, 12.92462421118676 ] ] ] } },
{ "type": "Feature", "properties": { "grid_id": "BLR_00180", "centroid_lat": 12.929273588178866, "centroid_lon": 77.492359456872137 }, "geometry": { "type": "Polygon", "coordinates": [ [ [ 77.487709591182167, 12.924800444159221 ], [ 77.487799126467024, 12.93383463553668 ], [ 77.497009487882323, 12.933746617629362 ], [ 77.496919621957048, 12.924712489787781 ], [ 77.487709591182167, 12.924800444159221 ] ] ] } },
{ "type": "Feature", "properties": { "grid_id": "BLR_00181", "centroid_lat": 12.938219532422071, "centroid_lon": 77.501659684272511 }, "geometry": { "type": "Polygon", "coordinates": [ [ [ 77.497009487882323, 12.933746617629362 ], [ 77.497099422001043, 12.942780738613878 ], [ 77.506310046102428, 12.942692332468345 ], [ 77.506219781104221, 12.933658275258287 ], [ 77.497009487882323, 12.933746617629362 ] ] ] } },
{ "type": "Feature", "properties": { "grid_id": "BLR_00182", "centroid_lat": 12.938307744390793, "centroid_lon": 77.492449191511227 }, "geometry": { "type": "Polygon", "coordinates": [ [ [ 77.487799126467024, 12.93383463553668 ], [ 77.48788872969449, 12.94286882006147 ], [ 77.497099422001043, 12.942780738613878 ], [ 77.497009487882323, 12.933746617629362 ], [ 77.487799126467024, 12.93383463553668 ] ] ] } },
{ "type": "Feature", "properties": { "grid_id": "BLR_00183", "centroid_lat": 12.938130995878092, "centroid_lon": 77.510870108709071 }, "geometry": { "type": "Polygon", "coordinates": [ [ [ 77.506219781104221, 12.933658275258287 ], [ 77.506310046102428, 12.942692332468345 ], [ 77.515520601747795, 12.942603601636076 ], [ 77.515430005881882, 12.933569608434651 ], [ 77.506219781104221, 12.933658275258287 ] ] ] } },
{ "type": "Feature", "properties": { "grid_id": "BLR_00184", "centroid_lat": 12.947165017679565, "centroid_lon": 77.510960573431845 }, "geometry": { "type": "Polygon", "coordinates": [ [ [ 77.506310046102428, 12.942692332468345 ], [ 77.506400379556638, 12.951726382812398 ], [ 77.515611266320548, 12.951637587967065 ], [ 77.515520601747795, 12.942603601636076 ], [ 77.506310046102428, 12.942692332468345 ] ] ] } },
{ "type": "Feature", "properties": { "grid_id": "BLR_00185", "centroid_lat": 12.947253618117296, "centroid_lon": 77.501749817996242 }, "geometry": { "type": "Polygon", "coordinates": [ [ [ 77.497099422001043, 12.942780738613878 ], [ 77.497189424324901, 12.951814852736794 ], [ 77.506400379556638, 12.951726382812398 ], [ 77.506310046102428, 12.942692332468345 ], [ 77.497099422001043, 12.942780738613878 ] ] ] } },
{ "type": "Feature", "properties": { "grid_id": "BLR_00186", "centroid_lat": 12.947341893745586, "centroid_lon": 77.492538994224162 }, "geometry": { "type": "Polygon", "coordinates": [ [ [ 77.48788872969449, 12.94286882006147 ], [ 77.487978400876258, 12.951902997729048 ], [ 77.497189424324901, 12.951814852736794 ], [ 77.497099422001043, 12.942780738613878 ], [ 77.48788872969449, 12.94286882006147 ] ] ] } },
{ "type": "Feature", "properties": { "grid_id": "BLR_00187", "centroid_lat": 12.956199032610545, "centroid_lon": 77.511051106741959 }, "geometry": { "type": "Polygon", "coordinates": [ [ [ 77.506400379556638, 12.951726382812398 ], [ 77.506490781478647, 12.9607604262859 ], [ 77.515701999611991, 12.960671567423073 ], [ 77.515611266320548, 12.951637587967065 ], [ 77.506400379556638, 12.951726382812398 ] ] ] } },
{ "type": "Feature", "properties": { "grid_id": "BLR_00188", "centroid_lat": 12.956287696946452, "centroid_lon": 77.501840020056477 }, "geometry": { "type": "Polygon", "coordinates": [ [ [ 77.497189424324901, 12.951814852736794 ], [ 77.497279494865694, 12.960848959993571 ], [ 77.506490781478647, 12.9607604262859 ], [ 77.506400379556638, 12.951726382812398 ], [ 77.497189424324901, 12.951814852736794 ] ] ] } },
{ "type": "Feature", "properties": { "grid_id": "BLR_00189", "centroid_lat": 12.956376036238709, "centroid_lon": 77.492628865022738 }, "geometry": { "type": "Polygon", "coordinates": [ [ [ 77.487978400876258, 12.951902997729048 ], [ 77.488068140024055, 12.960937168534885 ], [ 77.497279494865694, 12.960848959993571 ], [ 77.497189424324901, 12.951814852736794 ], [ 77.487978400876258, 12.951902997729048 ] ] ] } },
{ "type": "Feature", "properties": { "grid_id": "BLR_00190", "centroid_lat": 12.965233040666483, "centroid_lon": 77.511141708651223 }, "geometry": { "type": "Polygon", "coordinates": [ [ [ 77.506490781478647, 12.9607604262859 ], [ 77.506581251880291, 12.969794462884296 ], [ 77.515792801633978, 12.96970553999955 ], [ 77.515701999611991, 12.960671567423073 ], [ 77.506490781478647, 12.9607604262859 ] ] ] } },
{ "type": "Feature", "properties": { "grid_id": "BLR_00191", "centroid_lat": 12.965321768904987, "centroid_lon": 77.501930290464955 }, "geometry": { "type": "Polygon", "coordinates": [ [ [ 77.497279494865694, 12.960848959993571 ], [ 77.497369633635174, 12.969883060379667 ], [ 77.506581251880291, 12.969794462884296 ], [ 77.506490781478647, 12.9607604262859 ], [ 77.497279494865694, 12.960848959993571 ] ] ] } },
{ "type": "Feature", "properties": { "grid_id": "BLR_00192", "centroid_lat": 12.965410171865619, "centroid_lon": 77.492718803918635 }, "geometry": { "type": "Polygon", "coordinates": [ [ [ 77.488068140024055, 12.960937168534885 ], [ 77.488157947149602, 12.969971332474437 ], [ 77.497369633635174, 12.969883060379667 ], [ 77.497279494865694, 12.960848959993571 ], [ 77.488068140024055, 12.960937168534885 ] ] ] } },
{ "type": "Feature", "properties": { "grid_id": "BLR_00193", "centroid_lat": 12.974355833988369, "centroid_lon": 77.502020629233485 }, "geometry": { "type": "Polygon", "coordinates": [ [ [ 77.497369633635174, 12.969883060379667 ], [ 77.497459840645107, 12.978917153890537 ], [ 77.506671790773368, 12.978828492603052 ], [ 77.506581251880291, 12.969794462884296 ], [ 77.497369633635174, 12.969883060379667 ] ] ] } },
{ "type": "Feature", "properties": { "grid_id": "BLR_00194", "centroid_lat": 12.97426704184284, "centroid_lon": 77.511232379171489 }, "geometry": { "type": "Polygon", "coordinates": [ [ [ 77.506581251880291, 12.969794462884296 ], [ 77.506671790773368, 12.978828492603052 ], [ 77.515883672398346, 12.978739505691951 ], [ 77.515792801633978, 12.96970553999955 ], [ 77.506581251880291, 12.969794462884296 ] ] ] } },
{ "type": "Feature", "properties": { "grid_id": "BLR_00195", "centroid_lat": 12.974444300621782, "centroid_lon": 77.49280881092362 }, "geometry": { "type": "Polygon", "coordinates": [ [ [ 77.488157947149602, 12.969971332474437 ], [ 77.488247822264626, 12.979005489543171 ], [ 77.497459840645107, 12.978917153890537 ], [ 77.497369633635174, 12.969883060379667 ], [ 77.488157947149602, 12.969971332474437 ] ] ] } },
{ "type": "Feature", "properties": { "grid_id": "BLR_00196", "centroid_lat": 12.983301036135067, "centroid_lon": 77.511323118314607 }, "geometry": { "type": "Polygon", "coordinates": [ [ [ 77.506671790773368, 12.978828492603052 ], [ 77.506762398169698, 12.987862515437627 ], [ 77.515974611917002, 12.98777346449573 ], [ 77.515883672398346, 12.978739505691951 ], [ 77.506671790773368, 12.978828492603052 ] ] ] } },
{ "type": "Feature", "properties": { "grid_id": "BLR_00197", "centroid_lat": 12.983478422502655, "centroid_lon": 77.492898886049474 }, "geometry": { "type": "Polygon", "coordinates": [ [ [ 77.488247822264626, 12.979005489543171 ], [ 77.488337765380862, 12.988039639736551 ], [ 77.497550115907302, 12.987951240521651 ], [ 77.497459840645107, 12.978917153890537 ], [ 77.488247822264626, 12.979005489543171 ] ] ] } },
{ "type": "Feature", "properties": { "grid_id": "BLR_00198", "centroid_lat": 12.956022856732574, "centroid_lon": 77.475795880819732 }, "geometry": { "type": "Polygon", "coordinates": [ [ [ 77.478856717204664, 12.961025051898662 ], [ 77.478767309461603, 12.951990817777997 ], [ 77.47195327923535, 12.952055574330856 ], [ 77.4716038, 12.9522113 ], [ 77.4715488, 12.9522356 ], [ 77.4715488, 12.9522358 ], [ 77.471553, 12.952286 ], [ 77.4715762, 12.9525692 ], [ 77.471579800000015, 12.9526454 ], [ 77.4715963, 12.9529944 ], [ 77.471602300000015, 12.9531201 ], [ 77.4716235, 12.9535589 ], [ 77.4716296, 12.9536851 ], [ 77.4716367, 12.9537671 ], [ 77.471722, 12.9539891 ], [ 77.4717638, 12.954098 ], [ 77.4717989, 12.9541668 ], [ 77.4718148, 12.954198 ], [ 77.4718906, 12.9543463 ], [ 77.4719182, 12.9544831 ], [ 77.471921, 12.9544968 ], [ 77.4719479, 12.9546297 ], [ 77.471965600000019, 12.9547172 ], [ 77.4719953, 12.9550433 ], [ 77.4720996, 12.9550547 ], [ 77.4723451, 12.9556411 ], [ 77.4723524, 12.9556584 ], [ 77.4724741, 12.9559491 ], [ 77.472523, 12.955964 ], [ 77.4725648, 12.9560536 ], [ 77.4725935, 12.9561152 ], [ 77.4726453, 12.9562043 ], [ 77.4727034, 12.9563042 ], [ 77.472752, 12.9563879 ], [ 77.4728172, 12.9565 ], [ 77.4728227, 12.9565094 ], [ 77.4729195, 12.9566759 ], [ 77.4729789, 12.956778 ], [ 77.4730973, 12.9569817 ], [ 77.4731187, 12.9570184 ], [ 77.473122, 12.957016 ], [ 77.4735494, 12.9577591 ], [ 77.4741237, 12.9587469 ], [ 77.4745377, 12.9594588 ], [ 77.4746091, 12.959599 ], [ 77.4746253, 12.9596308 ], [ 77.4748641, 12.9600998 ], [ 77.4749929, 12.9603528 ], [ 77.4750405, 12.9604463 ], [ 77.474495013493112, 12.96106655190807 ], [ 77.478856717204664, 12.961025051898662 ] ] ] } },
{ "type": "Feature", "properties": { "grid_id": "BLR_00199", "centroid_lat": 12.965498249537179, "centroid_lon": 77.483507249263212 }, "geometry": { "type": "Polygon", "coordinates": [ [ [ 77.478856717204664, 12.961025051898662 ], [ 77.478946192674542, 12.970059279157431 ], [ 77.488157947149602, 12.969971332474437 ], [ 77.488068140024055, 12.960937168534885 ], [ 77.478856717204664, 12.961025051898662 ] ] ] } },
{ "type": "Feature", "properties": { "grid_id": "BLR_00200", "centroid_lat": 12.965442362216757, "centroid_lon": 77.476271957390694 }, "geometry": { "type": "Polygon", "coordinates": [ [ [ 77.478946192674542, 12.970059279157431 ], [ 77.478856717204664, 12.961025051898662 ], [ 77.474495013493112, 12.96106655190807 ], [ 77.474343, 12.9612394 ], [ 77.47395, 12.9616863 ], [ 77.4736663, 12.9620088 ], [ 77.4735027, 12.9624823 ], [ 77.473464100000015, 12.962594 ], [ 77.4733127, 12.9630321 ], [ 77.473211, 12.9633262 ], [ 77.4731872, 12.9633951 ], [ 77.4731877, 12.963418 ], [ 77.4731896, 12.9634979 ], [ 77.47319, 12.9635135 ], [ 77.4731906, 12.9635428 ], [ 77.4732009, 12.9639872 ], [ 77.4732186, 12.9647481 ], [ 77.4732305, 12.9652651 ], [ 77.4732332, 12.9653791 ], [ 77.4732407, 12.9657038 ], [ 77.4733535, 12.9664142 ], [ 77.4733675, 12.9665023 ], [ 77.4734954, 12.9673079 ], [ 77.473593, 12.9674789 ], [ 77.4735938, 12.9674814 ], [ 77.4736032, 12.9674967 ], [ 77.473608, 12.9675046 ], [ 77.47415, 12.9684514 ], [ 77.4747906, 12.9695364 ], [ 77.4748229, 12.9695911 ], [ 77.475002719001296, 12.970096828712981 ], [ 77.478946192674542, 12.970059279157431 ] ] ] } },
{ "type": "Feature", "properties": { "grid_id": "BLR_00201", "centroid_lat": 12.974744289959473, "centroid_lon": 77.476909888206663 }, "geometry": { "type": "Polygon", "coordinates": [ [ [ 77.479035735882903, 12.979093499549764 ], [ 77.478946192674542, 12.970059279157431 ], [ 77.475002719001296, 12.970096828712981 ], [ 77.4750063, 12.9701069 ], [ 77.4750851, 12.9715016 ], [ 77.475083, 12.9716204 ], [ 77.4750829, 12.9716282 ], [ 77.4750812, 12.971725 ], [ 77.4750797, 12.9717621 ], [ 77.4750761, 12.971848 ], [ 77.4750801, 12.9722067 ], [ 77.4750809, 12.9723314 ], [ 77.4750828, 12.9726063 ], [ 77.475085, 12.9729396 ], [ 77.4750841, 12.9729667 ], [ 77.4750798, 12.9729927 ], [ 77.4750424, 12.9732276 ], [ 77.4749664, 12.9737041 ], [ 77.4749619, 12.9737325 ], [ 77.4749573, 12.9737614 ], [ 77.4749306, 12.9739286 ], [ 77.4749231, 12.9739757 ], [ 77.4748646, 12.9743501 ], [ 77.4748599, 12.9745773 ], [ 77.474857, 12.9747105 ], [ 77.4748518, 12.9749579 ], [ 77.4748368, 12.9756706 ], [ 77.4747387, 12.9763802 ], [ 77.4745434, 12.9777932 ], [ 77.4744908, 12.9781862 ], [ 77.474433, 12.9786184 ], [ 77.4744311, 12.9786326 ], [ 77.4744121, 12.9787747 ], [ 77.474363436883309, 12.979138012826747 ], [ 77.479035735882903, 12.979093499549764 ] ] ] } },
{ "type": "Feature", "properties": { "grid_id": "BLR_00202", "centroid_lat": 12.974532441731876, "centroid_lon": 77.483596924492915 }, "geometry": { "type": "Polygon", "coordinates": [ [ [ 77.478946192674542, 12.970059279157431 ], [ 77.479035735882903, 12.979093499549764 ], [ 77.488247822264626, 12.979005489543171 ], [ 77.488157947149602, 12.969971332474437 ], [ 77.478946192674542, 12.970059279157431 ] ] ] } },
{ "type": "Feature", "properties": { "grid_id": "BLR_00203", "centroid_lat": 12.983566627055684, "centroid_lon": 77.483686667592451 }, "geometry": { "type": "Polygon", "coordinates": [ [ [ 77.479035735882903, 12.979093499549764 ], [ 77.479125346841457, 12.988127713071139 ], [ 77.488337765380862, 12.988039639736551 ], [ 77.488247822264626, 12.979005489543171 ], [ 77.479035735882903, 12.979093499549764 ] ] ] } },
{ "type": "Feature", "properties": { "grid_id": "BLR_00204", "centroid_lat": 12.98724112012367, "centroid_lon": 77.469357067393773 }, "geometry": { "type": "Polygon", "coordinates": [ [ [ 77.469912860540134, 12.988215460514249 ], [ 77.469893435259905, 12.986250364393175 ], [ 77.4698035, 12.9862996 ], [ 77.4684697, 12.9866905 ], [ 77.4684696, 12.9866905 ], [ 77.4684461, 12.9866974 ], [ 77.46845380000002, 12.9867111 ], [ 77.4684536, 12.9867112 ], [ 77.4685026, 12.9868043 ], [ 77.4685113, 12.9868206 ], [ 77.468554, 12.9869017 ], [ 77.4685929, 12.9869753 ], [ 77.4686852, 12.9871415 ], [ 77.4686908, 12.9871535 ], [ 77.4689692, 12.9877545 ], [ 77.4691121, 12.9880196 ], [ 77.4691768, 12.988146 ], [ 77.469215731713973, 12.988222087263663 ], [ 77.469912860540134, 12.988215460514249 ] ] ] } },
{ "type": "Feature", "properties": { "grid_id": "BLR_00205", "centroid_lat": 12.956020728852739, "centroid_lon": 77.529473074064555 }, "geometry": { "type": "Polygon", "coordinates": [ [ [ 77.52482208436578, 12.951548468212042 ], [ 77.524913149014793, 12.96058238341636 ], [ 77.534124229436159, 12.960492874277046 ], [ 77.534032833441472, 12.951459023558614 ], [ 77.52482208436578, 12.951548468212042 ] ] ] } },
{ "type": "Feature", "properties": { "grid_id": "BLR_00206", "centroid_lat": 12.956110043242218, "centroid_lon": 77.520262124828278 }, "geometry": { "type": "Polygon", "coordinates": [ [ [ 77.515611266320548, 12.951637587967065 ], [ 77.515701999611991, 12.960671567423073 ], [ 77.524913149014793, 12.96058238341636 ], [ 77.52482208436578, 12.951548468212042 ], [ 77.515611266320548, 12.951637587967065 ] ] ] } },
{ "type": "Feature", "properties": { "grid_id": "BLR_00207", "centroid_lat": 12.964964904396322, "centroid_lon": 77.538775550540322 }, "geometry": { "type": "Polygon", "coordinates": [ [ [ 77.534124229436159, 12.960492874277046 ], [ 77.534215694663175, 12.969526718107032 ], [ 77.543427037436814, 12.969436819121912 ], [ 77.543335240625169, 12.960403040016473 ], [ 77.534124229436159, 12.960492874277046 ] ] ] } },
{ "type": "Feature", "properties": { "grid_id": "BLR_00208", "centroid_lat": 12.96505460840085, "centroid_lon": 77.529564338939849 }, "geometry": { "type": "Polygon", "coordinates": [ [ [ 77.524913149014793, 12.96058238341636 ], [ 77.525004282645256, 12.969616291736694 ], [ 77.534215694663175, 12.969526718107032 ], [ 77.534124229436159, 12.960492874277046 ], [ 77.524913149014793, 12.96058238341636 ] ] ] } },
{ "type": "Feature", "properties": { "grid_id": "BLR_00209", "centroid_lat": 12.965143987161344, "centroid_lon": 77.520353058226505 }, "geometry": { "type": "Polygon", "coordinates": [ [ [ 77.515701999611991, 12.960671567423073 ], [ 77.515792801633978, 12.96970553999955 ], [ 77.525004282645256, 12.969616291736694 ], [ 77.524913149014793, 12.96058238341636 ], [ 77.515701999611991, 12.960671567423073 ] ] ] } },
{ "type": "Feature", "properties": { "grid_id": "BLR_00210", "centroid_lat": 12.974088481060479, "centroid_lon": 77.529655672928001 }, "geometry": { "type": "Polygon", "coordinates": [ [ [ 77.525004282645256, 12.969616291736694 ], [ 77.525095485269063, 12.978650193168503 ], [ 77.534307229134527, 12.978560555044023 ], [ 77.534215694663175, 12.969526718107032 ], [ 77.525004282645256, 12.969616291736694 ] ] ] } },
{ "type": "Feature", "properties": { "grid_id": "BLR_00211", "centroid_lat": 12.973998712446258, "centroid_lon": 77.538867216244554 }, "geometry": { "type": "Polygon", "coordinates": [ [ [ 77.534215694663175, 12.969526718107032 ], [ 77.534307229134527, 12.978560555044023 ], [ 77.543518903743717, 12.978470591329863 ], [ 77.543427037436814, 12.969436819121912 ], [ 77.534215694663175, 12.969526718107032 ] ] ] } },
{ "type": "Feature", "properties": { "grid_id": "BLR_00212", "centroid_lat": 12.974177924196447, "centroid_lon": 77.520444060486653 }, "geometry": { "type": "Polygon", "coordinates": [ [ [ 77.515792801633978, 12.96970553999955 ], [ 77.515883672398346, 12.978739505691951 ], [ 77.525095485269063, 12.978650193168503 ], [ 77.525004282645256, 12.969616291736694 ], [ 77.515792801633978, 12.96970553999955 ] ] ] } },
{ "type": "Feature", "properties": { "grid_id": "BLR_00213", "centroid_lat": 12.983032513598681, "centroid_lon": 77.538958951324545 }, "geometry": { "type": "Polygon", "coordinates": [ [ [ 77.534307229134527, 12.978560555044023 ], [ 77.534398832862095, 12.987594385083465 ], [ 77.543610839557843, 12.987504356635782 ], [ 77.543518903743717, 12.978470591329863 ], [ 77.534307229134527, 12.978560555044023 ] ] ] } },
{ "type": "Feature", "properties": { "grid_id": "BLR_00214", "centroid_lat": 12.983211854342976, "centroid_lon": 77.520535131620647 }, "geometry": { "type": "Polygon", "coordinates": [ [ [ 77.515883672398346, 12.978739505691951 ], [ 77.515974611917002, 12.98777346449573 ], [ 77.525186756898151, 12.987684087707235 ], [ 77.525095485269063, 12.978650193168503 ], [ 77.515883672398346, 12.978739505691951 ] ] ] } },
{ "type": "Feature", "properties": { "grid_id": "BLR_00215", "centroid_lat": 12.983389892192045, "centroid_lon": 77.502111036373876 }, "geometry": { "type": "Polygon", "coordinates": [ [ [ 77.497459840645107, 12.978917153890537 ], [ 77.497550115907302, 12.987951240521651 ], [ 77.506762398169698, 12.987862515437627 ], [ 77.506671790773368, 12.978828492603052 ], [ 77.497459840645107, 12.978917153890537 ] ] ] } },
{ "type": "Feature", "properties": { "grid_id": "BLR_00216", "centroid_lat": 12.992423943511483, "centroid_lon": 77.502201511897923 }, "geometry": { "type": "Polygon", "coordinates": [ [ [ 77.497550115907302, 12.987951240521651 ], [ 77.497640459433541, 12.996985320268458 ], [ 77.50685307408115, 12.996896531383472 ], [ 77.506762398169698, 12.987862515437627 ], [ 77.497550115907302, 12.987951240521651 ] ] ] } },
{ "type": "Feature", "properties": { "grid_id": "BLR_00217", "centroid_lat": 12.992335023538619, "centroid_lon": 77.511413926092416 }, "geometry": { "type": "Polygon", "coordinates": [ [ [ 77.506762398169698, 12.987862515437627 ], [ 77.50685307408115, 12.996896531383472 ], [ 77.5160656202018, 12.996807416406337 ], [ 77.515974611917002, 12.98777346449573 ], [ 77.506762398169698, 12.987862515437627 ] ] ] } },
{ "type": "Feature", "properties": { "grid_id": "BLR_00218", "centroid_lat": 12.992512537503703, "centroid_lon": 77.49298902930795 }, "geometry": { "type": "Polygon", "coordinates": [ [ [ 77.488337765380862, 12.988039639736551 ], [ 77.488427776510079, 12.997073783050038 ], [ 77.497640459433541, 12.996985320268458 ], [ 77.497550115907302, 12.987951240521651 ], [ 77.488337765380862, 12.988039639736551 ] ] ] } },
{ "type": "Feature", "properties": { "grid_id": "BLR_00219", "centroid_lat": 13.001457987942135, "centroid_lon": 77.502292055817449 }, "geometry": { "type": "Polygon", "coordinates": [ [ [ 77.497640459433541, 12.996985320268458 ], [ 77.497730871235618, 13.006019393126426 ], [ 77.506943818519531, 13.005930540436049 ], [ 77.50685307408115, 12.996896531383472 ], [ 77.497640459433541, 12.996985320268458 ] ] ] } },
{ "type": "Feature", "properties": { "grid_id": "BLR_00220", "centroid_lat": 13.001369004048952, "centroid_lon": 77.511504802516782 }, "geometry": { "type": "Polygon", "coordinates": [ [ [ 77.50685307408115, 12.996896531383472 ], [ 77.506943818519531, 13.005930540436049 ], [ 77.516156697264663, 13.005841361419227 ], [ 77.5160656202018, 12.996807416406337 ], [ 77.50685307408115, 12.996896531383472 ] ] ] } },
{ "type": "Feature", "properties": { "grid_id": "BLR_00221", "centroid_lat": 13.00154664562039, "centroid_lon": 77.493079240710813 }, "geometry": { "type": "Polygon", "coordinates": [ [ [ 77.488427776510079, 12.997073783050038 ], [ 77.488517855664028, 13.006107919479101 ], [ 77.497730871235618, 13.006019393126426 ], [ 77.497640459433541, 12.996985320268458 ], [ 77.488427776510079, 12.997073783050038 ] ] ] } },
{ "type": "Feature", "properties": { "grid_id": "BLR_00222", "centroid_lat": 13.010492025479468, "centroid_lon": 77.502382668144321 }, "geometry": { "type": "Polygon", "coordinates": [ [ [ 77.497730871235618, 13.006019393126426 ], [ 77.497821351325371, 13.015053459091021 ], [ 77.507034631496737, 13.014964542590818 ], [ 77.506943818519531, 13.005930540436049 ], [ 77.497730871235618, 13.006019393126426 ] ] ] } },
{ "type": "Feature", "properties": { "grid_id": "BLR_00223", "centroid_lat": 13.010402977661522, "centroid_lon": 77.5115957475996 }, "geometry": { "type": "Polygon", "coordinates": [ [ [ 77.506943818519531, 13.005930540436049 ], [ 77.507034631496737, 13.014964542590818 ], [ 77.516247843117455, 13.014875299529859 ], [ 77.516156697264663, 13.005841361419227 ], [ 77.506943818519531, 13.005930540436049 ] ] ] } },
{ "type": "Feature", "properties": { "grid_id": "BLR_00224", "centroid_lat": 13.010580746848181, "centroid_lon": 77.493169520269888 }, "geometry": { "type": "Polygon", "coordinates": [ [ [ 77.488517855664028, 13.006107919479101 ], [ 77.488608002854491, 13.015142049019206 ], [ 77.497821351325371, 13.015053459091021 ], [ 77.497730871235618, 13.006019393126426 ], [ 77.488517855664028, 13.006107919479101 ] ] ] } },
{ "type": "Feature", "properties": { "grid_id": "BLR_00225", "centroid_lat": 12.984289024742475, "centroid_lon": 77.475551242268551 }, "geometry": { "type": "Polygon", "coordinates": [ [ [ 77.469912860540134, 12.988215460514249 ], [ 77.479125346841457, 12.988127713071139 ], [ 77.479035735882903, 12.979093499549764 ], [ 77.474363436883309, 12.979138012826747 ], [ 77.4743447, 12.9792779 ], [ 77.4743032, 12.9795879 ], [ 77.4742823, 12.9797056 ], [ 77.4742689, 12.9797813 ], [ 77.4740843, 12.9804737 ], [ 77.4740439, 12.9806249 ], [ 77.473996, 12.9809716 ], [ 77.4739767, 12.9810596 ], [ 77.4739634, 12.9811203 ], [ 77.473940700000014, 12.981224 ], [ 77.4738924, 12.9814576 ], [ 77.4738365, 12.9817286 ], [ 77.4737932, 12.9822242 ], [ 77.4737255, 12.9824789 ], [ 77.473454, 12.9833187 ], [ 77.4733356, 12.983548 ], [ 77.4732776, 12.9836603 ], [ 77.473183600000013, 12.9838097 ], [ 77.4730626, 12.9840023 ], [ 77.473013200000011, 12.9840542 ], [ 77.4722587, 12.9848465 ], [ 77.4717163, 12.985109 ], [ 77.4716865, 12.9851233 ], [ 77.4709812, 12.9856331 ], [ 77.4708879, 12.9857005 ], [ 77.4708572, 12.9857227 ], [ 77.470738, 12.985788 ], [ 77.469893435259905, 12.986250364393175 ], [ 77.469912860540134, 12.988215460514249 ] ] ] } },
{ "type": "Feature", "properties": { "grid_id": "BLR_00226", "centroid_lat": 12.992430436401934, "centroid_lon": 77.475040134569042 }, "geometry": { "type": "Polygon", "coordinates": [ [ [ 77.479215025561885, 12.99716191971701 ], [ 77.479125346841457, 12.988127713071139 ], [ 77.469912860540134, 12.988215460514249 ], [ 77.469926803677097, 12.989625773842244 ], [ 77.4699296, 12.9896313 ], [ 77.4700047, 12.9897797 ], [ 77.4700603, 12.9898719 ], [ 77.4700643, 12.9898786 ], [ 77.4700873, 12.9899167 ], [ 77.4703635, 12.9906538 ], [ 77.4705506, 12.9914053 ], [ 77.4706102, 12.9915927 ], [ 77.4706509, 12.991721 ], [ 77.4707081, 12.9919008 ], [ 77.4707299, 12.9919662 ], [ 77.4708214, 12.9922408 ], [ 77.4710963, 12.9933032 ], [ 77.4711094, 12.9933343 ], [ 77.4713303, 12.9938566 ], [ 77.4712625, 12.9941128 ], [ 77.4712427, 12.9941874 ], [ 77.4712377, 12.9942064 ], [ 77.4712361, 12.9942125 ], [ 77.4712299, 12.9942359 ], [ 77.4712316, 12.9942629 ], [ 77.4712331, 12.9942874 ], [ 77.4712531, 12.9946039 ], [ 77.4713036, 12.9946994 ], [ 77.4715173, 12.9951286 ], [ 77.4715595, 12.9952134 ], [ 77.4715805, 12.9952557 ], [ 77.4716573, 12.9954098 ], [ 77.4717548, 12.9954612 ], [ 77.4717943, 12.9954821 ], [ 77.4718066, 12.9954886 ], [ 77.4719057, 12.9956917 ], [ 77.472291100000021, 12.9964812 ], [ 77.4723069, 12.9965136 ], [ 77.4724011, 12.9967066 ], [ 77.4724496, 12.9968061 ], [ 77.4727857, 12.9967441 ], [ 77.4728322, 12.9967355 ], [ 77.4728825, 12.9967263 ], [ 77.4729781, 12.9970605 ], [ 77.473024106450922, 12.997220963508481 ], [ 77.479215025561885, 12.99716191971701 ] ] ] } },
{ "type": "Feature", "properties": { "grid_id": "BLR_00227", "centroid_lat": 12.992600805504063, "centroid_lon": 77.483776478573574 }, "geometry": { "type": "Polygon", "coordinates": [ [ [ 77.479125346841457, 12.988127713071139 ], [ 77.479215025561885, 12.99716191971701 ], [ 77.488427776510079, 12.997073783050038 ], [ 77.488337765380862, 12.988039639736551 ], [ 77.479125346841457, 12.988127713071139 ] ] ] } },
{ "type": "Feature", "properties": { "grid_id": "BLR_00228", "centroid_lat": 12.98868771840996, "centroid_lon": 77.469685402048412 }, "geometry": { "type": "Polygon", "coordinates": [ [ [ 77.469912860540134, 12.988215460514249 ], [ 77.469215731713973, 12.988222087263663 ], [ 77.4693105, 12.9884073 ], [ 77.469795, 12.9893653 ], [ 77.469926803677097, 12.989625773842244 ], [ 77.469912860540134, 12.988215460514249 ] ] ] } },
{ "type": "Feature", "properties": { "grid_id": "BLR_00229", "centroid_lat": 13.001353340243929, "centroid_lon": 77.476889625877149 }, "geometry": { "type": "Polygon", "coordinates": [ [ [ 77.47930477205594, 13.00619611948286 ], [ 77.479215025561885, 12.99716191971701 ], [ 77.473024106450922, 12.997220963508481 ], [ 77.4730357, 12.9972614 ], [ 77.4730401, 12.9972769 ], [ 77.4730495, 12.9973097 ], [ 77.473167, 12.9974859 ], [ 77.4732814, 12.9978817 ], [ 77.473489, 12.9985998 ], [ 77.4735671, 12.9988712 ], [ 77.4742023, 12.9992187 ], [ 77.4742052, 12.9992308 ], [ 77.4742158, 12.9992749 ], [ 77.4743542, 12.9998486 ], [ 77.474379, 12.9999513 ], [ 77.4744089, 13.000075 ], [ 77.4745226, 13.0005456 ], [ 77.4745349, 13.0005968 ], [ 77.4747473, 13.0007256 ], [ 77.4747806, 13.0007458 ], [ 77.4748009, 13.0008537 ], [ 77.4748487, 13.0011076 ], [ 77.474916, 13.0013415 ], [ 77.4749207, 13.0013625 ], [ 77.474936, 13.001411 ], [ 77.4750501, 13.0018069 ], [ 77.475194, 13.0023066 ], [ 77.4752022, 13.002335 ], [ 77.4752662, 13.0025572 ], [ 77.4753442, 13.0029824 ], [ 77.4753545, 13.003038 ], [ 77.4753773, 13.0031624 ], [ 77.4754196, 13.0033926 ], [ 77.4753956, 13.0033961 ], [ 77.4753745, 13.0033992 ], [ 77.4752712, 13.0034143 ], [ 77.4751942, 13.0034264 ], [ 77.4751927, 13.0034854 ], [ 77.4751915, 13.0035353 ], [ 77.4751713, 13.0043741 ], [ 77.4749988, 13.0048648 ], [ 77.4750072, 13.0048941 ], [ 77.4752328, 13.0057006 ], [ 77.4752839, 13.0059313 ], [ 77.475350899069184, 13.006233870980765 ], [ 77.47930477205594, 13.00619611948286 ] ] ] } },
{ "type": "Feature", "properties": { "grid_id": "BLR_00230", "centroid_lat": 13.001634977072484, "centroid_lon": 77.48386635744798 }, "geometry": { "type": "Polygon", "coordinates": [ [ [ 77.479215025561885, 12.99716191971701 ], [ 77.47930477205594, 13.00619611948286 ], [ 77.488517855664028, 13.006107919479101 ], [ 77.488427776510079, 12.997073783050038 ], [ 77.479215025561885, 12.99716191971701 ] ] ] } },
{ "type": "Feature", "properties": { "grid_id": "BLR_00231", "centroid_lat": 13.010212607349354, "centroid_lon": 77.476854073318037 }, "geometry": { "type": "Polygon", "coordinates": [ [ [ 77.479394586335331, 13.015230312364146 ], [ 77.47930477205594, 13.00619611948286 ], [ 77.475350899069184, 13.006233870980765 ], [ 77.4753618, 13.0062831 ], [ 77.475398, 13.0064466 ], [ 77.4753065, 13.0064724 ], [ 77.4750519, 13.0065439 ], [ 77.4748944, 13.0065881 ], [ 77.4745835, 13.0067074 ], [ 77.4742195, 13.0068792 ], [ 77.4740374, 13.0069317 ], [ 77.4737331, 13.007019 ], [ 77.47346, 13.0070973 ], [ 77.4733081, 13.0071408 ], [ 77.4730649, 13.007207 ], [ 77.4728576, 13.0072635 ], [ 77.4728574, 13.0072635 ], [ 77.4728395, 13.0072684 ], [ 77.472856, 13.0074002 ], [ 77.4728574, 13.0074114 ], [ 77.4728582, 13.0074161 ], [ 77.4729365, 13.0078758 ], [ 77.4730297, 13.0084234 ], [ 77.4730997, 13.0088345 ], [ 77.473121, 13.0088288 ], [ 77.4732392, 13.0088044 ], [ 77.4734429, 13.0087625 ], [ 77.4737402, 13.0092464 ], [ 77.47395760000002, 13.0096007 ], [ 77.4739681, 13.0096177 ], [ 77.473989, 13.0096517 ], [ 77.4740324, 13.0097435 ], [ 77.4747248, 13.0112078 ], [ 77.4747309, 13.0112213 ], [ 77.474786, 13.0113856 ], [ 77.4747926, 13.011405 ], [ 77.4747988, 13.0114236 ], [ 77.474803100000017, 13.0114365 ], [ 77.4748038, 13.0114376 ], [ 77.4748058, 13.0114448 ], [ 77.4748405, 13.011575 ], [ 77.47491, 13.011836 ], [ 77.4750866, 13.0124991 ], [ 77.4751399, 13.0126992 ], [ 77.4751438, 13.012714 ], [ 77.4751741, 13.0128277 ], [ 77.4752072, 13.0129519 ], [ 77.475233900000021, 13.0130521 ], [ 77.47523630000002, 13.0130611 ], [ 77.47525880000002, 13.0131461 ], [ 77.4761169, 13.0140778 ], [ 77.4763537, 13.0143349 ], [ 77.4763708, 13.0143535 ], [ 77.4765025, 13.0144546 ], [ 77.4765934, 13.0145243 ], [ 77.4769388, 13.0147894 ], [ 77.4770054, 13.0148405 ], [ 77.4769722, 13.0149421 ], [ 77.4769263, 13.0150822 ], [ 77.476925397118166, 13.01525391127737 ], [ 77.479394586335331, 13.015230312364146 ] ] ] } },
{ "type": "Feature", "properties": { "grid_id": "BLR_00232", "centroid_lat": 13.010669141756418, "centroid_lon": 77.483956304227448 }, "geometry": { "type": "Polygon", "coordinates": [ [ [ 77.47930477205594, 13.00619611948286 ], [ 77.479394586335331, 13.015230312364146 ], [ 77.488608002854491, 13.015142049019206 ], [ 77.488517855664028, 13.006107919479101 ], [ 77.47930477205594, 13.00619611948286 ] ] ] } },
{ "type": "Feature", "properties": { "grid_id": "BLR_00233", "centroid_lat": 12.983122346827068, "centroid_lon": 77.529747076040962 }, "geometry": { "type": "Polygon", "coordinates": [ [ [ 77.525095485269063, 12.978650193168503 ], [ 77.525186756898151, 12.987684087707235 ], [ 77.534398832862095, 12.987594385083465 ], [ 77.534307229134527, 12.978560555044023 ], [ 77.525095485269063, 12.978650193168503 ] ] ] } },
{ "type": "Feature", "properties": { "grid_id": "BLR_00234", "centroid_lat": 12.992156205696066, "centroid_lon": 77.529838548290655 }, "geometry": { "type": "Polygon", "coordinates": [ [ [ 77.525186756898151, 12.987684087707235 ], [ 77.52527809754443, 12.996717975348334 ], [ 77.534490505857917, 12.996628208220798 ], [ 77.534398832862095, 12.987594385083465 ], [ 77.525186756898151, 12.987684087707235 ] ] ] } },
{ "type": "Feature", "properties": { "grid_id": "BLR_00235", "centroid_lat": 12.992066307849035, "centroid_lon": 77.53905075579226 }, "geometry": { "type": "Polygon", "coordinates": [ [ [ 77.534398832862095, 12.987594385083465 ], [ 77.534490505857917, 12.996628208220798 ], [ 77.5437028448912, 12.996538115035102 ], [ 77.543610839557843, 12.987504356635782 ], [ 77.534398832862095, 12.987594385083465 ] ] ] } },
{ "type": "Feature", "properties": { "grid_id": "BLR_00236", "centroid_lat": 12.992245777596379, "centroid_lon": 77.520626271640339 }, "geometry": { "type": "Polygon", "coordinates": [ [ [ 77.515974611917002, 12.98777346449573 ], [ 77.5160656202018, 12.996807416406337 ], [ 77.52527809754443, 12.996717975348334 ], [ 77.525186756898151, 12.987684087707235 ], [ 77.515974611917002, 12.98777346449573 ] ] ] } },
{ "type": "Feature", "properties": { "grid_id": "BLR_00237", "centroid_lat": 13.001190057662928, "centroid_lon": 77.529930089689017 }, "geometry": { "type": "Polygon", "coordinates": [ [ [ 77.52527809754443, 12.996717975348334 ], [ 77.525369507219835, 13.005751856087258 ], [ 77.53458224813393, 13.00566202445148 ], [ 77.534490505857917, 12.996628208220798 ], [ 77.52527809754443, 12.996717975348334 ] ] ] } },
{ "type": "Feature", "properties": { "grid_id": "BLR_00238", "centroid_lat": 13.001100095192761, "centroid_lon": 77.539142629659722 }, "geometry": { "type": "Polygon", "coordinates": [ [ [ 77.534490505857917, 12.996628208220798 ], [ 77.53458224813393, 13.00566202445148 ], [ 77.543794919755825, 13.005571866523276 ], [ 77.5437028448912, 12.996538115035102 ], [ 77.534490505857917, 12.996628208220798 ] ] ] } },
{ "type": "Feature", "properties": { "grid_id": "BLR_00239", "centroid_lat": 13.001279693952112, "centroid_lon": 77.520717480557678 }, "geometry": { "type": "Polygon", "coordinates": [ [ [ 77.5160656202018, 12.996807416406337 ], [ 77.516156697264663, 13.005841361419227 ], [ 77.525369507219835, 13.005751856087258 ], [ 77.52527809754443, 12.996717975348334 ], [ 77.5160656202018, 12.996807416406337 ] ] ] } },
{ "type": "Feature", "properties": { "grid_id": "BLR_00240", "centroid_lat": 13.010223902723103, "centroid_lon": 77.530021700248042 }, "geometry": { "type": "Polygon", "coordinates": [ [ [ 77.525369507219835, 13.005751856087258 ], [ 77.525460985936306, 13.014785729919454 ], [ 77.534674059702127, 13.014695833770956 ], [ 77.53458224813393, 13.00566202445148 ], [ 77.525369507219835, 13.005751856087258 ] ] ] } },
{ "type": "Feature", "properties": { "grid_id": "BLR_00241", "centroid_lat": 13.010133875625318, "centroid_lon": 77.539234572938909 }, "geometry": { "type": "Polygon", "coordinates": [ [ [ 77.53458224813393, 13.00566202445148 ], [ 77.534674059702127, 13.014695833770956 ], [ 77.543887064163755, 13.014605611095744 ], [ 77.543794919755825, 13.005571866523276 ], [ 77.53458224813393, 13.00566202445148 ] ] ] } },
{ "type": "Feature", "properties": { "grid_id": "BLR_00242", "centroid_lat": 13.010313603405628, "centroid_lon": 77.520808758384561 }, "geometry": { "type": "Polygon", "coordinates": [ [ [ 77.516156697264663, 13.005841361419227 ], [ 77.516247843117455, 13.014875299529859 ], [ 77.525460985936306, 13.014785729919454 ], [ 77.525369507219835, 13.005751856087258 ], [ 77.516156697264663, 13.005841361419227 ] ] ] } },
{ "type": "Feature", "properties": { "grid_id": "BLR_00243", "centroid_lat": 13.01952605611894, "centroid_lon": 77.502473348890334 }, "geometry": { "type": "Polygon", "coordinates": [ [ [ 77.497821351325371, 13.015053459091021 ], [ 77.497911899714595, 13.0240875181577 ], [ 77.507125513024633, 13.023998537843232 ], [ 77.507034631496737, 13.014964542590818 ], [ 77.497821351325371, 13.015053459091021 ] ] ] } },
{ "type": "Feature", "properties": { "grid_id": "BLR_00244", "centroid_lat": 13.019436944371789, "centroid_lon": 77.511686761352735 }, "geometry": { "type": "Polygon", "coordinates": [ [ [ 77.507034631496737, 13.014964542590818 ], [ 77.507125513024633, 13.023998537843232 ], [ 77.5163390577721, 13.023909230733683 ], [ 77.516247843117455, 13.014875299529859 ], [ 77.507034631496737, 13.014964542590818 ] ] ] } },
{ "type": "Feature", "properties": { "grid_id": "BLR_00245", "centroid_lat": 13.019614841182532, "centroid_lon": 77.493259867996926 }, "geometry": { "type": "Polygon", "coordinates": [ [ [ 77.488608002854491, 13.015142049019206 ], [ 77.488698218093234, 13.024176171665816 ], [ 77.497911899714595, 13.0240875181577 ], [ 77.497821351325371, 13.015053459091021 ], [ 77.488608002854491, 13.015142049019206 ] ] ] } },
{ "type": "Feature", "properties": { "grid_id": "BLR_00246", "centroid_lat": 13.028560079856009, "centroid_lon": 77.502564098067367 }, "geometry": { "type": "Polygon", "coordinates": [ [ [ 77.497911899714595, 13.0240875181577 ], [ 77.49800251641517, 13.033121570321924 ], [ 77.507216463115086, 13.033032526188753 ], [ 77.507125513024633, 13.023998537843232 ], [ 77.497911899714595, 13.0240875181577 ] ] ] } },
{ "type": "Feature", "properties": { "grid_id": "BLR_00247", "centroid_lat": 13.028470904175208, "centroid_lon": 77.511777843788096 }, "geometry": { "type": "Polygon", "coordinates": [ [ [ 77.507125513024633, 13.023998537843232 ], [ 77.507216463115086, 13.033032526188753 ], [ 77.51643034124055, 13.032943155026166 ], [ 77.5163390577721, 13.023909230733683 ], [ 77.507125513024633, 13.023998537843232 ] ] ] } },
{ "type": "Feature", "properties": { "grid_id": "BLR_00248", "centroid_lat": 13.028648928618919, "centroid_lon": 77.493350283903766 }, "geometry": { "type": "Polygon", "coordinates": [ [ [ 77.488698218093234, 13.024176171665816 ], [ 77.488788501392079, 13.033210287414398 ], [ 77.49800251641517, 13.033121570321924 ], [ 77.497911899714595, 13.0240875181577 ], [ 77.488698218093234, 13.024176171665816 ] ] ] } },
{ "type": "Feature", "properties": { "grid_id": "BLR_00249", "centroid_lat": 13.037504857067239, "centroid_lon": 77.511868994917577 }, "geometry": { "type": "Polygon", "coordinates": [ [ [ 77.507216463115086, 13.033032526188753 ], [ 77.507307481779961, 13.042066507622843 ], [ 77.516521693534699, 13.04197707240275 ], [ 77.51643034124055, 13.032943155026166 ], [ 77.507216463115086, 13.033032526188753 ] ] ] } },
{ "type": "Feature", "properties": { "grid_id": "BLR_00250", "centroid_lat": 13.03759409668614, "centroid_lon": 77.502654915687273 }, "geometry": { "type": "Polygon", "coordinates": [ [ [ 77.49800251641517, 13.033121570321924 ], [ 77.498093201438877, 13.042155615579164 ], [ 77.507307481779961, 13.042066507622843 ], [ 77.507216463115086, 13.033032526188753 ], [ 77.49800251641517, 13.033121570321924 ] ] ] } },
{ "type": "Feature", "properties": { "grid_id": "BLR_00251", "centroid_lat": 13.037683009152799, "centroid_lon": 77.49344076800223 }, "geometry": { "type": "Polygon", "coordinates": [ [ [ 77.488788501392079, 13.033210287414398 ], [ 77.488878852762781, 13.04224439626042 ], [ 77.498093201438877, 13.042155615579164 ], [ 77.49800251641517, 13.033121570321924 ], [ 77.488788501392079, 13.033210287414398 ] ] ] } },
{ "type": "Feature", "properties": { "grid_id": "BLR_00252", "centroid_lat": 13.046538803043337, "centroid_lon": 77.511960214753088 }, "geometry": { "type": "Polygon", "coordinates": [ [ [ 77.507307481779961, 13.042066507622843 ], [ 77.507398569031196, 13.051100482140962 ], [ 77.516613114666512, 13.0510109828589 ], [ 77.516521693534699, 13.04197707240275 ], [ 77.507307481779961, 13.042066507622843 ] ] ] } },
{ "type": "Feature", "properties": { "grid_id": "BLR_00253", "centroid_lat": 13.018854779339822, "centroid_lon": 77.47864114699675 }, "geometry": { "type": "Polygon", "coordinates": [ [ [ 77.479484468411798, 13.024264498356345 ], [ 77.479394586335331, 13.015230312364146 ], [ 77.476925397118166, 13.01525391127737 ], [ 77.4769252, 13.0152914 ], [ 77.4769376, 13.0154328 ], [ 77.477037400000015, 13.015767 ], [ 77.4772709, 13.0166386 ], [ 77.4772801, 13.0166728 ], [ 77.4773381, 13.0168895 ], [ 77.4773586, 13.016966 ], [ 77.4774081, 13.0171508 ], [ 77.4774509, 13.0172387 ], [ 77.4775009, 13.0173414 ], [ 77.4775186, 13.0173777 ], [ 77.4775673, 13.0174778 ], [ 77.4775787, 13.0175031 ], [ 77.4778072, 13.0180094 ], [ 77.4780287, 13.0185005 ], [ 77.4781032, 13.0186412 ], [ 77.4782782, 13.018972 ], [ 77.4782842, 13.0190023 ], [ 77.47828920000002, 13.0190281 ], [ 77.4783196, 13.0191814 ], [ 77.4783982, 13.019595 ], [ 77.4784938, 13.0201464 ], [ 77.4787442, 13.0215901 ], [ 77.4788026, 13.0219267 ], [ 77.4788349, 13.0221259 ], [ 77.4783399, 13.0222847 ], [ 77.4784571, 13.0240279 ], [ 77.478473626942417, 13.024274168752635 ], [ 77.479484468411798, 13.024264498356345 ] ] ] } },
{ "type": "Feature", "properties": { "grid_id": "BLR_00254", "centroid_lat": 13.019703299551328, "centroid_lon": 77.484046318923717 }, "geometry": { "type": "Polygon", "coordinates": [ [ [ 77.479394586335331, 13.015230312364146 ], [ 77.479484468411798, 13.024264498356345 ], [ 77.488698218093234, 13.024176171665816 ], [ 77.488608002854491, 13.015142049019206 ], [ 77.479394586335331, 13.015230312364146 ] ] ] } },
{ "type": "Feature", "properties": { "grid_id": "BLR_00255", "centroid_lat": 13.029911622392653, "centroid_lon": 77.478703134812932 }, "geometry": { "type": "MultiPolygon", "coordinates": [ [ [ [ 77.479484468411798, 13.024264498356345 ], [ 77.478473626942417, 13.024274168752635 ], [ 77.4784763, 13.024314 ], [ 77.478488, 13.0244876 ], [ 77.4784895, 13.0245096 ], [ 77.4785842, 13.0259187 ], [ 77.478592, 13.0260347 ], [ 77.4786039, 13.0262117 ], [ 77.478615, 13.0263471 ], [ 77.4786596, 13.0264834 ], [ 77.478787, 13.026873 ], [ 77.4788906, 13.0271898 ], [ 77.4790094, 13.0275528 ], [ 77.4792427, 13.028266 ], [ 77.479355, 13.0286093 ], [ 77.4794116, 13.0287824 ], [ 77.4795135, 13.0290937 ], [ 77.479533139862852, 13.029153695747729 ], [ 77.479484468411798, 13.024264498356345 ] ] ], [ [ [ 77.479574418297105, 13.033298677454923 ], [ 77.479533228511741, 13.029162598981232 ], [ 77.4793919, 13.0292927 ], [ 77.4788354, 13.0298102 ], [ 77.4786569, 13.0299689 ], [ 77.4785191, 13.0300914 ], [ 77.4784334, 13.0301676 ], [ 77.4784333, 13.0301676 ], [ 77.4778897, 13.0306614 ], [ 77.4775329, 13.0309219 ], [ 77.4772938, 13.03114 ], [ 77.477182, 13.0312419 ], [ 77.4771731, 13.0312498 ], [ 77.4770502, 13.0313616 ], [ 77.4768731, 13.0315219 ], [ 77.4769523, 13.0316751 ], [ 77.4770176, 13.0318052 ], [ 77.4770874, 13.0319498 ], [ 77.4774903, 13.0327801 ], [ 77.4775608, 13.0329255 ], [ 77.477775857743055, 13.033315892690634 ], [ 77.479574418297105, 13.033298677454923 ] ] ] ] } },
{ "type": "Feature", "properties": { "grid_id": "BLR_00256", "centroid_lat": 13.028737450403282, "centroid_lon": 77.484136402087884 }, "geometry": { "type": "Polygon", "coordinates": [ [ [ 77.479574418297105, 13.033298677454923 ], [ 77.488788501392079, 13.033210287414398 ], [ 77.488698218093234, 13.024176171665816 ], [ 77.479484468411798, 13.024264498356345 ], [ 77.479533139862852, 13.029153695747729 ], [ 77.4795354, 13.0291606 ], [ 77.479533228511741, 13.029162598981232 ], [ 77.479574418297105, 13.033298677454923 ] ] ] } },
{ "type": "Feature", "properties": { "grid_id": "BLR_00257", "centroid_lat": 13.037480176591362, "centroid_lon": 77.484683984769902 }, "geometry": { "type": "Polygon", "coordinates": [ [ [ 77.488878852762781, 13.04224439626042 ], [ 77.488788501392079, 13.033210287414398 ], [ 77.479574418297105, 13.033298677454923 ], [ 77.479596152936168, 13.035480588785997 ], [ 77.4797883, 13.0355776 ], [ 77.4799131, 13.0356418 ], [ 77.4799595, 13.0366311 ], [ 77.4800968, 13.0379278 ], [ 77.4801521, 13.0379624 ], [ 77.4804462, 13.0381464 ], [ 77.4805296, 13.0381986 ], [ 77.480855, 13.0384022 ], [ 77.4810922, 13.0390416 ], [ 77.4811217, 13.0391212 ], [ 77.4813397, 13.0397088 ], [ 77.4817548, 13.0398877 ], [ 77.482107200000016, 13.040017 ], [ 77.4822289, 13.0402586 ], [ 77.4824019, 13.0406022 ], [ 77.4824455, 13.0406443 ], [ 77.4824849, 13.0406824 ], [ 77.4825285, 13.0407246 ], [ 77.4825567, 13.0407518 ], [ 77.4824634, 13.0408851 ], [ 77.4821425, 13.041171 ], [ 77.4820061, 13.0413316 ], [ 77.4816785, 13.0417639 ], [ 77.48155620226494, 13.04231471647986 ], [ 77.488878852762781, 13.04224439626042 ] ] ] } },
{ "type": "Feature", "properties": { "grid_id": "BLR_00258", "centroid_lat": 13.034163120046216, "centroid_lon": 77.478918240162926 }, "geometry": { "type": "Polygon", "coordinates": [ [ [ 77.479574418297105, 13.033298677454923 ], [ 77.477775857743055, 13.033315892690634 ], [ 77.4777936, 13.0333481 ], [ 77.4778261, 13.033407 ], [ 77.478141, 13.0339632 ], [ 77.4781686, 13.0340246 ], [ 77.4782058, 13.0340989 ], [ 77.4782082, 13.0341037 ], [ 77.4782122, 13.0341117 ], [ 77.4784042, 13.0344954 ], [ 77.4784221, 13.0345312 ], [ 77.4786767, 13.0350444 ], [ 77.4786906, 13.0350381 ], [ 77.4787062, 13.0350312 ], [ 77.4787343, 13.0350453 ], [ 77.4793478, 13.0353552 ], [ 77.479596152936168, 13.035480588785997 ], [ 77.479574418297105, 13.033298677454923 ] ] ] } },
{ "type": "Feature", "properties": { "grid_id": "BLR_00259", "centroid_lat": 13.044981146264544, "centroid_lon": 77.484038757557826 }, "geometry": { "type": "Polygon", "coordinates": [ [ [ 77.488878852762781, 13.04224439626042 ], [ 77.48155620226494, 13.04231471647986 ], [ 77.4815245, 13.0424575 ], [ 77.4815189, 13.0424753 ], [ 77.4814749, 13.0426157 ], [ 77.4812617, 13.0428759 ], [ 77.4811602, 13.0429407 ], [ 77.4810117, 13.0430354 ], [ 77.4806989, 13.0431845 ], [ 77.4803055, 13.043372 ], [ 77.4802571, 13.0434709 ], [ 77.4798688, 13.0442639 ], [ 77.4798617, 13.0442784 ], [ 77.479687378992722, 13.044634317802016 ], [ 77.47969160384325, 13.045058074836527 ], [ 77.4797848, 13.0454683 ], [ 77.4797957, 13.0455164 ], [ 77.4798001, 13.0455908 ], [ 77.4798018, 13.0456126 ], [ 77.4798058, 13.0456643 ], [ 77.4798202, 13.0458494 ], [ 77.479836, 13.0459711 ], [ 77.4798947, 13.0464763 ], [ 77.4799704, 13.0471274 ], [ 77.4799821, 13.0473259 ], [ 77.4800207, 13.047983 ], [ 77.4800314, 13.0481649 ], [ 77.4800554, 13.0485733 ], [ 77.4800592, 13.0486378 ], [ 77.4801354, 13.0487842 ], [ 77.4801769, 13.0488387 ], [ 77.4802066, 13.0488777 ], [ 77.4802242, 13.0489008 ], [ 77.4802577, 13.0489448 ], [ 77.4802653, 13.0489548 ], [ 77.4802482, 13.0489755 ], [ 77.4802438, 13.0489808 ], [ 77.4802406, 13.0489848 ], [ 77.4803159, 13.0489761 ], [ 77.4804378, 13.0488753 ], [ 77.4808562, 13.0485281 ], [ 77.4811562, 13.0482791 ], [ 77.4821387, 13.0484132 ], [ 77.4825323, 13.0482417 ], [ 77.4831209, 13.0479853 ], [ 77.4832391, 13.0479338 ], [ 77.4836957, 13.0477349 ], [ 77.4839176, 13.0476383 ], [ 77.4846531, 13.0473277 ], [ 77.4848164, 13.0472588 ], [ 77.4859302, 13.0467564 ], [ 77.4861821, 13.0466428 ], [ 77.4861901, 13.0466395 ], [ 77.486202, 13.0466359 ], [ 77.4862369, 13.0466255 ], [ 77.4875286, 13.046241 ], [ 77.4875515, 13.0462342 ], [ 77.4875596, 13.0461242 ], [ 77.4883121, 13.0459693 ], [ 77.488914883560881, 13.045845166765455 ], [ 77.488878852762781, 13.04224439626042 ] ] ] } },
{ "type": "Feature", "properties": { "grid_id": "BLR_00260", "centroid_lat": 12.928102364732377, "centroid_lon": 77.612086162765422 }, "geometry": { "type": "Polygon", "coordinates": [ [ [ 77.60743460137455, 12.923631750649937 ], [ 77.607528434057329, 12.932665097798051 ], [ 77.616737889398564, 12.932572862746364 ], [ 77.61664372623126, 12.92353958217768 ], [ 77.60743460137455, 12.923631750649937 ] ] ] } },
{ "type": "Feature", "properties": { "grid_id": "BLR_00261", "centroid_lat": 12.928010000870476, "centroid_lon": 77.621295417140942 }, "geometry": { "type": "Polygon", "coordinates": [ [ [ 77.61664372623126, 12.92353958217768 ], [ 77.616737889398564, 12.932572862746364 ], [ 77.625947273286727, 12.932480303379565 ], [ 77.625852779647218, 12.92344708962437 ], [ 77.61664372623126, 12.92353958217768 ] ] ] } },
{ "type": "Feature", "properties": { "grid_id": "BLR_00262", "centroid_lat": 12.928194404390352, "centroid_lon": 77.602876837068322 }, "geometry": { "type": "Polygon", "coordinates": [ [ [ 77.59822540532771, 12.923723595029472 ], [ 77.598318907513715, 12.932757008522952 ], [ 77.607528434057329, 12.932665097798051 ], [ 77.60743460137455, 12.923631750649937 ], [ 77.59822540532771, 12.923723595029472 ] ] ] } },
{ "type": "Feature", "properties": { "grid_id": "BLR_00263", "centroid_lat": 12.937135675163965, "centroid_lon": 77.612180196354316 }, "geometry": { "type": "Polygon", "coordinates": [ [ [ 77.607528434057329, 12.932665097798051 ], [ 77.607622337942473, 12.94169843803518 ], [ 77.616832124018899, 12.941606136399461 ], [ 77.616737889398564, 12.932572862746364 ], [ 77.607528434057329, 12.932665097798051 ] ] ] } },
{ "type": "Feature", "properties": { "grid_id": "BLR_00264", "centroid_lat": 12.937227781286637, "centroid_lon": 77.602970540041241 }, "geometry": { "type": "Polygon", "coordinates": [ [ [ 77.598318907513715, 12.932757008522952 ], [ 77.598412480651419, 12.941790415110027 ], [ 77.607622337942473, 12.94169843803518 ], [ 77.607528434057329, 12.932665097798051 ], [ 77.598318907513715, 12.932757008522952 ] ] ] } },
{ "type": "Feature", "properties": { "grid_id": "BLR_00265", "centroid_lat": 12.937043244603299, "centroid_lon": 77.621389781333534 }, "geometry": { "type": "Polygon", "coordinates": [ [ [ 77.616737889398564, 12.932572862746364 ], [ 77.616832124018899, 12.941606136399461 ], [ 77.626041838629973, 12.941513510214557 ], [ 77.625947273286727, 12.932480303379565 ], [ 77.616737889398564, 12.932572862746364 ] ] ] } },
{ "type": "Feature", "properties": { "grid_id": "BLR_00266", "centroid_lat": 12.946076481415938, "centroid_lon": 77.621484217110691 }, "geometry": { "type": "Polygon", "coordinates": [ [ [ 77.616832124018899, 12.941606136399461 ], [ 77.616926430104598, 12.950639403132389 ], [ 77.626136475689279, 12.950546710124765 ], [ 77.626041838629973, 12.941513510214557 ], [ 77.616832124018899, 12.941606136399461 ] ] ] } },
{ "type": "Feature", "properties": { "grid_id": "BLR_00267", "centroid_lat": 12.946168978679975, "centroid_lon": 77.612274301277068 }, "geometry": { "type": "Polygon", "coordinates": [ [ [ 77.607622337942473, 12.94169843803518 ], [ 77.60771631304226, 12.950731771356741 ], [ 77.616926430104598, 12.950639403132389 ], [ 77.616832124018899, 12.941606136399461 ], [ 77.607622337942473, 12.94169843803518 ] ] ] } },
{ "type": "Feature", "properties": { "grid_id": "BLR_00268", "centroid_lat": 12.946261151271935, "centroid_lon": 77.603064314097296 }, "geometry": { "type": "Polygon", "coordinates": [ [ [ 77.598412480651419, 12.941790415110027 ], [ 77.59850612475303, 12.950823814786119 ], [ 77.60771631304226, 12.950731771356741 ], [ 77.607622337942473, 12.94169843803518 ], [ 77.598412480651419, 12.941790415110027 ] ] ] } },
{ "type": "Feature", "properties": { "grid_id": "BLR_00269", "centroid_lat": 12.955109711303807, "centroid_lon": 77.621578724484721 }, "geometry": { "type": "Polygon", "coordinates": [ [ [ 77.616926430104598, 12.950639403132389 ], [ 77.617020807667984, 12.959672662940564 ], [ 77.626231184477007, 12.959579903105594 ], [ 77.626136475689279, 12.950546710124765 ], [ 77.616926430104598, 12.950639403132389 ] ] ] } },
{ "type": "Feature", "properties": { "grid_id": "BLR_00270", "centroid_lat": 12.928377511047966, "centroid_lon": 77.584457972712073 }, "geometry": { "type": "Polygon", "coordinates": [ [ [ 77.579806800666276, 12.92390631146389 ], [ 77.57989964182218, 12.932939856945868 ], [ 77.589109310018443, 12.932848594909421 ], [ 77.589016138341407, 12.923815115304654 ], [ 77.579806800666276, 12.92390631146389 ] ] ] } },
{ "type": "Feature", "properties": { "grid_id": "BLR_00271", "centroid_lat": 12.928286119832755, "centroid_lon": 77.593667440300322 }, "geometry": { "type": "Polygon", "coordinates": [ [ [ 77.589016138341407, 12.923815115304654 ], [ 77.589109310018443, 12.932848594909421 ], [ 77.598318907513715, 12.932757008522952 ], [ 77.59822540532771, 12.923723595029472 ], [ 77.589016138341407, 12.923815115304654 ] ] ] } },
{ "type": "Feature", "properties": { "grid_id": "BLR_00272", "centroid_lat": 12.928468578024415, "centroid_lon": 77.575248434554283 }, "geometry": { "type": "Polygon", "coordinates": [ [ [ 77.570597392553026, 12.923997183495642 ], [ 77.570689903175648, 12.933030794620727 ], [ 77.57989964182218, 12.932939856945868 ], [ 77.579806800666276, 12.92390631146389 ], [ 77.570597392553026, 12.923997183495642 ] ] ] } },
{ "type": "Feature", "properties": { "grid_id": "BLR_00273", "centroid_lat": 12.937411020171389, "centroid_lon": 77.584551014416363 }, "geometry": { "type": "Polygon", "coordinates": [ [ [ 77.57989964182218, 12.932939856945868 ], [ 77.579992553428355, 12.941973395530553 ], [ 77.589202552396472, 12.941882067612353 ], [ 77.589109310018443, 12.932848594909421 ], [ 77.57989964182218, 12.932939856945868 ] ] ] } },
{ "type": "Feature", "properties": { "grid_id": "BLR_00274", "centroid_lat": 12.937502152910266, "centroid_lon": 77.575341145606004 }, "geometry": { "type": "Polygon", "coordinates": [ [ [ 77.570689903175648, 12.933030794620727 ], [ 77.570782483997846, 12.942064398853061 ], [ 77.579992553428355, 12.941973395530553 ], [ 77.57989964182218, 12.932939856945868 ], [ 77.570689903175648, 12.933030794620727 ] ] ] } },
{ "type": "Feature", "properties": { "grid_id": "BLR_00275", "centroid_lat": 12.937319562959651, "centroid_lon": 77.593760812645016 }, "geometry": { "type": "Polygon", "coordinates": [ [ [ 77.589109310018443, 12.932848594909421 ], [ 77.589202552396472, 12.941882067612353 ], [ 77.598412480651419, 12.941790415110027 ], [ 77.598318907513715, 12.932757008522952 ], [ 77.589109310018443, 12.932848594909421 ] ] ] } },
{ "type": "Feature", "properties": { "grid_id": "BLR_00276", "centroid_lat": 12.94635299918014, "centroid_lon": 77.593854255822151 }, "geometry": { "type": "Polygon", "coordinates": [ [ [ 77.589202552396472, 12.941882067612353 ], [ 77.589295865487642, 12.950915533408873 ], [ 77.59850612475303, 12.950823814786119 ], [ 77.598412480651419, 12.941790415110027 ], [ 77.589202552396472, 12.941882067612353 ] ] ] } },
{ "type": "Feature", "properties": { "grid_id": "BLR_00277", "centroid_lat": 12.946444522392966, "centroid_lon": 77.584644126702358 }, "geometry": { "type": "Polygon", "coordinates": [ [ [ 77.579992553428355, 12.941973395530553 ], [ 77.580085535496934, 12.951006927213381 ], [ 77.589295865487642, 12.950915533408873 ], [ 77.589202552396472, 12.941882067612353 ], [ 77.579992553428355, 12.941973395530553 ] ] ] } },
{ "type": "Feature", "properties": { "grid_id": "BLR_00278", "centroid_lat": 12.946535720898819, "centroid_lon": 77.575433926988708 }, "geometry": { "type": "Polygon", "coordinates": [ [ [ 77.570782483997846, 12.942064398853061 ], [ 77.570875135031685, 12.951097996188071 ], [ 77.580085535496934, 12.951006927213381 ], [ 77.579992553428355, 12.941973395530553 ], [ 77.570782483997846, 12.942064398853061 ] ] ] } },
{ "type": "Feature", "properties": { "grid_id": "BLR_00279", "centroid_lat": 12.955386428489648, "centroid_lon": 77.593947769843908 }, "geometry": { "type": "Polygon", "coordinates": [ [ [ 77.589295865487642, 12.950915533408873 ], [ 77.589389249304176, 12.9599489922944 ], [ 77.59859983983074, 12.95985720754665 ], [ 77.59850612475303, 12.950823814786119 ], [ 77.589295865487642, 12.950915533408873 ] ] ] } },
{ "type": "Feature", "properties": { "grid_id": "BLR_00280", "centroid_lat": 12.955478017708124, "centroid_lon": 77.584737309582209 }, "geometry": { "type": "Polygon", "coordinates": [ [ [ 77.580085535496934, 12.951006927213381 ], [ 77.580178588040056, 12.960040451989776 ], [ 77.589389249304176, 12.9599489922944 ], [ 77.589295865487642, 12.950915533408873 ], [ 77.580085535496934, 12.951006927213381 ] ] ] } },
{ "type": "Feature", "properties": { "grid_id": "BLR_00281", "centroid_lat": 12.955569281985493, "centroid_lon": 77.575526778714476 }, "geometry": { "type": "Polygon", "coordinates": [ [ [ 77.570875135031685, 12.951097996188071 ], [ 77.570967856289244, 12.960131586621191 ], [ 77.580178588040056, 12.960040451989776 ], [ 77.580085535496934, 12.951006927213381 ], [ 77.570875135031685, 12.951097996188071 ] ] ] } },
{ "type": "Feature", "properties": { "grid_id": "BLR_00282", "centroid_lat": 12.964419850883589, "centroid_lon": 77.594041354722506 }, "geometry": { "type": "Polygon", "coordinates": [ [ [ 77.589389249304176, 12.9599489922944 ], [ 77.589482703858238, 12.968982444264364 ], [ 77.598693625896843, 12.968890593387039 ], [ 77.59859983983074, 12.95985720754665 ], [ 77.589389249304176, 12.9599489922944 ] ] ] } },
{ "type": "Feature", "properties": { "grid_id": "BLR_00283", "centroid_lat": 12.964511506112281, "centroid_lon": 77.584830563068081 }, "geometry": { "type": "Polygon", "coordinates": [ [ [ 77.580178588040056, 12.960040451989776 ], [ 77.580271711069884, 12.969073969855167 ], [ 77.589482703858238, 12.968982444264364 ], [ 77.589389249304176, 12.9599489922944 ], [ 77.580178588040056, 12.960040451989776 ] ] ] } },
{ "type": "Feature", "properties": { "grid_id": "BLR_00284", "centroid_lat": 12.964602836165728, "centroid_lon": 77.575619700795471 }, "geometry": { "type": "Polygon", "coordinates": [ [ [ 77.570967856289244, 12.960131586621191 ], [ 77.571060647782659, 12.969165170147852 ], [ 77.580271711069884, 12.969073969855167 ], [ 77.580178588040056, 12.960040451989776 ], [ 77.570967856289244, 12.960131586621191 ] ] ] } },
{ "type": "Feature", "properties": { "grid_id": "BLR_00285", "centroid_lat": 12.973544987600867, "centroid_lon": 77.584923887172195 }, "geometry": { "type": "Polygon", "coordinates": [ [ [ 77.580271711069884, 12.969073969855167 ], [ 77.580364904598568, 12.978107480804979 ], [ 77.589576229162049, 12.978015889314184 ], [ 77.589482703858238, 12.968982444264364 ], [ 77.580271711069884, 12.969073969855167 ] ] ] } },
{ "type": "Feature", "properties": { "grid_id": "BLR_00286", "centroid_lat": 12.973453266357389, "centroid_lon": 77.594135010470183 }, "geometry": { "type": "Polygon", "coordinates": [ [ [ 77.589482703858238, 12.968982444264364 ], [ 77.589576229162049, 12.978015889314184 ], [ 77.598787482963559, 12.977923972302701 ], [ 77.598693625896843, 12.968890593387039 ], [ 77.589482703858238, 12.968982444264364 ] ] ] } },
{ "type": "Feature", "properties": { "grid_id": "BLR_00287", "centroid_lat": 12.973636383434942, "centroid_lon": 77.575712693243801 }, "geometry": { "type": "Polygon", "coordinates": [ [ [ 77.571060647782659, 12.969165170147852 ], [ 77.571153509524066, 12.978198746763484 ], [ 77.580364904598568, 12.978107480804979 ], [ 77.580271711069884, 12.969073969855167 ], [ 77.571060647782659, 12.969165170147852 ] ] ] } },
{ "type": "Feature", "properties": { "grid_id": "BLR_00288", "centroid_lat": 12.982486674906472, "centroid_lon": 77.594228737099158 }, "geometry": { "type": "Polygon", "coordinates": [ [ [ 77.589576229162049, 12.978015889314184 ], [ 77.589669825227816, 12.987049327439294 ], [ 77.598881411043152, 12.98695734428907 ], [ 77.598787482963559, 12.977923972302701 ], [ 77.589576229162049, 12.978015889314184 ] ] ] } },
{ "type": "Feature", "properties": { "grid_id": "BLR_00289", "centroid_lat": 12.982669923788574, "centroid_lon": 77.575805756071617 }, "geometry": { "type": "Polygon", "coordinates": [ [ [ 77.571153509524066, 12.978198746763484 ], [ 77.57124644152556, 12.987232316463519 ], [ 77.580458168638302, 12.987140984834644 ], [ 77.580364904598568, 12.978107480804979 ], [ 77.571153509524066, 12.978198746763484 ] ] ] } },
{ "type": "Feature", "properties": { "grid_id": "BLR_00290", "centroid_lat": 12.955750835670747, "centroid_lon": 77.557105506164234 }, "geometry": { "type": "Polygon", "coordinates": [ [ [ 77.552454123680747, 12.951279159601912 ], [ 77.552546182330929, 12.960312880646022 ], [ 77.561757054302575, 12.960222396177109 ], [ 77.561664664342672, 12.951188740321413 ], [ 77.552454123680747, 12.951279159601912 ] ] ] } },
{ "type": "Feature", "properties": { "grid_id": "BLR_00291", "centroid_lat": 12.955841125055631, "centroid_lon": 77.547894764983397 }, "geometry": { "type": "Polygon", "coordinates": [ [ [ 77.543243513296744, 12.951369254018116 ], [ 77.543335240625169, 12.960403040016473 ], [ 77.552546182330929, 12.960312880646022 ], [ 77.552454123680747, 12.951279159601912 ], [ 77.543243513296744, 12.951369254018116 ] ] ] } },
{ "type": "Feature", "properties": { "grid_id": "BLR_00292", "centroid_lat": 12.964693841032359, "centroid_lon": 77.566408768155497 }, "geometry": { "type": "Polygon", "coordinates": [ [ [ 77.561757054302575, 12.960222396177109 ], [ 77.561849514247484, 12.969256045130869 ], [ 77.571060647782659, 12.969165170147852 ], [ 77.570967856289244, 12.960131586621191 ], [ 77.561757054302575, 12.960222396177109 ] ] ] } },
{ "type": "Feature", "properties": { "grid_id": "BLR_00293", "centroid_lat": 12.964784520700654, "centroid_lon": 77.557197765399053 }, "geometry": { "type": "Polygon", "coordinates": [ [ [ 77.552546182330929, 12.960312880646022 ], [ 77.552638310715224, 12.969346594792716 ], [ 77.561849514247484, 12.969256045130869 ], [ 77.561757054302575, 12.960222396177109 ], [ 77.552546182330929, 12.960312880646022 ] ] ] } },
{ "type": "Feature", "properties": { "grid_id": "BLR_00294", "centroid_lat": 12.964874875159122, "centroid_lon": 77.54798669277703 }, "geometry": { "type": "Polygon", "coordinates": [ [ [ 77.543335240625169, 12.960403040016473 ], [ 77.543427037436814, 12.969436819121912 ], [ 77.552638310715224, 12.969346594792716 ], [ 77.552546182330929, 12.960312880646022 ], [ 77.543335240625169, 12.960403040016473 ] ] ] } },
{ "type": "Feature", "properties": { "grid_id": "BLR_00295", "centroid_lat": 12.973818198828607, "centroid_lon": 77.55729009449945 }, "geometry": { "type": "Polygon", "coordinates": [ [ [ 77.552638310715224, 12.969346594792716 ], [ 77.55273050884567, 12.978380302037424 ], [ 77.56194204418945, 12.978289687178137 ], [ 77.561849514247484, 12.969256045130869 ], [ 77.552638310715224, 12.969346594792716 ] ] ] } },
{ "type": "Feature", "properties": { "grid_id": "BLR_00296", "centroid_lat": 12.973727453848035, "centroid_lon": 77.566501428935908 }, "geometry": { "type": "Polygon", "coordinates": [ [ [ 77.561849514247484, 12.969256045130869 ], [ 77.56194204418945, 12.978289687178137 ], [ 77.571153509524066, 12.978198746763484 ], [ 77.571060647782659, 12.969165170147852 ], [ 77.561849514247484, 12.969256045130869 ] ] ] } },
{ "type": "Feature", "properties": { "grid_id": "BLR_00297", "centroid_lat": 12.973908618365163, "centroid_lon": 77.548078690185363 }, "geometry": { "type": "Polygon", "coordinates": [ [ [ 77.543427037436814, 12.969436819121912 ], [ 77.543518903743717, 12.978470591329863 ], [ 77.55273050884567, 12.978380302037424 ], [ 77.552638310715224, 12.969346594792716 ], [ 77.543427037436814, 12.969436819121912 ] ] ] } },
{ "type": "Feature", "properties": { "grid_id": "BLR_00298", "centroid_lat": 12.982761059752663, "centroid_lon": 77.566594159844897 }, "geometry": { "type": "Polygon", "coordinates": [ [ [ 77.56194204418945, 12.978289687178137 ], [ 77.562034644140567, 12.987323322314342 ], [ 77.57124644152556, 12.987232316463519 ], [ 77.571153509524066, 12.978198746763484 ], [ 77.56194204418945, 12.978289687178137 ] ] ] } },
{ "type": "Feature", "properties": { "grid_id": "BLR_00299", "centroid_lat": 12.982942354669202, "centroid_lon": 77.54817075722039 }, "geometry": { "type": "Polygon", "coordinates": [ [ [ 77.543518903743717, 12.978470591329863 ], [ 77.543610839557843, 12.987504356635782 ], [ 77.552822776734331, 12.987414002375594 ], [ 77.55273050884567, 12.978380302037424 ], [ 77.543518903743717, 12.978470591329863 ] ] ] } },
{ "type": "Feature", "properties": { "grid_id": "BLR_00300", "centroid_lat": 12.955202275275829, "centroid_lon": 77.612368477545957 }, "geometry": { "type": "Polygon", "coordinates": [ [ [ 77.60771631304226, 12.950731771356741 ], [ 77.607810359368969, 12.959765097758151 ], [ 77.617020807667984, 12.959672662940564 ], [ 77.616926430104598, 12.950639403132389 ], [ 77.60771631304226, 12.950731771356741 ] ] ] } },
{ "type": "Feature", "properties": { "grid_id": "BLR_00301", "centroid_lat": 12.955294514341668, "centroid_lon": 77.60315815924875 }, "geometry": { "type": "Polygon", "coordinates": [ [ [ 77.59850612475303, 12.950823814786119 ], [ 77.59859983983074, 12.95985720754665 ], [ 77.607810359368969, 12.959765097758151 ], [ 77.60771631304226, 12.950731771356741 ], [ 77.59850612475303, 12.950823814786119 ] ] ] } },
{ "type": "Feature", "properties": { "grid_id": "BLR_00302", "centroid_lat": 12.964142934262316, "centroid_lon": 77.621673303467972 }, "geometry": { "type": "Polygon", "coordinates": [ [ [ 77.617020807667984, 12.959672662940564 ], [ 77.617115256721362, 12.968705915819388 ], [ 77.626325965005535, 12.968613089152448 ], [ 77.626231184477007, 12.959579903105594 ], [ 77.617020807667984, 12.959672662940564 ] ] ] } },
{ "type": "Feature", "properties": { "grid_id": "BLR_00303", "centroid_lat": 12.964235564946936, "centroid_lon": 77.612462725173287 }, "geometry": { "type": "Polygon", "coordinates": [ [ [ 77.607810359368969, 12.959765097758151 ], [ 77.607904476934834, 12.968798417234821 ], [ 77.617115256721362, 12.968705915819388 ], [ 77.617020807667984, 12.959672662940564 ], [ 77.607810359368969, 12.959765097758151 ] ] ] } },
{ "type": "Feature", "properties": { "grid_id": "BLR_00304", "centroid_lat": 12.964327870491259, "centroid_lon": 77.603252075507854 }, "geometry": { "type": "Polygon", "coordinates": [ [ [ 77.59859983983074, 12.95985720754665 ], [ 77.598693625896843, 12.968890593387039 ], [ 77.607904476934834, 12.968798417234821 ], [ 77.607810359368969, 12.959765097758151 ], [ 77.59859983983074, 12.95985720754665 ] ] ] } },
{ "type": "Feature", "properties": { "grid_id": "BLR_00305", "centroid_lat": 12.973268847688713, "centroid_lon": 77.612557044171368 }, "geometry": { "type": "Polygon", "coordinates": [ [ [ 77.607904476934834, 12.968798417234821 ], [ 77.607998665752206, 12.977831729782173 ], [ 77.617209777277054, 12.977739161764282 ], [ 77.617115256721362, 12.968705915819388 ], [ 77.607904476934834, 12.968798417234821 ] ] ] } },
{ "type": "Feature", "properties": { "grid_id": "BLR_00306", "centroid_lat": 12.973176150286875, "centroid_lon": 77.621767954072808 }, "geometry": { "type": "Polygon", "coordinates": [ [ [ 77.617115256721362, 12.968705915819388 ], [ 77.617209777277054, 12.977739161764282 ], [ 77.62642081728724, 12.977646268260745 ], [ 77.626325965005535, 12.968613089152448 ], [ 77.617115256721362, 12.968705915819388 ] ] ] } },
{ "type": "Feature", "properties": { "grid_id": "BLR_00307", "centroid_lat": 12.973361219716116, "centroid_lon": 77.603346062886857 }, "geometry": { "type": "Polygon", "coordinates": [ [ [ 77.598693625896843, 12.968890593387039 ], [ 77.598787482963559, 12.977923972302701 ], [ 77.607998665752206, 12.977831729782173 ], [ 77.607904476934834, 12.968798417234821 ], [ 77.598693625896843, 12.968890593387039 ] ] ] } },
{ "type": "Feature", "properties": { "grid_id": "BLR_00308", "centroid_lat": 12.982209359372893, "centroid_lon": 77.621862676311565 }, "geometry": { "type": "Polygon", "coordinates": [ [ [ 77.617209777277054, 12.977739161764282 ], [ 77.617304369347437, 12.98677240077066 ], [ 77.626515741334501, 12.986679440425894 ], [ 77.62642081728724, 12.977646268260745 ], [ 77.617209777277054, 12.977739161764282 ] ] ] } },
{ "type": "Feature", "properties": { "grid_id": "BLR_00309", "centroid_lat": 12.982394562011669, "centroid_lon": 77.603440121398066 }, "geometry": { "type": "Polygon", "coordinates": [ [ [ 77.598787482963559, 12.977923972302701 ], [ 77.598881411043152, 12.98695734428907 ], [ 77.608092925833361, 12.986865035395628 ], [ 77.607998665752206, 12.977831729782173 ], [ 77.598787482963559, 12.977923972302701 ] ] ] } },
{ "type": "Feature", "properties": { "grid_id": "BLR_00310", "centroid_lat": 12.982578462169315, "centroid_lon": 77.585017281906687 }, "geometry": { "type": "Polygon", "coordinates": [ [ [ 77.580364904598568, 12.978107480804979 ], [ 77.580458168638302, 12.987140984834644 ], [ 77.589669825227816, 12.987049327439294 ], [ 77.589576229162049, 12.978015889314184 ], [ 77.580364904598568, 12.978107480804979 ] ] ] } },
{ "type": "Feature", "properties": { "grid_id": "BLR_00311", "centroid_lat": 12.991611929813045, "centroid_lon": 77.585110747283792 }, "geometry": { "type": "Polygon", "coordinates": [ [ [ 77.580458168638302, 12.987140984834644 ], [ 77.580551503201235, 12.996174481939587 ], [ 77.589763492067789, 12.996082758635103 ], [ 77.589669825227816, 12.987049327439294 ], [ 77.580458168638302, 12.987140984834644 ] ] ] } },
{ "type": "Feature", "properties": { "grid_id": "BLR_00312", "centroid_lat": 12.991520076526259, "centroid_lon": 77.594322534621668 }, "geometry": { "type": "Polygon", "coordinates": [ [ [ 77.589669825227816, 12.987049327439294 ], [ 77.589763492067789, 12.996082758635103 ], [ 77.598975410147901, 12.995990709341553 ], [ 77.598881411043152, 12.98695734428907 ], [ 77.589669825227816, 12.987049327439294 ] ] ] } },
{ "type": "Feature", "properties": { "grid_id": "BLR_00313", "centroid_lat": 12.99170345722205, "centroid_lon": 77.575898889291096 }, "geometry": { "type": "Polygon", "coordinates": [ [ [ 77.57124644152556, 12.987232316463519 ], [ 77.571339443799275, 12.996265879243387 ], [ 77.580551503201235, 12.996174481939587 ], [ 77.580458168638302, 12.987140984834644 ], [ 77.57124644152556, 12.987232316463519 ] ] ] } },
{ "type": "Feature", "properties": { "grid_id": "BLR_00314", "centroid_lat": 13.000645390527481, "centroid_lon": 77.585204283315704 }, "geometry": { "type": "Polygon", "coordinates": [ [ [ 77.580551503201235, 12.996174481939587 ], [ 77.580644908299604, 13.005207972115244 ], [ 77.589857229694175, 13.005116182897051 ], [ 77.589763492067789, 12.996082758635103 ], [ 77.580551503201235, 12.996174481939587 ] ] ] } },
{ "type": "Feature", "properties": { "grid_id": "BLR_00315", "centroid_lat": 13.000553471212173, "centroid_lon": 77.594416403049991 }, "geometry": { "type": "Polygon", "coordinates": [ [ [ 77.589763492067789, 12.996082758635103 ], [ 77.589857229694175, 13.005116182897051 ], [ 77.599069480290083, 13.005024067455579 ], [ 77.598975410147901, 12.995990709341553 ], [ 77.589763492067789, 12.996082758635103 ] ] ] } },
{ "type": "Feature", "properties": { "grid_id": "BLR_00316", "centroid_lat": 13.000736983730796, "centroid_lon": 77.57599209291439 }, "geometry": { "type": "Polygon", "coordinates": [ [ [ 77.571339443799275, 12.996265879243387 ], [ 77.571432516357419, 13.005299435098525 ], [ 77.580644908299604, 13.005207972115244 ], [ 77.580551503201235, 12.996174481939587 ], [ 77.571339443799275, 12.996265879243387 ] ] ] } },
{ "type": "Feature", "properties": { "grid_id": "BLR_00317", "centroid_lat": 13.009678844308056, "centroid_lon": 77.585297890014658 }, "geometry": { "type": "Polygon", "coordinates": [ [ [ 77.580644908299604, 13.005207972115244 ], [ 77.580738383945601, 13.014241455357036 ], [ 77.589951038119253, 13.014149600220559 ], [ 77.589857229694175, 13.005116182897051 ], [ 77.580644908299604, 13.005207972115244 ] ] ] } },
{ "type": "Feature", "properties": { "grid_id": "BLR_00318", "centroid_lat": 13.00958685895964, "centroid_lon": 77.594510342396376 }, "geometry": { "type": "Polygon", "coordinates": [ [ [ 77.589857229694175, 13.005116182897051 ], [ 77.589951038119253, 13.014149600220559 ], [ 77.599163621481978, 13.014057418626573 ], [ 77.599069480290083, 13.005024067455579 ], [ 77.589857229694175, 13.005116182897051 ] ] ] } },
{ "type": "Feature", "properties": { "grid_id": "BLR_00319", "centroid_lat": 13.009770503310259, "centroid_lon": 77.576085366953677 }, "geometry": { "type": "Polygon", "coordinates": [ [ [ 77.571432516357419, 13.005299435098525 ], [ 77.571525659212099, 13.014332984024367 ], [ 77.580738383945601, 13.014241455357036 ], [ 77.580644908299604, 13.005207972115244 ], [ 77.571432516357419, 13.005299435098525 ] ] ] } },
{ "type": "Feature", "properties": { "grid_id": "BLR_00320", "centroid_lat": 12.982851870050039, "centroid_lon": 77.557382493477505 }, "geometry": { "type": "Polygon", "coordinates": [ [ [ 77.55273050884567, 12.978380302037424 ], [ 77.552822776734331, 12.987414002375594 ], [ 77.562034644140567, 12.987323322314342 ], [ 77.56194204418945, 12.978289687178137 ], [ 77.55273050884567, 12.978380302037424 ] ] ] } },
{ "type": "Feature", "properties": { "grid_id": "BLR_00321", "centroid_lat": 12.991885534360394, "centroid_lon": 77.557474962345267 }, "geometry": { "type": "Polygon", "coordinates": [ [ [ 77.552822776734331, 12.987414002375594 ], [ 77.55291511439323, 12.99644769580266 ], [ 77.562127314112942, 12.996356950534924 ], [ 77.562034644140567, 12.987323322314342 ], [ 77.552822776734331, 12.987414002375594 ] ] ] } },
{ "type": "Feature", "properties": { "grid_id": "BLR_00322", "centroid_lat": 12.991794658741686, "centroid_lon": 77.566686960894586 }, "geometry": { "type": "Polygon", "coordinates": [ [ [ 77.562034644140567, 12.987323322314342 ], [ 77.562127314112942, 12.996356950534924 ], [ 77.571339443799275, 12.996265879243387 ], [ 77.57124644152556, 12.987232316463519 ], [ 77.562034644140567, 12.987323322314342 ] ] ] } },
{ "type": "Feature", "properties": { "grid_id": "BLR_00323", "centroid_lat": 12.991976084066668, "centroid_lon": 77.548262893894147 }, "geometry": { "type": "Polygon", "coordinates": [ [ [ 77.543610839557843, 12.987504356635782 ], [ 77.5437028448912, 12.996538115035102 ], [ 77.55291511439323, 12.99644769580266 ], [ 77.552822776734331, 12.987414002375594 ], [ 77.543610839557843, 12.987504356635782 ] ] ] } },
{ "type": "Feature", "properties": { "grid_id": "BLR_00324", "centroid_lat": 13.000919191755106, "centroid_lon": 77.557567501114818 }, "geometry": { "type": "Polygon", "coordinates": [ [ [ 77.55291511439323, 12.99644769580266 ], [ 77.553007521834445, 13.005481382314068 ], [ 77.562220054118669, 13.005390571835317 ], [ 77.562127314112942, 12.996356950534924 ], [ 77.55291511439323, 12.99644769580266 ] ] ] } },
{ "type": "Feature", "properties": { "grid_id": "BLR_00325", "centroid_lat": 13.000828250810526, "centroid_lon": 77.566779832097083 }, "geometry": { "type": "Polygon", "coordinates": [ [ [ 77.562127314112942, 12.996356950534924 ], [ 77.562220054118669, 13.005390571835317 ], [ 77.571432516357419, 13.005299435098525 ], [ 77.571339443799275, 12.996265879243387 ], [ 77.562127314112942, 12.996356950534924 ] ] ] } },
{ "type": "Feature", "properties": { "grid_id": "BLR_00326", "centroid_lat": 13.001009806553011, "centroid_lon": 77.548355100218672 }, "geometry": { "type": "Polygon", "coordinates": [ [ [ 77.5437028448912, 12.996538115035102 ], [ 77.543794919755825, 13.005571866523276 ], [ 77.553007521834445, 13.005481382314068 ], [ 77.55291511439323, 12.99644769580266 ], [ 77.5437028448912, 12.996538115035102 ] ] ] } },
{ "type": "Feature", "properties": { "grid_id": "BLR_00327", "centroid_lat": 13.009952842229614, "centroid_lon": 77.557660109798263 }, "geometry": { "type": "Polygon", "coordinates": [ [ [ 77.553007521834445, 13.005481382314068 ], [ 77.553099999070056, 13.014515061905254 ], [ 77.562312864169883, 13.01442418621096 ], [ 77.562220054118669, 13.005390571835317 ], [ 77.553007521834445, 13.005481382314068 ] ] ] } },
{ "type": "Feature", "properties": { "grid_id": "BLR_00328", "centroid_lat": 13.009861835954634, "centroid_lon": 77.566872773464524 }, "geometry": { "type": "Polygon", "coordinates": [ [ [ 77.562220054118669, 13.005390571835317 ], [ 77.562312864169883, 13.01442418621096 ], [ 77.571525659212099, 13.014332984024367 ], [ 77.571432516357419, 13.005299435098525 ], [ 77.562220054118669, 13.005390571835317 ] ] ] } },
{ "type": "Feature", "properties": { "grid_id": "BLR_00329", "centroid_lat": 13.010043522123672, "centroid_lon": 77.548447376206028 }, "geometry": { "type": "Polygon", "coordinates": [ [ [ 77.543794919755825, 13.005571866523276 ], [ 77.543887064163755, 13.014605611095744 ], [ 77.553099999070056, 13.014515061905254 ], [ 77.553007521834445, 13.005481382314068 ], [ 77.543794919755825, 13.005571866523276 ] ] ] } },
{ "type": "Feature", "properties": { "grid_id": "BLR_00330", "centroid_lat": 12.982302123496574, "centroid_lon": 77.612651434552518 }, "geometry": { "type": "Polygon", "coordinates": [ [ [ 77.607998665752206, 12.977831729782173 ], [ 77.608092925833361, 12.986865035395628 ], [ 77.617304369347437, 12.98677240077066 ], [ 77.617209777277054, 12.977739161764282 ], [ 77.607998665752206, 12.977831729782173 ] ] ] } },
{ "type": "Feature", "properties": { "grid_id": "BLR_00331", "centroid_lat": 12.991335392365933, "centroid_lon": 77.612745896329074 }, "geometry": { "type": "Polygon", "coordinates": [ [ [ 77.608092925833361, 12.986865035395628 ], [ 77.608187257190593, 12.995898334070594 ], [ 77.61739903294486, 12.995805632833928 ], [ 77.617304369347437, 12.98677240077066 ], [ 77.608092925833361, 12.986865035395628 ] ] ] } },
{ "type": "Feature", "properties": { "grid_id": "BLR_00332", "centroid_lat": 12.991242561515786, "centroid_lon": 77.621957470196634 }, "geometry": { "type": "Polygon", "coordinates": [ [ [ 77.617304369347437, 12.98677240077066 ], [ 77.61739903294486, 12.995805632833928 ], [ 77.626610737159737, 12.995712605643298 ], [ 77.626515741334501, 12.986679440425894 ], [ 77.617304369347437, 12.98677240077066 ] ] ] } },
{ "type": "Feature", "properties": { "grid_id": "BLR_00333", "centroid_lat": 12.991427897373331, "centroid_lon": 77.603534251053745 }, "geometry": { "type": "Polygon", "coordinates": [ [ [ 77.598881411043152, 12.98695734428907 ], [ 77.598975410147901, 12.995990709341553 ], [ 77.608187257190593, 12.995898334070594 ], [ 77.608092925833361, 12.986865035395628 ], [ 77.598881411043152, 12.98695734428907 ] ] ] } },
{ "type": "Feature", "properties": { "grid_id": "BLR_00334", "centroid_lat": 13.000368654292211, "centroid_lon": 77.612840429513355 }, "geometry": { "type": "Polygon", "coordinates": [ [ [ 77.608187257190593, 12.995898334070594 ], [ 77.608281659836265, 13.004931625802497 ], [ 77.617493768081687, 13.004838857949512 ], [ 77.61739903294486, 12.995805632833928 ], [ 77.608187257190593, 12.995898334070594 ] ] ] } },
{ "type": "Feature", "properties": { "grid_id": "BLR_00335", "centroid_lat": 13.000275756710964, "centroid_lon": 77.622052335740406 }, "geometry": { "type": "Polygon", "coordinates": [ [ [ 77.61739903294486, 12.995805632833928 ], [ 77.617493768081687, 13.004838857949512 ], [ 77.626705804775341, 13.004745763908375 ], [ 77.626610737159737, 12.995712605643298 ], [ 77.61739903294486, 12.995805632833928 ] ] ] } },
{ "type": "Feature", "properties": { "grid_id": "BLR_00336", "centroid_lat": 13.000461225796521, "centroid_lon": 77.603628451866214 }, "geometry": { "type": "Polygon", "coordinates": [ [ [ 77.598975410147901, 12.995990709341553 ], [ 77.599069480290083, 13.005024067455579 ], [ 77.608281659836265, 13.004931625802497 ], [ 77.608187257190593, 12.995898334070594 ], [ 77.598975410147901, 12.995990709341553 ] ] ] } },
{ "type": "Feature", "properties": { "grid_id": "BLR_00337", "centroid_lat": 13.009401909270823, "centroid_lon": 77.612935034117726 }, "geometry": { "type": "Polygon", "coordinates": [ [ [ 77.608281659836265, 13.004931625802497 ], [ 77.608376133782684, 13.013964910586756 ], [ 77.617588574770295, 13.013872076112824 ], [ 77.617493768081687, 13.004838857949512 ], [ 77.608281659836265, 13.004931625802497 ] ] ] } },
{ "type": "Feature", "properties": { "grid_id": "BLR_00338", "centroid_lat": 13.009308944953844, "centroid_lon": 77.62214727295526 }, "geometry": { "type": "Polygon", "coordinates": [ [ [ 77.617493768081687, 13.004838857949512 ], [ 77.617588574770295, 13.013872076112824 ], [ 77.626800944193732, 13.013778915216538 ], [ 77.626705804775341, 13.004745763908375 ], [ 77.617493768081687, 13.004838857949512 ] ] ] } },
{ "type": "Feature", "properties": { "grid_id": "BLR_00339", "centroid_lat": 13.009494547276665, "centroid_lon": 77.603722723847753 }, "geometry": { "type": "Polygon", "coordinates": [ [ [ 77.599069480290083, 13.005024067455579 ], [ 77.599163621481978, 13.014057418626573 ], [ 77.608376133782684, 13.013964910586756 ], [ 77.608281659836265, 13.004931625802497 ], [ 77.599069480290083, 13.005024067455579 ] ] ] } },
{ "type": "Feature", "properties": { "grid_id": "BLR_00340", "centroid_lat": 13.018712291150196, "centroid_lon": 77.585391567392875 }, "geometry": { "type": "Polygon", "coordinates": [ [ [ 77.580738383945601, 13.014241455357036 ], [ 77.580831930151405, 13.023274931660399 ], [ 77.590044917355257, 13.023183010601054 ], [ 77.589951038119253, 13.014149600220559 ], [ 77.580738383945601, 13.014241455357036 ] ] ] } },
{ "type": "Feature", "properties": { "grid_id": "BLR_00341", "centroid_lat": 13.018620239764086, "centroid_lon": 77.594604352673102 }, "geometry": { "type": "Polygon", "coordinates": [ [ [ 77.589951038119253, 13.014149600220559 ], [ 77.590044917355257, 13.023183010601054 ], [ 77.599257833735891, 13.023090762849955 ], [ 77.599163621481978, 13.014057418626573 ], [ 77.589951038119253, 13.014149600220559 ] ] ] } },
{ "type": "Feature", "properties": { "grid_id": "BLR_00342", "centroid_lat": 13.018804015955853, "centroid_lon": 77.57617871142115 }, "geometry": { "type": "Polygon", "coordinates": [ [ [ 77.571525659212099, 13.014332984024367 ], [ 77.57161887237551, 13.023366526016343 ], [ 77.580831930151405, 13.023274931660399 ], [ 77.580738383945601, 13.014241455357036 ], [ 77.571525659212099, 13.014332984024367 ] ] ] } },
{ "type": "Feature", "properties": { "grid_id": "BLR_00343", "centroid_lat": 13.027745731049334, "centroid_lon": 77.585485315462606 }, "geometry": { "type": "Polygon", "coordinates": [ [ [ 77.580831930151405, 13.023274931660399 ], [ 77.580925546929294, 13.032308401020762 ], [ 77.590138867414467, 13.032216414033961 ], [ 77.590044917355257, 13.023183010601054 ], [ 77.580831930151405, 13.023274931660399 ] ] ] } },
{ "type": "Feature", "properties": { "grid_id": "BLR_00344", "centroid_lat": 13.027653613620934, "centroid_lon": 77.594698433892432 }, "geometry": { "type": "Polygon", "coordinates": [ [ [ 77.590044917355257, 13.023183010601054 ], [ 77.590138867414467, 13.032216414033961 ], [ 77.599352117064143, 13.032124100121145 ], [ 77.599257833735891, 13.023090762849955 ], [ 77.590044917355257, 13.023183010601054 ] ] ] } },
{ "type": "Feature", "properties": { "grid_id": "BLR_00345", "centroid_lat": 13.027837521663018, "centroid_lon": 77.576272126329016 }, "geometry": { "type": "Polygon", "coordinates": [ [ [ 77.57161887237551, 13.023366526016343 ], [ 77.571712155859842, 13.032400061069891 ], [ 77.580925546929294, 13.032308401020762 ], [ 77.580831930151405, 13.023274931660399 ], [ 77.57161887237551, 13.023366526016343 ] ] ] } },
{ "type": "Feature", "properties": { "grid_id": "BLR_00346", "centroid_lat": 13.036686980525609, "centroid_lon": 77.594792586066703 }, "geometry": { "type": "Polygon", "coordinates": [ [ [ 77.590138867414467, 13.032216414033961 ], [ 77.590232888309146, 13.041249810514714 ], [ 77.599446471479055, 13.041157430435574 ], [ 77.599352117064143, 13.032124100121145 ], [ 77.590138867414467, 13.032216414033961 ] ] ] } },
{ "type": "Feature", "properties": { "grid_id": "BLR_00347", "centroid_lat": 13.036779164000894, "centroid_lon": 77.585579134236099 }, "geometry": { "type": "Polygon", "coordinates": [ [ [ 77.580925546929294, 13.032308401020762 ], [ 77.581019234291475, 13.041341863433562 ], [ 77.590232888309146, 13.041249810514714 ], [ 77.590138867414467, 13.032216414033961 ], [ 77.580925546929294, 13.032308401020762 ] ] ] } },
{ "type": "Feature", "properties": { "grid_id": "BLR_00348", "centroid_lat": 13.03687102042719, "centroid_lon": 77.576365611689454 }, "geometry": { "type": "Polygon", "coordinates": [ [ [ 77.571712155859842, 13.032400061069891 ], [ 77.571805509677247, 13.04143358918045 ], [ 77.581019234291475, 13.041341863433562 ], [ 77.580925546929294, 13.032308401020762 ], [ 77.571712155859842, 13.032400061069891 ] ] ] } },
{ "type": "Feature", "properties": { "grid_id": "BLR_00349", "centroid_lat": 13.045720340473538, "centroid_lon": 77.594886809208191 }, "geometry": { "type": "Polygon", "coordinates": [ [ [ 77.590232888309146, 13.041249810514714 ], [ 77.5903269800516, 13.050283200038734 ], [ 77.599540896992949, 13.050190753788661 ], [ 77.599446471479055, 13.041157430435574 ], [ 77.590232888309146, 13.041249810514714 ] ] ] } },
{ "type": "Feature", "properties": { "grid_id": "BLR_00350", "centroid_lat": 13.018986485779358, "centroid_lon": 77.557752788407697 }, "geometry": { "type": "Polygon", "coordinates": [ [ [ 77.553099999070056, 13.014515061905254 ], [ 77.553192546112157, 13.02354873457166 ], [ 77.562405744278706, 13.023457793657288 ], [ 77.562312864169883, 13.01442418621096 ], [ 77.553099999070056, 13.014515061905254 ] ] ] } },
{ "type": "Feature", "properties": { "grid_id": "BLR_00351", "centroid_lat": 13.01889541416943, "centroid_lon": 77.56696578500906 }, "geometry": { "type": "Polygon", "coordinates": [ [ [ 77.562312864169883, 13.01442418621096 ], [ 77.562405744278706, 13.023457793657288 ], [ 77.57161887237551, 13.023366526016343 ], [ 77.571525659212099, 13.014332984024367 ], [ 77.562312864169883, 13.01442418621096 ] ] ] } },
{ "type": "Feature", "properties": { "grid_id": "BLR_00352", "centroid_lat": 13.019077230774091, "centroid_lon": 77.548539721868252 }, "geometry": { "type": "Polygon", "coordinates": [ [ [ 77.543887064163755, 13.014605611095744 ], [ 77.54397927812704, 13.023639348747951 ], [ 77.553192546112157, 13.02354873457166 ], [ 77.553099999070056, 13.014515061905254 ], [ 77.543887064163755, 13.014605611095744 ] ] ] } },
{ "type": "Feature", "properties": { "grid_id": "BLR_00353", "centroid_lat": 13.028020122399775, "centroid_lon": 77.557845536955242 }, "geometry": { "type": "Polygon", "coordinates": [ [ [ 77.553192546112157, 13.02354873457166 ], [ 77.553285162972813, 13.03258240030873 ], [ 77.562498694457275, 13.032491394169739 ], [ 77.562405744278706, 13.023457793657288 ], [ 77.553192546112157, 13.02354873457166 ] ] ] } },
{ "type": "Feature", "properties": { "grid_id": "BLR_00354", "centroid_lat": 13.027928985450362, "centroid_lon": 77.56705886674284 }, "geometry": { "type": "Polygon", "coordinates": [ [ [ 77.562405744278706, 13.023457793657288 ], [ 77.562498694457275, 13.032491394169739 ], [ 77.571712155859842, 13.032400061069891 ], [ 77.57161887237551, 13.023366526016343 ], [ 77.562405744278706, 13.023457793657288 ] ] ] } },
{ "type": "Feature", "properties": { "grid_id": "BLR_00355", "centroid_lat": 13.028110932499715, "centroid_lon": 77.548632137217425 }, "geometry": { "type": "Polygon", "coordinates": [ [ [ 77.54397927812704, 13.023639348747951 ], [ 77.544071561657688, 13.032673079475336 ], [ 77.553285162972813, 13.03258240030873 ], [ 77.553192546112157, 13.02354873457166 ], [ 77.54397927812704, 13.023639348747951 ] ] ] } },
{ "type": "Feature", "properties": { "grid_id": "BLR_00356", "centroid_lat": 13.036962549792863, "centroid_lon": 77.567152018678016 }, "geometry": { "type": "Polygon", "coordinates": [ [ [ 77.562498694457275, 13.032491394169739 ], [ 77.562591714717726, 13.041524987743756 ], [ 77.571805509677247, 13.04143358918045 ], [ 77.571712155859842, 13.032400061069891 ], [ 77.562498694457275, 13.032491394169739 ] ] ] } },
{ "type": "Feature", "properties": { "grid_id": "BLR_00357", "centroid_lat": 13.037053752086313, "centroid_lon": 77.55793835545299 }, "geometry": { "type": "Polygon", "coordinates": [ [ [ 77.553285162972813, 13.03258240030873 ], [ 77.553377849664159, 13.041616059111908 ], [ 77.562591714717726, 13.041524987743756 ], [ 77.562498694457275, 13.032491394169739 ], [ 77.553285162972813, 13.03258240030873 ] ] ] } },
{ "type": "Feature", "properties": { "grid_id": "BLR_00358", "centroid_lat": 13.037144627295985, "centroid_lon": 77.54872462226561 }, "geometry": { "type": "Polygon", "coordinates": [ [ [ 77.544071561657688, 13.032673079475336 ], [ 77.544163914767793, 13.041706803273357 ], [ 77.553377849664159, 13.041616059111908 ], [ 77.553285162972813, 13.03258240030873 ], [ 77.544071561657688, 13.032673079475336 ] ] ] } },
{ "type": "Feature", "properties": { "grid_id": "BLR_00359", "centroid_lat": 13.045996107192366, "centroid_lon": 77.567245240826793 }, "geometry": { "type": "Polygon", "coordinates": [ [ [ 77.562591714717726, 13.041524987743756 ], [ 77.562684805072237, 13.050558574374774 ], [ 77.571898933839975, 13.050467110343439 ], [ 77.571805509677247, 13.04143358918045 ], [ 77.562591714717726, 13.041524987743756 ] ] ] } },
{ "type": "Feature", "properties": { "grid_id": "BLR_00360", "centroid_lat": 13.019257740872037, "centroid_lon": 77.530113379979682 }, "geometry": { "type": "Polygon", "coordinates": [ [ [ 77.525460985936306, 13.014785729919454 ], [ 77.525552533705806, 13.023819596840379 ], [ 77.534765940574516, 13.02372963617467 ], [ 77.534674059702127, 13.014695833770956 ], [ 77.525460985936306, 13.014785729919454 ] ] ] } },
{ "type": "Feature", "properties": { "grid_id": "BLR_00361", "centroid_lat": 13.019167649142133, "centroid_lon": 77.539326585641859 }, "geometry": { "type": "Polygon", "coordinates": [ [ [ 77.534674059702127, 13.014695833770956 ], [ 77.534765940574516, 13.02372963617467 ], [ 77.54397927812704, 13.023639348747951 ], [ 77.543887064163755, 13.014605611095744 ], [ 77.534674059702127, 13.014695833770956 ] ] ] } },
{ "type": "Feature", "properties": { "grid_id": "BLR_00362", "centroid_lat": 13.019347505952378, "centroid_lon": 77.520900105132924 }, "geometry": { "type": "Polygon", "coordinates": [ [ [ 77.516247843117455, 13.014875299529859 ], [ 77.5163390577721, 13.023909230733683 ], [ 77.525552533705806, 13.023819596840379 ], [ 77.525460985936306, 13.014785729919454 ], [ 77.516247843117455, 13.014875299529859 ] ] ] } },
{ "type": "Feature", "properties": { "grid_id": "BLR_00363", "centroid_lat": 13.028291572105177, "centroid_lon": 77.530205128895929 }, "geometry": { "type": "Polygon", "coordinates": [ [ [ 77.525552533705806, 13.023819596840379 ], [ 77.525644150540316, 13.032853456845478 ], [ 77.534857890763107, 13.03276343165807 ], [ 77.534765940574516, 13.02372963617467 ], [ 77.525552533705806, 13.023819596840379 ] ] ] } },
{ "type": "Feature", "properties": { "grid_id": "BLR_00364", "centroid_lat": 13.028201415738668, "centroid_lon": 77.539418667780581 }, "geometry": { "type": "Polygon", "coordinates": [ [ [ 77.534765940574516, 13.02372963617467 ], [ 77.534857890763107, 13.03276343165807 ], [ 77.544071561657688, 13.032673079475336 ], [ 77.54397927812704, 13.023639348747951 ], [ 77.534765940574516, 13.02372963617467 ] ] ] } },
{ "type": "Feature", "properties": { "grid_id": "BLR_00365", "centroid_lat": 13.028381401587819, "centroid_lon": 77.52099152081469 }, "geometry": { "type": "Polygon", "coordinates": [ [ [ 77.5163390577721, 13.023909230733683 ], [ 77.51643034124055, 13.032943155026166 ], [ 77.525644150540316, 13.032853456845478 ], [ 77.525552533705806, 13.023819596840379 ], [ 77.5163390577721, 13.023909230733683 ] ] ] } },
{ "type": "Feature", "properties": { "grid_id": "BLR_00366", "centroid_lat": 13.037235175410366, "centroid_lon": 77.539510819367123 }, "geometry": { "type": "Polygon", "coordinates": [ [ [ 77.534857890763107, 13.03276343165807 ], [ 77.534949910279906, 13.041797220216612 ], [ 77.544163914767793, 13.041706803273357 ], [ 77.544071561657688, 13.032673079475336 ], [ 77.534857890763107, 13.03276343165807 ] ] ] } },
{ "type": "Feature", "properties": { "grid_id": "BLR_00367", "centroid_lat": 13.03732539641798, "centroid_lon": 77.530296947008779 }, "geometry": { "type": "Polygon", "coordinates": [ [ [ 77.525644150540316, 13.032853456845478 ], [ 77.525735836451773, 13.041887309930214 ], [ 77.534949910279906, 13.041797220216612 ], [ 77.534857890763107, 13.03276343165807 ], [ 77.525644150540316, 13.032853456845478 ] ] ] } },
{ "type": "Feature", "properties": { "grid_id": "BLR_00368", "centroid_lat": 13.037415290307404, "centroid_lon": 77.521083005441838 }, "geometry": { "type": "Polygon", "coordinates": [ [ [ 77.51643034124055, 13.032943155026166 ], [ 77.516521693534699, 13.04197707240275 ], [ 77.525735836451773, 13.041887309930214 ], [ 77.525644150540316, 13.032853456845478 ], [ 77.51643034124055, 13.032943155026166 ] ] ] } },
{ "type": "Feature", "properties": { "grid_id": "BLR_00369", "centroid_lat": 13.046268928152672, "centroid_lon": 77.539603040413525 }, "geometry": { "type": "Polygon", "coordinates": [ [ [ 77.534949910279906, 13.041797220216612 ], [ 77.535041999136965, 13.05083100184574 ], [ 77.544256337469434, 13.050740520137451 ], [ 77.544163914767793, 13.041706803273357 ], [ 77.534949910279906, 13.041797220216612 ] ] ] } },
{ "type": "Feature", "properties": { "grid_id": "BLR_00370", "centroid_lat": 13.046243314536765, "centroid_lon": 77.494322892162785 }, "geometry": { "type": "Polygon", "coordinates": [ [ [ 77.498183954797653, 13.051189653924881 ], [ 77.498093201438877, 13.042155615579164 ], [ 77.488878852762781, 13.04224439626042 ], [ 77.488914883560881, 13.045845166765455 ], [ 77.4889458, 13.0458388 ], [ 77.489076, 13.045812 ], [ 77.4892602, 13.0457735 ], [ 77.4895044, 13.0457426 ], [ 77.4895376, 13.0456078 ], [ 77.4895405, 13.0455959 ], [ 77.4895716, 13.0455852 ], [ 77.4908508, 13.0451464 ], [ 77.4909729, 13.0451031 ], [ 77.4915089, 13.0467397 ], [ 77.4915992, 13.0470154 ], [ 77.4916427, 13.047129 ], [ 77.4916743, 13.0472117 ], [ 77.4916758, 13.0472154 ], [ 77.491752, 13.0474145 ], [ 77.4919028, 13.0479254 ], [ 77.491989600000011, 13.0482196 ], [ 77.4920028, 13.0483472 ], [ 77.4920639, 13.0489372 ], [ 77.4920796, 13.0490888 ], [ 77.4920814, 13.049106 ], [ 77.4921297, 13.0495725 ], [ 77.4921473, 13.0497424 ], [ 77.492178, 13.0500386 ], [ 77.4921967, 13.0502199 ], [ 77.4922132, 13.0503784 ], [ 77.4922424, 13.0504663 ], [ 77.4922617, 13.0505241 ], [ 77.4922924, 13.0506162 ], [ 77.492496487346088, 13.0512445289725 ], [ 77.498183954797653, 13.051189653924881 ] ] ] } },
{ "type": "Feature", "properties": { "grid_id": "BLR_00371", "centroid_lat": 13.046628106604793, "centroid_lon": 77.502745801761918 }, "geometry": { "type": "Polygon", "coordinates": [ [ [ 77.498093201438877, 13.042155615579164 ], [ 77.498183954797653, 13.051189653924881 ], [ 77.507398569031196, 13.051100482140962 ], [ 77.507307481779961, 13.042066507622843 ], [ 77.498093201438877, 13.042155615579164 ] ] ] } },
{ "type": "Feature", "properties": { "grid_id": "BLR_00372", "centroid_lat": 13.055895540007013, "centroid_lon": 77.495043312079247 }, "geometry": { "type": "Polygon", "coordinates": [ [ [ 77.498274776503294, 13.060223685354535 ], [ 77.498183954797653, 13.051189653924881 ], [ 77.492496487346088, 13.0512445289725 ], [ 77.4925833, 13.0515118 ], [ 77.4925786, 13.0515647 ], [ 77.4924745, 13.0515783 ], [ 77.492473, 13.0516119 ], [ 77.4924725, 13.0516237 ], [ 77.4924704, 13.0516702 ], [ 77.4924679, 13.0517235 ], [ 77.4924657, 13.0517726 ], [ 77.4924176, 13.0528368 ], [ 77.4923755, 13.05377 ], [ 77.4923476, 13.0543959 ], [ 77.4923452, 13.0544513 ], [ 77.4923373, 13.0546283 ], [ 77.492334, 13.0547277 ], [ 77.4923336, 13.0547378 ], [ 77.4917488, 13.0556955 ], [ 77.491735, 13.055718 ], [ 77.4915482, 13.056024 ], [ 77.4915169, 13.0560733 ], [ 77.4912967, 13.0564207 ], [ 77.4912142, 13.0565508 ], [ 77.4909557, 13.0569584 ], [ 77.4911968, 13.057667 ], [ 77.491283, 13.0579203 ], [ 77.4915832, 13.0588088 ], [ 77.4916743, 13.0590927 ], [ 77.491677800000019, 13.0591035 ], [ 77.4917714, 13.0593955 ], [ 77.4918015, 13.0594892 ], [ 77.4918599, 13.0596711 ], [ 77.4918958, 13.059783 ], [ 77.4919283, 13.0598841 ], [ 77.491945800000011, 13.0599366 ], [ 77.4919654, 13.059995 ], [ 77.4919701, 13.0600071 ], [ 77.492078435711434, 13.060283504755141 ], [ 77.498274776503294, 13.060223685354535 ] ] ] } },
{ "type": "Feature", "properties": { "grid_id": "BLR_00373", "centroid_lat": 13.055662109607432, "centroid_lon": 77.502836756303196 }, "geometry": { "type": "Polygon", "coordinates": [ [ [ 77.498183954797653, 13.051189653924881 ], [ 77.498274776503294, 13.060223685354535 ], [ 77.507489724880685, 13.060134449738573 ], [ 77.507398569031196, 13.051100482140962 ], [ 77.498183954797653, 13.051189653924881 ] ] ] } },
{ "type": "Feature", "properties": { "grid_id": "BLR_00374", "centroid_lat": 13.055572742098963, "centroid_lon": 77.51205150330658 }, "geometry": { "type": "Polygon", "coordinates": [ [ [ 77.507398569031196, 13.051100482140962 ], [ 77.507489724880685, 13.060134449738573 ], [ 77.516704604647913, 13.060044886390074 ], [ 77.516613114666512, 13.0510109828589 ], [ 77.507398569031196, 13.051100482140962 ] ] ] } },
{ "type": "Feature", "properties": { "grid_id": "BLR_00375", "centroid_lat": 13.06460667422958, "centroid_lon": 77.512142860589961 }, "geometry": { "type": "Polygon", "coordinates": [ [ [ 77.507489724880685, 13.060134449738573 ], [ 77.507580949340351, 13.069168410411134 ], [ 77.516796163490895, 13.069078782991726 ], [ 77.516704604647913, 13.060044886390074 ], [ 77.507489724880685, 13.060134449738573 ] ] ] } },
{ "type": "Feature", "properties": { "grid_id": "BLR_00376", "centroid_lat": 13.064752642918203, "centroid_lon": 77.495499800877681 }, "geometry": { "type": "Polygon", "coordinates": [ [ [ 77.498365666567693, 13.069257709863596 ], [ 77.498274776503294, 13.060223685354535 ], [ 77.492078435711434, 13.060283504755141 ], [ 77.4922777, 13.0607919 ], [ 77.4923197, 13.0608989 ], [ 77.4923264, 13.0609162 ], [ 77.4923493, 13.0609754 ], [ 77.4923508, 13.0609793 ], [ 77.49248870000001, 13.0613356 ], [ 77.4925532, 13.0615001 ], [ 77.4925879, 13.0616181 ], [ 77.4926096, 13.0616881 ], [ 77.4926193, 13.0617196 ], [ 77.4926629, 13.0618603 ], [ 77.4926757, 13.0619055 ], [ 77.4926783, 13.0619146 ], [ 77.492725, 13.0620788 ], [ 77.4927276, 13.0620879 ], [ 77.4927962, 13.0620998 ], [ 77.4928078, 13.0621019 ], [ 77.4929448, 13.0621257 ], [ 77.4929955, 13.0621345 ], [ 77.4930318, 13.0621408 ], [ 77.4930338, 13.0621411 ], [ 77.4930369, 13.0621714 ], [ 77.493044, 13.0622388 ], [ 77.4930447, 13.0622458 ], [ 77.4930358, 13.0623756 ], [ 77.4930384, 13.0625078 ], [ 77.4930308, 13.0625399 ], [ 77.4930167, 13.0625987 ], [ 77.492957, 13.0628503 ], [ 77.4929509, 13.062876 ], [ 77.4927459, 13.0637579 ], [ 77.4927448, 13.0637788 ], [ 77.4927382, 13.0639009 ], [ 77.4927279, 13.0640915 ], [ 77.4927161, 13.0643399 ], [ 77.4927011, 13.0646843 ], [ 77.4926848, 13.0650954 ], [ 77.4926667, 13.0655745 ], [ 77.4926283, 13.0667348 ], [ 77.492813150917087, 13.069311357103601 ], [ 77.498365666567693, 13.069257709863596 ] ] ] } },
{ "type": "Feature", "properties": { "grid_id": "BLR_00377", "centroid_lat": 13.064696105689523, "centroid_lon": 77.502927779323002 }, "geometry": { "type": "Polygon", "coordinates": [ [ [ 77.498274776503294, 13.060223685354535 ], [ 77.498365666567693, 13.069257709863596 ], [ 77.507580949340351, 13.069168410411134 ], [ 77.507489724880685, 13.060134449738573 ], [ 77.498274776503294, 13.060223685354535 ] ] ] } },
{ "type": "Feature", "properties": { "grid_id": "BLR_00378", "centroid_lat": 13.072599487484664, "centroid_lon": 77.511882650060556 }, "geometry": { "type": "Polygon", "coordinates": [ [ [ 77.516796163490895, 13.069078782991726 ], [ 77.507580949340351, 13.069168410411134 ], [ 77.507668511716616, 13.077833323462171 ], [ 77.5077118, 13.0778171 ], [ 77.5080219, 13.0777008 ], [ 77.5080472, 13.0776913 ], [ 77.5081751, 13.0776434 ], [ 77.5082366, 13.0776344 ], [ 77.5083402, 13.0776193 ], [ 77.5083847, 13.0776128 ], [ 77.5084551, 13.0776518 ], [ 77.5087603, 13.0778207 ], [ 77.5087666, 13.0778242 ], [ 77.5087782, 13.0778306 ], [ 77.508816900000014, 13.077852 ], [ 77.5088377, 13.0778339 ], [ 77.5088652, 13.0778101 ], [ 77.5089259, 13.0777271 ], [ 77.508989, 13.0775779 ], [ 77.5090708, 13.0774604 ], [ 77.5090873, 13.0774366 ], [ 77.5091509, 13.0773453 ], [ 77.5093392, 13.0770938 ], [ 77.509357400000013, 13.0770695 ], [ 77.5094131, 13.0769951 ], [ 77.5095588, 13.0768886 ], [ 77.5096904, 13.0767924 ], [ 77.5101674, 13.0763707 ], [ 77.5104698, 13.0761281 ], [ 77.5106398, 13.0759938 ], [ 77.5109765, 13.0757965 ], [ 77.5110927, 13.0757591 ], [ 77.5111324, 13.0757244 ], [ 77.5111575, 13.0757167 ], [ 77.5111624, 13.0757205 ], [ 77.5112845, 13.0758773 ], [ 77.5116218, 13.0757913 ], [ 77.512368, 13.0756538 ], [ 77.5125407, 13.07559 ], [ 77.5126594, 13.0755805 ], [ 77.5130766, 13.0755498 ], [ 77.5142885, 13.0751585 ], [ 77.5144422, 13.075356 ], [ 77.5154209, 13.07508 ], [ 77.5161481, 13.074865 ], [ 77.516852238628147, 13.074608229442676 ], [ 77.516796163490895, 13.069078782991726 ] ] ] } },
{ "type": "Feature", "properties": { "grid_id": "BLR_00379", "centroid_lat": 13.07134196614264, "centroid_lon": 77.495626680755109 }, "geometry": { "type": "Polygon", "coordinates": [ [ [ 77.498365666567693, 13.069257709863596 ], [ 77.492813150917087, 13.069311357103601 ], [ 77.4928785, 13.0702222 ], [ 77.4929373, 13.0715934 ], [ 77.4929316, 13.0734055 ], [ 77.4930138, 13.073423 ], [ 77.4929738, 13.0735259 ], [ 77.4929727, 13.0735286 ], [ 77.4949413, 13.0734363 ], [ 77.4971798, 13.0733482 ], [ 77.4972887, 13.0733417 ], [ 77.4972914, 13.0733431 ], [ 77.498344, 13.0732922 ], [ 77.498405531723463, 13.073217965299328 ], [ 77.498365666567693, 13.069257709863596 ] ] ] } },
{ "type": "Feature", "properties": { "grid_id": "BLR_00380", "centroid_lat": 13.044818364216855, "centroid_lon": 77.479667827594454 }, "geometry": { "type": "Polygon", "coordinates": [ [ [ 77.479687378992722, 13.044634317802016 ], [ 77.4796245, 13.0447627 ], [ 77.47969160384325, 13.045058074836527 ], [ 77.479687378992722, 13.044634317802016 ] ] ] } },
{ "type": "Feature", "properties": { "grid_id": "BLR_00381", "centroid_lat": 13.046449172106588, "centroid_lon": 77.521174559026292 }, "geometry": { "type": "Polygon", "coordinates": [ [ [ 77.516521693534699, 13.04197707240275 ], [ 77.516613114666512, 13.0510109828589 ], [ 77.525827591452213, 13.050921156090032 ], [ 77.525735836451773, 13.041887309930214 ], [ 77.516521693534699, 13.04197707240275 ] ] ] } },
{ "type": "Feature", "properties": { "grid_id": "BLR_00382", "centroid_lat": 13.046359213805898, "centroid_lon": 77.530388834330211 }, "geometry": { "type": "Polygon", "coordinates": [ [ [ 77.525735836451773, 13.041887309930214 ], [ 77.525827591452213, 13.050921156090032 ], [ 77.535041999136965, 13.05083100184574 ], [ 77.534949910279906, 13.041797220216612 ], [ 77.525735836451773, 13.041887309930214 ] ] ] } },
{ "type": "Feature", "properties": { "grid_id": "BLR_00383", "centroid_lat": 13.055483046980825, "centroid_lon": 77.521266181580046 }, "geometry": { "type": "Polygon", "coordinates": [ [ [ 77.516613114666512, 13.0510109828589 ], [ 77.516704604647913, 13.060044886390074 ], [ 77.525919415553588, 13.059954995320387 ], [ 77.525827591452213, 13.050921156090032 ], [ 77.516613114666512, 13.0510109828589 ] ] ] } },
{ "type": "Feature", "properties": { "grid_id": "BLR_00384", "centroid_lat": 13.055393024264381, "centroid_lon": 77.530480790872261 }, "geometry": { "type": "Polygon", "coordinates": [ [ [ 77.525827591452213, 13.050921156090032 ], [ 77.525919415553588, 13.059954995320387 ], [ 77.535134157346278, 13.059864776540909 ], [ 77.535041999136965, 13.05083100184574 ], [ 77.525827591452213, 13.050921156090032 ] ] ] } },
{ "type": "Feature", "properties": { "grid_id": "BLR_00385", "centroid_lat": 13.055302673961036, "centroid_lon": 77.539695330931835 }, "geometry": { "type": "Polygon", "coordinates": [ [ [ 77.535041999136965, 13.05083100184574 ], [ 77.535134157346278, 13.059864776540909 ], [ 77.544348829774677, 13.059774230063068 ], [ 77.544256337469434, 13.050740520137451 ], [ 77.535041999136965, 13.05083100184574 ] ] ] } },
{ "type": "Feature", "properties": { "grid_id": "BLR_00386", "centroid_lat": 13.064336412830908, "centroid_lon": 77.539787690934133 }, "geometry": { "type": "Polygon", "coordinates": [ [ [ 77.535134157346278, 13.059864776540909 ], [ 77.535226384919952, 13.068898544297568 ], [ 77.544441391695599, 13.068807933045655 ], [ 77.544348829774677, 13.059774230063068 ], [ 77.535134157346278, 13.059864776540909 ] ] ] } },
{ "type": "Feature", "properties": { "grid_id": "BLR_00387", "centroid_lat": 13.064516914925576, "centroid_lon": 77.521357873115079 }, "geometry": { "type": "Polygon", "coordinates": [ [ [ 77.516704604647913, 13.060044886390074 ], [ 77.516796163490895, 13.069078782991726 ], [ 77.526011308767906, 13.068988827616739 ], [ 77.525919415553588, 13.059954995320387 ], [ 77.516704604647913, 13.060044886390074 ] ] ] } },
{ "type": "Feature", "properties": { "grid_id": "BLR_00388", "centroid_lat": 13.064426827788878, "centroid_lon": 77.530572816646938 }, "geometry": { "type": "Polygon", "coordinates": [ [ [ 77.525919415553588, 13.059954995320387 ], [ 77.526011308767906, 13.068988827616739 ], [ 77.535226384919952, 13.068898544297568 ], [ 77.535134157346278, 13.059864776540909 ], [ 77.525919415553588, 13.059954995320387 ] ] ] } },
{ "type": "Feature", "properties": { "grid_id": "BLR_00389", "centroid_lat": 13.073370144757737, "centroid_lon": 77.539880120432471 }, "geometry": { "type": "Polygon", "coordinates": [ [ [ 77.535226384919952, 13.068898544297568 ], [ 77.53531868187001, 13.077932305111167 ], [ 77.544534023244353, 13.077841629080659 ], [ 77.544441391695599, 13.068807933045655 ], [ 77.535226384919952, 13.068898544297568 ] ] ] } },
{ "type": "Feature", "properties": { "grid_id": "BLR_00390", "centroid_lat": 13.073355966727364, "centroid_lon": 77.521716747996209 }, "geometry": { "type": "Polygon", "coordinates": [ [ [ 77.526103271107203, 13.078022652974539 ], [ 77.526011308767906, 13.068988827616739 ], [ 77.516796163490895, 13.069078782991726 ], [ 77.516852238628147, 13.074608229442676 ], [ 77.516983400000015, 13.0745604 ], [ 77.5176707, 13.0742926 ], [ 77.517957100000018, 13.0741809 ], [ 77.5181925, 13.0750082 ], [ 77.5182763, 13.0754553 ], [ 77.5182898, 13.075899 ], [ 77.5182959, 13.0761003 ], [ 77.5183387, 13.0769419 ], [ 77.5183938, 13.0770825 ], [ 77.518679710836977, 13.078095194384673 ], [ 77.526103271107203, 13.078022652974539 ] ] ] } },
{ "type": "Feature", "properties": { "grid_id": "BLR_00391", "centroid_lat": 13.072396136822622, "centroid_lon": 77.503973890995212 }, "geometry": { "type": "Polygon", "coordinates": [ [ [ 77.507580949340351, 13.069168410411134 ], [ 77.498365666567693, 13.069257709863596 ], [ 77.498405531723463, 13.073217965299328 ], [ 77.4994164, 13.0719984 ], [ 77.4995046, 13.0719799 ], [ 77.4995979, 13.0720321 ], [ 77.5003709, 13.0724639 ], [ 77.5010035, 13.072636 ], [ 77.5014332, 13.0728447 ], [ 77.5016118, 13.0730491 ], [ 77.5018876, 13.0734788 ], [ 77.5021426, 13.0738687 ], [ 77.5023411, 13.0740264 ], [ 77.5024714, 13.0741648 ], [ 77.502637, 13.0744358 ], [ 77.5026724, 13.0745751 ], [ 77.5027071, 13.0746546 ], [ 77.5027687, 13.0747072 ], [ 77.5029988, 13.074786 ], [ 77.5035821, 13.0751091 ], [ 77.5036805, 13.0751636 ], [ 77.5037582, 13.0752067 ], [ 77.504108, 13.0753941 ], [ 77.504316, 13.0757388 ], [ 77.5044811, 13.0759981 ], [ 77.5045603, 13.0761186 ], [ 77.50462, 13.0762095 ], [ 77.5047956, 13.0764766 ], [ 77.505078, 13.0767064 ], [ 77.5053301, 13.0768236 ], [ 77.5054567, 13.0769324 ], [ 77.5057217, 13.0770204 ], [ 77.5060097, 13.077422 ], [ 77.5064056, 13.0776534 ], [ 77.5069311, 13.0778648 ], [ 77.5071256, 13.0779771 ], [ 77.5071769, 13.0780067 ], [ 77.5073514, 13.077947 ], [ 77.5074394, 13.0779169 ], [ 77.5074597, 13.0779099 ], [ 77.5075105, 13.0778926 ], [ 77.5075437, 13.0778801 ], [ 77.507668511716616, 13.077833323462171 ], [ 77.507580949340351, 13.069168410411134 ] ] ] } },
{ "type": "Feature", "properties": { "grid_id": "BLR_00392", "centroid_lat": 13.073460624374846, "centroid_lon": 77.530664911666278 }, "geometry": { "type": "Polygon", "coordinates": [ [ [ 77.526011308767906, 13.068988827616739 ], [ 77.526103271107203, 13.078022652974539 ], [ 77.53531868187001, 13.077932305111167 ], [ 77.535226384919952, 13.068898544297568 ], [ 77.526011308767906, 13.068988827616739 ] ] ] } },
{ "type": "Feature", "properties": { "grid_id": "BLR_00393", "centroid_lat": 13.082403869736975, "centroid_lon": 77.53997261943897 }, "geometry": { "type": "Polygon", "coordinates": [ [ [ 77.53531868187001, 13.077932305111167 ], [ 77.535411048208516, 13.086966058977156 ], [ 77.544626724433002, 13.086875318163528 ], [ 77.544534023244353, 13.077841629080659 ], [ 77.53531868187001, 13.077932305111167 ] ] ] } },
{ "type": "Feature", "properties": { "grid_id": "BLR_00394", "centroid_lat": 13.081642764160646, "centroid_lon": 77.523924946494773 }, "geometry": { "type": "Polygon", "coordinates": [ [ [ 77.526195302583517, 13.087056471389237 ], [ 77.526103271107203, 13.078022652974539 ], [ 77.518679710836977, 13.078095194384673 ], [ 77.518701, 13.0781706 ], [ 77.5187743, 13.0786497 ], [ 77.5189518, 13.0795576 ], [ 77.51898, 13.0796652 ], [ 77.5191425, 13.0796195 ], [ 77.5194101, 13.0793663 ], [ 77.51941260000001, 13.079364 ], [ 77.5194186, 13.0793583 ], [ 77.5194192, 13.0793582 ], [ 77.5194724, 13.0793504 ], [ 77.5195015, 13.0793462 ], [ 77.5195038, 13.0793479 ], [ 77.519506, 13.0793494 ], [ 77.5195085, 13.0793512 ], [ 77.5195193, 13.0793589 ], [ 77.5196291, 13.0794375 ], [ 77.5208825, 13.0791509 ], [ 77.5211367, 13.0799604 ], [ 77.5211515, 13.0800078 ], [ 77.5211646, 13.0800498 ], [ 77.5211799, 13.0800989 ], [ 77.5212024, 13.080171 ], [ 77.5212129, 13.0802047 ], [ 77.521256, 13.0803321 ], [ 77.5212708, 13.0803759 ], [ 77.5212806, 13.080405 ], [ 77.5217095, 13.0803816 ], [ 77.522067, 13.0803522 ], [ 77.5222435, 13.080547 ], [ 77.522590500000021, 13.0807192 ], [ 77.5227135, 13.0807687 ], [ 77.5227325, 13.0807763 ], [ 77.5227663, 13.0807944 ], [ 77.5227951, 13.0808099 ], [ 77.5228408, 13.0808765 ], [ 77.5228682, 13.0809019 ], [ 77.522877, 13.08091 ], [ 77.5229551, 13.0809145 ], [ 77.5230952, 13.080891 ], [ 77.5231896, 13.0808752 ], [ 77.5232021, 13.0808731 ], [ 77.5232144, 13.0809255 ], [ 77.5232319, 13.0809996 ], [ 77.5233107, 13.0813342 ], [ 77.5233442, 13.0814763 ], [ 77.5233535, 13.0815082 ], [ 77.5233653, 13.0815495 ], [ 77.5233756, 13.0815853 ], [ 77.523393, 13.0816457 ], [ 77.5234452, 13.0818271 ], [ 77.5235664, 13.0827916 ], [ 77.52358510000002, 13.0828699 ], [ 77.523586300000019, 13.082875 ], [ 77.5235687, 13.083153 ], [ 77.5235565, 13.0833458 ], [ 77.5235553, 13.0833649 ], [ 77.523545700000014, 13.0835171 ], [ 77.5235422, 13.0835738 ], [ 77.5235144, 13.0844592 ], [ 77.5234728, 13.0851178 ], [ 77.5234707, 13.0851505 ], [ 77.5234695, 13.0851696 ], [ 77.523436, 13.0860377 ], [ 77.5234364, 13.0865613 ], [ 77.523440267453481, 13.087083436166425 ], [ 77.526195302583517, 13.087056471389237 ] ] ] } },
{ "type": "Feature", "properties": { "grid_id": "BLR_00395", "centroid_lat": 13.08249441401774, "centroid_lon": 77.530757075942304 }, "geometry": { "type": "Polygon", "coordinates": [ [ [ 77.526103271107203, 13.078022652974539 ], [ 77.526195302583517, 13.087056471389237 ], [ 77.535411048208516, 13.086966058977156 ], [ 77.53531868187001, 13.077932305111167 ], [ 77.526103271107203, 13.078022652974539 ] ] ] } },
{ "type": "Feature", "properties": { "grid_id": "BLR_00396", "centroid_lat": 13.089968049049133, "centroid_lon": 77.524893860806415 }, "geometry": { "type": "Polygon", "coordinates": [ [ [ 77.526195302583517, 13.087056471389237 ], [ 77.523440267453481, 13.087083436166425 ], [ 77.5234479, 13.0881138 ], [ 77.5235246, 13.0895044 ], [ 77.5235338, 13.0896708 ], [ 77.5235487, 13.0898308 ], [ 77.5236168, 13.0905566 ], [ 77.5236391, 13.0908035 ], [ 77.5236561, 13.0909927 ], [ 77.5236643, 13.0916554 ], [ 77.523671, 13.0917378 ], [ 77.5236797, 13.0918443 ], [ 77.5237117, 13.0922366 ], [ 77.5237481, 13.0926833 ], [ 77.52376550000001, 13.0928962 ], [ 77.5237682, 13.0929293 ], [ 77.5237692, 13.092942 ], [ 77.5237723, 13.0929828 ], [ 77.5237785, 13.0930664 ], [ 77.5245831, 13.0930092 ], [ 77.5246146, 13.0930069 ], [ 77.5248745, 13.0929879 ], [ 77.5253038, 13.0929565 ], [ 77.5260276, 13.0929035 ], [ 77.526061700000014, 13.092901 ], [ 77.5261948, 13.0928913 ], [ 77.526254736561199, 13.09288690857486 ], [ 77.526195302583517, 13.087056471389237 ] ] ] } },
{ "type": "Feature", "properties": { "grid_id": "BLR_00397", "centroid_lat": 13.090121818235328, "centroid_lon": 77.541209545646865 }, "geometry": { "type": "Polygon", "coordinates": [ [ [ 77.544719495273696, 13.095909000289717 ], [ 77.544626724433002, 13.086875318163528 ], [ 77.535411048208516, 13.086966058977156 ], [ 77.535444012858974, 13.09018847407085 ], [ 77.5354524, 13.0901736 ], [ 77.5372479, 13.0900951 ], [ 77.5385429, 13.0900361 ], [ 77.5389667, 13.0900226 ], [ 77.5390021, 13.0900214 ], [ 77.5394625, 13.0900067 ], [ 77.540550600000017, 13.0899777 ], [ 77.540713, 13.0899734 ], [ 77.5407137, 13.0899733 ], [ 77.5407241, 13.0917759 ], [ 77.5421236, 13.0940183 ], [ 77.5424238, 13.0955665 ], [ 77.5424302, 13.0955834 ], [ 77.5423856, 13.0955971 ], [ 77.542511328151534, 13.095930787417656 ], [ 77.544719495273696, 13.095909000289717 ] ] ] } },
{ "type": "Feature", "properties": { "grid_id": "BLR_00398", "centroid_lat": 13.089681603585092, "centroid_lon": 77.530636285291706 }, "geometry": { "type": "Polygon", "coordinates": [ [ [ 77.535411048208516, 13.086966058977156 ], [ 77.526195302583517, 13.087056471389237 ], [ 77.526254736561199, 13.09288690857486 ], [ 77.52642, 13.0928748 ], [ 77.5267285, 13.0928376 ], [ 77.5274793, 13.092747 ], [ 77.5274888, 13.0927458 ], [ 77.527497, 13.0927448 ], [ 77.527657, 13.0927255 ], [ 77.5281067, 13.0926713 ], [ 77.52856850000002, 13.0926155 ], [ 77.5285775, 13.0926144 ], [ 77.5286184, 13.0926095 ], [ 77.5286428, 13.0926075 ], [ 77.52886, 13.0925895 ], [ 77.528886, 13.0925873 ], [ 77.5292447, 13.0925174 ], [ 77.529442, 13.0924789 ], [ 77.5294982, 13.0924679 ], [ 77.5296857, 13.0924499 ], [ 77.5300431, 13.0924155 ], [ 77.5306522, 13.0923782 ], [ 77.5307098, 13.0923747 ], [ 77.5310706, 13.0923527 ], [ 77.5311379, 13.0923485 ], [ 77.5321594, 13.0922861 ], [ 77.5328292, 13.0922451 ], [ 77.5330293, 13.0922303 ], [ 77.5330468, 13.0922291 ], [ 77.5331687, 13.0922201 ], [ 77.5335862, 13.0921893 ], [ 77.5336827, 13.0921822 ], [ 77.5339119, 13.0921653 ], [ 77.5339958, 13.0921591 ], [ 77.534295, 13.0921337 ], [ 77.5343357, 13.0921302 ], [ 77.5343941, 13.0921371 ], [ 77.5346516, 13.091628 ], [ 77.5348242, 13.0912866 ], [ 77.5349229, 13.0911118 ], [ 77.5349511, 13.0910618 ], [ 77.5354396, 13.0901963 ], [ 77.535444012858974, 13.09018847407085 ], [ 77.535411048208516, 13.086966058977156 ] ] ] } },
{ "type": "Feature", "properties": { "grid_id": "BLR_00399", "centroid_lat": 13.097928868811138, "centroid_lon": 77.544001390134 }, "geometry": { "type": "Polygon", "coordinates": [ [ [ 77.544719495273696, 13.095909000289717 ], [ 77.542511328151534, 13.095930787417656 ], [ 77.5435801, 13.0987673 ], [ 77.5438631, 13.0994638 ], [ 77.5439677, 13.0997367 ], [ 77.5440809, 13.1001026 ], [ 77.5442238, 13.1003824 ], [ 77.5443161, 13.1005644 ], [ 77.544429, 13.1007881 ], [ 77.5442448, 13.1008034 ], [ 77.5442427, 13.1008741 ], [ 77.5442401, 13.100961 ], [ 77.5442294, 13.1013186 ], [ 77.5445473, 13.1013154 ], [ 77.54477548283711, 13.101357579704292 ], [ 77.544719495273696, 13.095909000289717 ] ] ] } },
{ "type": "Feature", "properties": { "grid_id": "BLR_00400", "centroid_lat": 13.018435157297182, "centroid_lon": 77.613029710154564 }, "geometry": { "type": "Polygon", "coordinates": [ [ [ 77.608376133782684, 13.013964910586756 ], [ 77.608470679042199, 13.022998188418784 ], [ 77.617683453023062, 13.022905287319274 ], [ 77.617588574770295, 13.013872076112824 ], [ 77.608376133782684, 13.013964910586756 ] ] ] } },
{ "type": "Feature", "properties": { "grid_id": "BLR_00401", "centroid_lat": 13.018342126239837, "centroid_lon": 77.622242281853616 }, "geometry": { "type": "Polygon", "coordinates": [ [ [ 77.617588574770295, 13.013872076112824 ], [ 77.617683453023062, 13.022905287319274 ], [ 77.62689615542736, 13.02281205956319 ], [ 77.626800944193732, 13.013778915216538 ], [ 77.617588574770295, 13.013872076112824 ] ] ] } },
{ "type": "Feature", "properties": { "grid_id": "BLR_00402", "centroid_lat": 13.018527861809181, "centroid_lon": 77.603817067010695 }, "geometry": { "type": "Polygon", "coordinates": [ [ [ 77.599163621481978, 13.014057418626573 ], [ 77.599257833735891, 13.023090762849955 ], [ 77.608470679042199, 13.022998188418784 ], [ 77.608376133782684, 13.013964910586756 ], [ 77.599163621481978, 13.014057418626573 ] ] ] } },
{ "type": "Feature", "properties": { "grid_id": "BLR_00403", "centroid_lat": 13.027468398366713, "centroid_lon": 77.613124457636218 }, "geometry": { "type": "Polygon", "coordinates": [ [ [ 77.608470679042199, 13.022998188418784 ], [ 77.608565295627187, 13.032031459294009 ], [ 77.617778402852394, 13.031938491564283 ], [ 77.617683453023062, 13.022905287319274 ], [ 77.608470679042199, 13.022998188418784 ] ] ] } },
{ "type": "Feature", "properties": { "grid_id": "BLR_00404", "centroid_lat": 13.027375300564358, "centroid_lon": 77.622337362447865 }, "geometry": { "type": "Polygon", "coordinates": [ [ [ 77.617683453023062, 13.022905287319274 ], [ 77.617778402852394, 13.031938491564283 ], [ 77.626991438488645, 13.031845196943751 ], [ 77.62689615542736, 13.02281205956319 ], [ 77.617683453023062, 13.022905287319274 ] ] ] } },
{ "type": "Feature", "properties": { "grid_id": "BLR_00405", "centroid_lat": 13.027561169389488, "centroid_lon": 77.603911481367362 }, "geometry": { "type": "Polygon", "coordinates": [ [ [ 77.599257833735891, 13.023090762849955 ], [ 77.599352117064143, 13.032124100121145 ], [ 77.608565295627187, 13.032031459294009 ], [ 77.608470679042199, 13.022998188418784 ], [ 77.599257833735891, 13.023090762849955 ] ] ] } },
{ "type": "Feature", "properties": { "grid_id": "BLR_00406", "centroid_lat": 13.036408467922817, "centroid_lon": 77.622432514750457 }, "geometry": { "type": "Polygon", "coordinates": [ [ [ 77.617778402852394, 13.031938491564283 ], [ 77.617873424270726, 13.040971688843268 ], [ 77.627086793390049, 13.040878327353632 ], [ 77.626991438488645, 13.031845196943751 ], [ 77.617778402852394, 13.031938491564283 ] ] ] } },
{ "type": "Feature", "properties": { "grid_id": "BLR_00407", "centroid_lat": 13.036501632474833, "centroid_lon": 77.613219276575066 }, "geometry": { "type": "Polygon", "coordinates": [ [ [ 77.608565295627187, 13.032031459294009 ], [ 77.608659983549984, 13.041064723207842 ], [ 77.617873424270726, 13.040971688843268 ], [ 77.617778402852394, 13.031938491564283 ], [ 77.608565295627187, 13.032031459294009 ] ] ] } },
{ "type": "Feature", "properties": { "grid_id": "BLR_00408", "centroid_lat": 13.036594470013013, "centroid_lon": 77.604005966930103 }, "geometry": { "type": "Polygon", "coordinates": [ [ [ 77.599352117064143, 13.032124100121145 ], [ 77.599446471479055, 13.041157430435574 ], [ 77.608659983549984, 13.041064723207842 ], [ 77.608565295627187, 13.032031459294009 ], [ 77.599352117064143, 13.032124100121145 ] ] ] } },
{ "type": "Feature", "properties": { "grid_id": "BLR_00409", "centroid_lat": 13.045441628310639, "centroid_lon": 77.622527738773812 }, "geometry": { "type": "Polygon", "coordinates": [ [ [ 77.617873424270726, 13.040971688843268 ], [ 77.617968517290421, 13.050004879151643 ], [ 77.62718222014405, 13.049911450788247 ], [ 77.627086793390049, 13.040878327353632 ], [ 77.617873424270726, 13.040971688843268 ] ] ] } },
{ "type": "Feature", "properties": { "grid_id": "BLR_00410", "centroid_lat": 13.0459045122438, "centroid_lon": 77.576459167514713 }, "geometry": { "type": "Polygon", "coordinates": [ [ [ 77.571805509677247, 13.04143358918045 ], [ 77.571898933839975, 13.050467110343439 ], [ 77.581112992250183, 13.050375318894218 ], [ 77.581019234291475, 13.041341863433562 ], [ 77.571805509677247, 13.04143358918045 ] ] ] } },
{ "type": "Feature", "properties": { "grid_id": "BLR_00411", "centroid_lat": 13.045812590000308, "centroid_lon": 77.585673023725604 }, "geometry": { "type": "Polygon", "coordinates": [ [ [ 77.581019234291475, 13.041341863433562 ], [ 77.581112992250183, 13.050375318894218 ], [ 77.5903269800516, 13.050283200038734 ], [ 77.590232888309146, 13.041249810514714 ], [ 77.581019234291475, 13.041341863433562 ] ] ] } },
{ "type": "Feature", "properties": { "grid_id": "BLR_00412", "centroid_lat": 13.054937997108281, "centroid_lon": 77.576552793817015 }, "geometry": { "type": "Polygon", "coordinates": [ [ [ 77.571898933839975, 13.050467110343439 ], [ 77.571992428360204, 13.059500624554312 ], [ 77.581206820817698, 13.059408767398173 ], [ 77.581112992250183, 13.050375318894218 ], [ 77.571898933839975, 13.050467110343439 ] ] ] } },
{ "type": "Feature", "properties": { "grid_id": "BLR_00413", "centroid_lat": 13.054846009043006, "centroid_lon": 77.585766983943401 }, "geometry": { "type": "Polygon", "coordinates": [ [ [ 77.581112992250183, 13.050375318894218 ], [ 77.581206820817698, 13.059408767398173 ], [ 77.590421142654137, 13.059316582601452 ], [ 77.5903269800516, 13.050283200038734 ], [ 77.581112992250183, 13.050375318894218 ] ] ] } },
{ "type": "Feature", "properties": { "grid_id": "BLR_00414", "centroid_lat": 13.054753693460146, "centroid_lon": 77.594981103329218 }, "geometry": { "type": "Polygon", "coordinates": [ [ [ 77.5903269800516, 13.050283200038734 ], [ 77.590421142654137, 13.059316582601452 ], [ 77.599635393618186, 13.059224070175835 ], [ 77.599540896992949, 13.050190753788661 ], [ 77.5903269800516, 13.050283200038734 ] ] ] } },
{ "type": "Feature", "properties": { "grid_id": "BLR_00415", "centroid_lat": 13.063787039480866, "centroid_lon": 77.595075468442104 }, "geometry": { "type": "Polygon", "coordinates": [ [ [ 77.590421142654137, 13.059316582601452 ], [ 77.590515376129034, 13.068349958198302 ], [ 77.599729961367089, 13.068257379592524 ], [ 77.599635393618186, 13.059224070175835 ], [ 77.590421142654137, 13.059316582601452 ] ] ] } },
{ "type": "Feature", "properties": { "grid_id": "BLR_00416", "centroid_lat": 13.063971475016066, "centroid_lon": 77.576646490608596 }, "geometry": { "type": "Polygon", "coordinates": [ [ [ 77.571992428360204, 13.059500624554312 ], [ 77.572085993250184, 13.0685341318085 ], [ 77.581300720006269, 13.068442208940859 ], [ 77.581206820817698, 13.059408767398173 ], [ 77.571992428360204, 13.059500624554312 ] ] ] } },
{ "type": "Feature", "properties": { "grid_id": "BLR_00417", "centroid_lat": 13.063879421124419, "centroid_lon": 77.585861014901781 }, "geometry": { "type": "Polygon", "coordinates": [ [ [ 77.581206820817698, 13.059408767398173 ], [ 77.581300720006269, 13.068442208940859 ], [ 77.590515376129034, 13.068349958198302 ], [ 77.590421142654137, 13.059316582601452 ], [ 77.581206820817698, 13.059408767398173 ] ] ] } },
{ "type": "Feature", "properties": { "grid_id": "BLR_00418", "centroid_lat": 13.072820378531119, "centroid_lon": 77.595169904559199 }, "geometry": { "type": "Polygon", "coordinates": [ [ [ 77.590515376129034, 13.068349958198302 ], [ 77.590609680488626, 13.077383326824711 ], [ 77.599824600252049, 13.077290682034143 ], [ 77.599729961367089, 13.068257379592524 ], [ 77.590515376129034, 13.068349958198302 ] ] ] } },
{ "type": "Feature", "properties": { "grid_id": "BLR_00419", "centroid_lat": 13.073004945962596, "centroid_lon": 77.57674025790169 }, "geometry": { "type": "Polygon", "coordinates": [ [ [ 77.572085993250184, 13.0685341318085 ], [ 77.572179628522122, 13.077567632101434 ], [ 77.581394689828187, 13.077475643517706 ], [ 77.581300720006269, 13.068442208940859 ], [ 77.572085993250184, 13.0685341318085 ] ] ] } },
{ "type": "Feature", "properties": { "grid_id": "BLR_00420", "centroid_lat": 13.046178315158347, "centroid_lon": 77.548817177024915 }, "geometry": { "type": "Polygon", "coordinates": [ [ [ 77.544163914767793, 13.041706803273357 ], [ 77.544256337469434, 13.050740520137451 ], [ 77.553470606198289, 13.050649710976627 ], [ 77.553377849664159, 13.041616059111908 ], [ 77.544163914767793, 13.041706803273357 ] ] ] } },
{ "type": "Feature", "properties": { "grid_id": "BLR_00421", "centroid_lat": 13.046087374834405, "centroid_lon": 77.558031243913106 }, "geometry": { "type": "Polygon", "coordinates": [ [ [ 77.553377849664159, 13.041616059111908 ], [ 77.553470606198289, 13.050649710976627 ], [ 77.562684805072237, 13.050558574374774 ], [ 77.562591714717726, 13.041524987743756 ], [ 77.553377849664159, 13.041616059111908 ] ] ] } },
{ "type": "Feature", "properties": { "grid_id": "BLR_00422", "centroid_lat": 13.055211996082242, "centroid_lon": 77.548909801507435 }, "geometry": { "type": "Polygon", "coordinates": [ [ [ 77.544256337469434, 13.050740520137451 ], [ 77.544348829774677, 13.059774230063068 ], [ 77.553563432587353, 13.05968335589834 ], [ 77.553470606198289, 13.050649710976627 ], [ 77.544256337469434, 13.050740520137451 ] ] ] } },
{ "type": "Feature", "properties": { "grid_id": "BLR_00423", "centroid_lat": 13.055120990639494, "centroid_lon": 77.558124202347713 }, "geometry": { "type": "Polygon", "coordinates": [ [ [ 77.553470606198289, 13.050649710976627 ], [ 77.553563432587353, 13.05968335589834 ], [ 77.562777965532973, 13.059592154058235 ], [ 77.562684805072237, 13.050558574374774 ], [ 77.553470606198289, 13.050649710976627 ] ] ] } },
{ "type": "Feature", "properties": { "grid_id": "BLR_00424", "centroid_lat": 13.055029657644313, "centroid_lon": 77.567338533201351 }, "geometry": { "type": "Polygon", "coordinates": [ [ [ 77.562684805072237, 13.050558574374774 ], [ 77.562777965532973, 13.059592154058235 ], [ 77.571992428360204, 13.059500624554312 ], [ 77.571898933839975, 13.050467110343439 ], [ 77.562684805072237, 13.050558574374774 ] ] ] } },
{ "type": "Feature", "properties": { "grid_id": "BLR_00425", "centroid_lat": 13.064063201144144, "centroid_lon": 77.567431895813868 }, "geometry": { "type": "Polygon", "coordinates": [ [ [ 77.562777965532973, 13.059592154058235 ], [ 77.562871196112113, 13.068625726789575 ], [ 77.572085993250184, 13.0685341318085 ], [ 77.571992428360204, 13.059500624554312 ], [ 77.562777965532973, 13.059592154058235 ] ] ] } },
{ "type": "Feature", "properties": { "grid_id": "BLR_00426", "centroid_lat": 13.064245670063123, "centroid_lon": 77.549002495725276 }, "geometry": { "type": "Polygon", "coordinates": [ [ [ 77.544348829774677, 13.059774230063068 ], [ 77.544441391695599, 13.068807933045655 ], [ 77.553656328843459, 13.068716993872481 ], [ 77.553563432587353, 13.05968335589834 ], [ 77.544348829774677, 13.059774230063068 ] ] ] } },
{ "type": "Feature", "properties": { "grid_id": "BLR_00427", "centroid_lat": 13.064154599497025, "centroid_lon": 77.558217230768975 }, "geometry": { "type": "Polygon", "coordinates": [ [ [ 77.553563432587353, 13.05968335589834 ], [ 77.553656328843459, 13.068716993872481 ], [ 77.562871196112113, 13.068625726789575 ], [ 77.562777965532973, 13.059592154058235 ], [ 77.553563432587353, 13.05968335589834 ] ] ] } },
{ "type": "Feature", "properties": { "grid_id": "BLR_00428", "centroid_lat": 13.073096737687289, "centroid_lon": 77.567525328676567 }, "geometry": { "type": "Polygon", "coordinates": [ [ [ 77.562871196112113, 13.068625726789575 ], [ 77.562964496821834, 13.07765929256424 ], [ 77.572179628522122, 13.077567632101434 ], [ 77.572085993250184, 13.0685341318085 ], [ 77.562871196112113, 13.068625726789575 ] ] ] } },
{ "type": "Feature", "properties": { "grid_id": "BLR_00429", "centroid_lat": 13.073279337096432, "centroid_lon": 77.549095259690546 }, "geometry": { "type": "Polygon", "coordinates": [ [ [ 77.544441391695599, 13.068807933045655 ], [ 77.544534023244353, 13.077841629080659 ], [ 77.553749294978772, 13.077750624894508 ], [ 77.553656328843459, 13.068716993872481 ], [ 77.544441391695599, 13.068807933045655 ] ] ] } },
{ "type": "Feature", "properties": { "grid_id": "BLR_00430", "centroid_lat": 13.045627763675176, "centroid_lon": 77.604100523711239 }, "geometry": { "type": "Polygon", "coordinates": [ [ [ 77.599446471479055, 13.041157430435574 ], [ 77.599540896992949, 13.050190753788661 ], [ 77.608754742822981, 13.050097980155716 ], [ 77.608659983549984, 13.041064723207842 ], [ 77.599446471479055, 13.041157430435574 ] ] ] } },
{ "type": "Feature", "properties": { "grid_id": "BLR_00431", "centroid_lat": 13.045534859616952, "centroid_lon": 77.613314166983528 }, "geometry": { "type": "Polygon", "coordinates": [ [ [ 77.608659983549984, 13.041064723207842 ], [ 77.608754742822981, 13.050097980155716 ], [ 77.617968517290421, 13.050004879151643 ], [ 77.617873424270726, 13.040971688843268 ], [ 77.608659983549984, 13.041064723207842 ] ] ] } },
{ "type": "Feature", "properties": { "grid_id": "BLR_00432", "centroid_lat": 13.054661050371397, "centroid_lon": 77.604195151723161 }, "geometry": { "type": "Polygon", "coordinates": [ [ [ 77.599540896992949, 13.050190753788661 ], [ 77.599635393618186, 13.059224070175835 ], [ 77.608849573458542, 13.059131230133039 ], [ 77.608754742822981, 13.050097980155716 ], [ 77.599540896992949, 13.050190753788661 ] ] ] } },
{ "type": "Feature", "properties": { "grid_id": "BLR_00433", "centroid_lat": 13.054568079788501, "centroid_lon": 77.613409128873982 }, "geometry": { "type": "Polygon", "coordinates": [ [ [ 77.608754742822981, 13.050097980155716 ], [ 77.608849573458542, 13.059131230133039 ], [ 77.618063681923942, 13.059038062484829 ], [ 77.617968517290421, 13.050004879151643 ], [ 77.608754742822981, 13.050097980155716 ] ] ] } },
{ "type": "Feature", "properties": { "grid_id": "BLR_00434", "centroid_lat": 13.054474781723226, "centroid_lon": 77.622623034530378 }, "geometry": { "type": "Polygon", "coordinates": [ [ [ 77.617968517290421, 13.050004879151643 ], [ 77.618063681923942, 13.059038062484829 ], [ 77.627277718763082, 13.05894456724301 ], [ 77.62718222014405, 13.049911450788247 ], [ 77.617968517290421, 13.050004879151643 ] ] ] } },
{ "type": "Feature", "properties": { "grid_id": "BLR_00435", "centroid_lat": 13.06350792815601, "centroid_lon": 77.622718402032604 }, "geometry": { "type": "Polygon", "coordinates": [ [ [ 77.618063681923942, 13.059038062484829 ], [ 77.618158918183752, 13.068071238838247 ], [ 77.627373289259666, 13.067977676713333 ], [ 77.627277718763082, 13.05894456724301 ], [ 77.618063681923942, 13.059038062484829 ] ] ] } },
{ "type": "Feature", "properties": { "grid_id": "BLR_00436", "centroid_lat": 13.063694330097107, "centroid_lon": 77.604289850978233 }, "geometry": { "type": "Polygon", "coordinates": [ [ [ 77.599635393618186, 13.059224070175835 ], [ 77.599729961367089, 13.068257379592524 ], [ 77.608944475469116, 13.068164473135242 ], [ 77.608849573458542, 13.059131230133039 ], [ 77.599635393618186, 13.059224070175835 ] ] ] } },
{ "type": "Feature", "properties": { "grid_id": "BLR_00437", "centroid_lat": 13.063601292984893, "centroid_lon": 77.613504162258835 }, "geometry": { "type": "Polygon", "coordinates": [ [ [ 77.608849573458542, 13.059131230133039 ], [ 77.608944475469116, 13.068164473135242 ], [ 77.618158918183752, 13.068071238838247 ], [ 77.618063681923942, 13.059038062484829 ], [ 77.608849573458542, 13.059131230133039 ] ] ] } },
{ "type": "Feature", "properties": { "grid_id": "BLR_00438", "centroid_lat": 13.072541067604394, "centroid_lon": 77.622813841292981 }, "geometry": { "type": "Polygon", "coordinates": [ [ [ 77.618158918183752, 13.068071238838247 ], [ 77.618254226082243, 13.077104408207305 ], [ 77.627468931646277, 13.077010779194636 ], [ 77.627373289259666, 13.067977676713333 ], [ 77.618158918183752, 13.068071238838247 ] ] ] } },
{ "type": "Feature", "properties": { "grid_id": "BLR_00439", "centroid_lat": 13.072727602847722, "centroid_lon": 77.604384621488833 }, "geometry": { "type": "Polygon", "coordinates": [ [ [ 77.599729961367089, 13.068257379592524 ], [ 77.599824600252049, 13.077290682034143 ], [ 77.609039448867051, 13.077197709157748 ], [ 77.608944475469116, 13.068164473135242 ], [ 77.599729961367089, 13.068257379592524 ] ] ] } },
{ "type": "Feature", "properties": { "grid_id": "BLR_00440", "centroid_lat": 13.07291282623998, "centroid_lon": 77.585955116613036 }, "geometry": { "type": "Polygon", "coordinates": [ [ [ 77.581300720006269, 13.068442208940859 ], [ 77.581394689828187, 13.077475643517706 ], [ 77.590609680488626, 13.077383326824711 ], [ 77.590515376129034, 13.068349958198302 ], [ 77.581300720006269, 13.068442208940859 ] ] ] } },
{ "type": "Feature", "properties": { "grid_id": "BLR_00441", "centroid_lat": 13.081853710606335, "centroid_lon": 77.595264411692852 }, "geometry": { "type": "Polygon", "coordinates": [ [ [ 77.590609680488626, 13.077383326824711 ], [ 77.590704055745263, 13.086416688476103 ], [ 77.599919310285429, 13.086323977496129 ], [ 77.599824600252049, 13.077290682034143 ], [ 77.590609680488626, 13.077383326824711 ] ] ] } },
{ "type": "Feature", "properties": { "grid_id": "BLR_00442", "centroid_lat": 13.0820384099433, "centroid_lon": 77.576834095708591 }, "geometry": { "type": "Polygon", "coordinates": [ [ [ 77.572179628522122, 13.077567632101434 ], [ 77.572273334188267, 13.086601125428562 ], [ 77.581488730295732, 13.08650907112415 ], [ 77.581394689828187, 13.077475643517706 ], [ 77.572179628522122, 13.077567632101434 ] ] ] } },
{ "type": "Feature", "properties": { "grid_id": "BLR_00443", "centroid_lat": 13.081946224385121, "centroid_lon": 77.586049289089459 }, "geometry": { "type": "Polygon", "coordinates": [ [ [ 77.581394689828187, 13.077475643517706 ], [ 77.581488730295732, 13.08650907112415 ], [ 77.590704055745263, 13.086416688476103 ], [ 77.590609680488626, 13.077383326824711 ], [ 77.581394689828187, 13.077475643517706 ] ] ] } },
{ "type": "Feature", "properties": { "grid_id": "BLR_00444", "centroid_lat": 13.091071866953614, "centroid_lon": 77.576928004041534 }, "geometry": { "type": "Polygon", "coordinates": [ [ [ 77.572273334188267, 13.086601125428562 ], [ 77.572367110260899, 13.095634611785309 ], [ 77.581582841421209, 13.095542491755621 ], [ 77.581488730295732, 13.08650907112415 ], [ 77.572273334188267, 13.086601125428562 ] ] ] } },
{ "type": "Feature", "properties": { "grid_id": "BLR_00445", "centroid_lat": 13.09088703570194, "centroid_lon": 77.595358989855399 }, "geometry": { "type": "Polygon", "coordinates": [ [ [ 77.590704055745263, 13.086416688476103 ], [ 77.590798501911266, 13.095450043147917 ], [ 77.600014091479622, 13.095357265973902 ], [ 77.599919310285429, 13.086323977496129 ], [ 77.590704055745263, 13.086416688476103 ] ] ] } },
{ "type": "Feature", "properties": { "grid_id": "BLR_00446", "centroid_lat": 13.090979615555263, "centroid_lon": 77.586143532343371 }, "geometry": { "type": "Polygon", "coordinates": [ [ [ 77.581488730295732, 13.08650907112415 ], [ 77.581582841421209, 13.095542491755621 ], [ 77.590798501911266, 13.095450043147917 ], [ 77.590704055745263, 13.086416688476103 ], [ 77.581488730295732, 13.08650907112415 ] ] ] } },
{ "type": "Feature", "properties": { "grid_id": "BLR_00447", "centroid_lat": 13.100105316988978, "centroid_lon": 77.577021982912811 }, "geometry": { "type": "Polygon", "coordinates": [ [ [ 77.572367110260899, 13.095634611785309 ], [ 77.572460956752266, 13.104668091167127 ], [ 77.581677023216884, 13.104575905407565 ], [ 77.581582841421209, 13.095542491755621 ], [ 77.572367110260899, 13.095634611785309 ] ] ] } },
{ "type": "Feature", "properties": { "grid_id": "BLR_00448", "centroid_lat": 13.099920353813376, "centroid_lon": 77.595453639059215 }, "geometry": { "type": "Polygon", "coordinates": [ [ [ 77.590798501911266, 13.095450043147917 ], [ 77.590893018998983, 13.104483390835579 ], [ 77.60010894384699, 13.104390547462899 ], [ 77.600014091479622, 13.095357265973902 ], [ 77.590798501911266, 13.095450043147917 ] ] ] } },
{ "type": "Feature", "properties": { "grid_id": "BLR_00449", "centroid_lat": 13.100012999745859, "centroid_lon": 77.586237846387093 }, "geometry": { "type": "Polygon", "coordinates": [ [ [ 77.581582841421209, 13.095542491755621 ], [ 77.581677023216884, 13.104575905407565 ], [ 77.590893018998983, 13.104483390835579 ], [ 77.590798501911266, 13.095450043147917 ], [ 77.581582841421209, 13.095542491755621 ] ] ] } },
{ "type": "Feature", "properties": { "grid_id": "BLR_00450", "centroid_lat": 13.073188201402431, "centroid_lon": 77.558310329189041 }, "geometry": { "type": "Polygon", "coordinates": [ [ [ 77.553656328843459, 13.068716993872481 ], [ 77.553749294978772, 13.077750624894508 ], [ 77.562964496821834, 13.07765929256424 ], [ 77.562871196112113, 13.068625726789575 ], [ 77.553656328843459, 13.068716993872481 ] ] ] } },
{ "type": "Feature", "properties": { "grid_id": "BLR_00451", "centroid_lat": 13.082130267269195, "centroid_lon": 77.567618831801653 }, "geometry": { "type": "Polygon", "coordinates": [ [ [ 77.562964496821834, 13.07765929256424 ], [ 77.56305786767436, 13.08669285137767 ], [ 77.572273334188267, 13.086601125428562 ], [ 77.572179628522122, 13.077567632101434 ], [ 77.562964496821834, 13.07765929256424 ] ] ] } },
{ "type": "Feature", "properties": { "grid_id": "BLR_00452", "centroid_lat": 13.082312997177613, "centroid_lon": 77.549188093415395 }, "geometry": { "type": "Polygon", "coordinates": [ [ [ 77.544534023244353, 13.077841629080659 ], [ 77.544626724433002, 13.086875318163528 ], [ 77.553842331005441, 13.086784248959855 ], [ 77.553749294978772, 13.077750624894508 ], [ 77.544534023244353, 13.077841629080659 ] ] ] } },
{ "type": "Feature", "properties": { "grid_id": "BLR_00453", "centroid_lat": 13.082221796351165, "centroid_lon": 77.558403497620105 }, "geometry": { "type": "Polygon", "coordinates": [ [ [ 77.553749294978772, 13.077750624894508 ], [ 77.553842331005441, 13.086784248959855 ], [ 77.56305786767436, 13.08669285137767 ], [ 77.562964496821834, 13.07765929256424 ], [ 77.553749294978772, 13.077750624894508 ] ] ] } },
{ "type": "Feature", "properties": { "grid_id": "BLR_00454", "centroid_lat": 13.091346650302111, "centroid_lon": 77.549280996911946 }, "geometry": { "type": "Polygon", "coordinates": [ [ [ 77.544626724433002, 13.086875318163528 ], [ 77.544719495273696, 13.095909000289717 ], [ 77.553935436935632, 13.095817866063971 ], [ 77.553842331005441, 13.086784248959855 ], [ 77.544626724433002, 13.086875318163528 ] ] ] } },
{ "type": "Feature", "properties": { "grid_id": "BLR_00455", "centroid_lat": 13.091163789885298, "centroid_lon": 77.567712405201348 }, "geometry": { "type": "Polygon", "coordinates": [ [ [ 77.56305786767436, 13.08669285137767 ], [ 77.563151308681881, 13.095726403225303 ], [ 77.572367110260899, 13.095634611785309 ], [ 77.572273334188267, 13.086601125428562 ], [ 77.56305786767436, 13.08669285137767 ] ] ] } },
{ "type": "Feature", "properties": { "grid_id": "BLR_00456", "centroid_lat": 13.091255384338664, "centroid_lon": 77.558496736074318 }, "geometry": { "type": "Polygon", "coordinates": [ [ [ 77.553842331005441, 13.086784248959855 ], [ 77.553935436935632, 13.095817866063971 ], [ 77.563151308681881, 13.095726403225303 ], [ 77.56305786767436, 13.08669285137767 ], [ 77.553842331005441, 13.086784248959855 ] ] ] } },
{ "type": "Feature", "properties": { "grid_id": "BLR_00457", "centroid_lat": 13.098424107426125, "centroid_lon": 77.549249403813334 }, "geometry": { "type": "Polygon", "coordinates": [ [ [ 77.553935436935632, 13.095817866063971 ], [ 77.544719495273696, 13.095909000289717 ], [ 77.54477548283711, 13.101357579704292 ], [ 77.544901100000018, 13.1013808 ], [ 77.5451737, 13.1012742 ], [ 77.5456338, 13.1012906 ], [ 77.5463621, 13.1012097 ], [ 77.5467413, 13.1011752 ], [ 77.5471497, 13.1011767 ], [ 77.5480722, 13.101031 ], [ 77.5485046, 13.1010087 ], [ 77.548893100000015, 13.1010308 ], [ 77.5496616, 13.1010322 ], [ 77.5502883, 13.1009651 ], [ 77.5507208, 13.100952 ], [ 77.5509928, 13.1008287 ], [ 77.5514407, 13.1008613 ], [ 77.5514918, 13.1008649 ], [ 77.5515726, 13.1008567 ], [ 77.5518868, 13.1008248 ], [ 77.5520094, 13.1008004 ], [ 77.5524571, 13.1006804 ], [ 77.5536724, 13.1005242 ], [ 77.553743900000015, 13.1005107 ], [ 77.55398345426147, 13.10047410244267 ], [ 77.553935436935632, 13.095817866063971 ] ] ] } },
{ "type": "Feature", "properties": { "grid_id": "BLR_00458", "centroid_lat": 13.10019730553104, "centroid_lon": 77.567806048887917 }, "geometry": { "type": "Polygon", "coordinates": [ [ [ 77.563151308681881, 13.095726403225303 ], [ 77.563244819856621, 13.104759948102586 ], [ 77.572460956752266, 13.104668091167127 ], [ 77.572367110260899, 13.095634611785309 ], [ 77.563151308681881, 13.095726403225303 ] ] ] } },
{ "type": "Feature", "properties": { "grid_id": "BLR_00459", "centroid_lat": 13.099620579097667, "centroid_lon": 77.559254026613758 }, "geometry": { "type": "Polygon", "coordinates": [ [ [ 77.563244819856621, 13.104759948102586 ], [ 77.563151308681881, 13.095726403225303 ], [ 77.553935436935632, 13.095817866063971 ], [ 77.55398345426147, 13.10047410244267 ], [ 77.5548933, 13.1003351 ], [ 77.554999, 13.1002729 ], [ 77.5550864, 13.1003793 ], [ 77.5557141, 13.1001691 ], [ 77.5560238, 13.1001436 ], [ 77.5560907, 13.1003286 ], [ 77.5560928, 13.1003344 ], [ 77.5562188, 13.1005064 ], [ 77.5563015, 13.1006194 ], [ 77.5564063, 13.1007626 ], [ 77.5564994, 13.1008904 ], [ 77.5570535, 13.1015513 ], [ 77.5582127, 13.1029515 ], [ 77.5585698, 13.1036227 ], [ 77.5586458, 13.1037655 ], [ 77.558647, 13.1037679 ], [ 77.5587527, 13.1039672 ], [ 77.5589291, 13.1043003 ], [ 77.5591005, 13.1046239 ], [ 77.559193346557805, 13.104800224731051 ], [ 77.563244819856621, 13.104759948102586 ] ] ] } },
{ "type": "Feature", "properties": { "grid_id": "BLR_00460", "centroid_lat": 13.072634499201548, "centroid_lon": 77.613599267150533 }, "geometry": { "type": "Polygon", "coordinates": [ [ [ 77.608944475469116, 13.068164473135242 ], [ 77.609039448867051, 13.077197709157748 ], [ 77.618254226082243, 13.077104408207305 ], [ 77.618158918183752, 13.068071238838247 ], [ 77.608944475469116, 13.068164473135242 ] ] ] } },
{ "type": "Feature", "properties": { "grid_id": "BLR_00461", "centroid_lat": 13.081574200063804, "centroid_lon": 77.622909352323973 }, "geometry": { "type": "Polygon", "coordinates": [ [ [ 77.618254226082243, 13.077104408207305 ], [ 77.618349605631934, 13.086137570587429 ], [ 77.627564645935422, 13.086043874682328 ], [ 77.627468931646277, 13.077010779194636 ], [ 77.618254226082243, 13.077104408207305 ] ] ] } },
{ "type": "Feature", "properties": { "grid_id": "BLR_00462", "centroid_lat": 13.081760868618669, "centroid_lon": 77.604479463267339 }, "geometry": { "type": "Polygon", "coordinates": [ [ [ 77.599824600252049, 13.077290682034143 ], [ 77.599919310285429, 13.086323977496129 ], [ 77.609134493664797, 13.086230938195975 ], [ 77.609039448867051, 13.077197709157748 ], [ 77.599824600252049, 13.077290682034143 ] ] ] } },
{ "type": "Feature", "properties": { "grid_id": "BLR_00463", "centroid_lat": 13.081667698433895, "centroid_lon": 77.613694443561513 }, "geometry": { "type": "Polygon", "coordinates": [ [ [ 77.609039448867051, 13.077197709157748 ], [ 77.609134493664797, 13.086230938195975 ], [ 77.618349605631934, 13.086137570587429 ], [ 77.618254226082243, 13.077104408207305 ], [ 77.609039448867051, 13.077197709157748 ] ] ] } },
{ "type": "Feature", "properties": { "grid_id": "BLR_00464", "centroid_lat": 13.090794127405374, "centroid_lon": 77.604574376326156 }, "geometry": { "type": "Polygon", "coordinates": [ [ [ 77.599919310285429, 13.086323977496129 ], [ 77.600014091479622, 13.095357265973902 ], [ 77.609229609874774, 13.09526416024535 ], [ 77.609134493664797, 13.086230938195975 ], [ 77.599919310285429, 13.086323977496129 ] ] ] } },
{ "type": "Feature", "properties": { "grid_id": "BLR_00465", "centroid_lat": 13.090607325529652, "centroid_lon": 77.623004935138056 }, "geometry": { "type": "Polygon", "coordinates": [ [ [ 77.618349605631934, 13.086137570587429 ], [ 77.61844505684526, 13.095170725974045 ], [ 77.627660432139606, 13.095076963171831 ], [ 77.627564645935422, 13.086043874682328 ], [ 77.618349605631934, 13.086137570587429 ] ] ] } },
{ "type": "Feature", "properties": { "grid_id": "BLR_00466", "centroid_lat": 13.090700890677342, "centroid_lon": 77.613789691504195 }, "geometry": { "type": "Polygon", "coordinates": [ [ [ 77.609134493664797, 13.086230938195975 ], [ 77.609229609874774, 13.09526416024535 ], [ 77.61844505684526, 13.095170725974045 ], [ 77.618349605631934, 13.086137570587429 ], [ 77.609134493664797, 13.086230938195975 ] ] ] } },
{ "type": "Feature", "properties": { "grid_id": "BLR_00467", "centroid_lat": 13.099827379203267, "centroid_lon": 77.60466936067769 }, "geometry": { "type": "Polygon", "coordinates": [ [ [ 77.600014091479622, 13.095357265973902 ], [ 77.60010894384699, 13.104390547462899 ], [ 77.609324797509416, 13.104297375301293 ], [ 77.609229609874774, 13.09526416024535 ], [ 77.600014091479622, 13.095357265973902 ] ] ] } },
{ "type": "Feature", "properties": { "grid_id": "BLR_00468", "centroid_lat": 13.099640443997362, "centroid_lon": 77.623100589747736 }, "geometry": { "type": "Polygon", "coordinates": [ [ [ 77.61844505684526, 13.095170725974045 ], [ 77.618540579734713, 13.104203874362561 ], [ 77.627756290271378, 13.104110044658558 ], [ 77.627660432139606, 13.095076963171831 ], [ 77.61844505684526, 13.095170725974045 ] ] ] } },
{ "type": "Feature", "properties": { "grid_id": "BLR_00469", "centroid_lat": 13.099734075927321, "centroid_lon": 77.613885010991027 }, "geometry": { "type": "Polygon", "coordinates": [ [ [ 77.609229609874774, 13.09526416024535 ], [ 77.609324797509416, 13.104297375301293 ], [ 77.618540579734713, 13.104203874362561 ], [ 77.61844505684526, 13.095170725974045 ], [ 77.609229609874774, 13.09526416024535 ] ] ] } },
{ "type": "Feature", "properties": { "grid_id": "BLR_00470", "centroid_lat": 13.109138760044832, "centroid_lon": 77.577116032334729 }, "geometry": { "type": "Polygon", "coordinates": [ [ [ 77.572460956752266, 13.104668091167127 ], [ 77.572554873674619, 13.113701563569446 ], [ 77.581771275695132, 13.113609312075406 ], [ 77.581677023216884, 13.104575905407565 ], [ 77.572460956752266, 13.104668091167127 ] ] ] } },
{ "type": "Feature", "properties": { "grid_id": "BLR_00471", "centroid_lat": 13.108953664936056, "centroid_lon": 77.595548359316695 }, "geometry": { "type": "Polygon", "coordinates": [ [ [ 77.590893018998983, 13.104483390835579 ], [ 77.590987607020793, 13.113516731534526 ], [ 77.600203867399998, 13.113423821958543 ], [ 77.60010894384699, 13.104390547462899 ], [ 77.590893018998983, 13.104483390835579 ] ] ] } },
{ "type": "Feature", "properties": { "grid_id": "BLR_00472", "centroid_lat": 13.109046376952328, "centroid_lon": 77.586332231232944 }, "geometry": { "type": "Polygon", "coordinates": [ [ [ 77.581677023216884, 13.104575905407565 ], [ 77.581771275695132, 13.113609312075406 ], [ 77.590987607020793, 13.113516731534526 ], [ 77.590893018998983, 13.104483390835579 ], [ 77.581677023216884, 13.104575905407565 ] ] ] } },
{ "type": "Feature", "properties": { "grid_id": "BLR_00473", "centroid_lat": 13.117986969065418, "centroid_lon": 77.595643150640214 }, "geometry": { "type": "Polygon", "coordinates": [ [ [ 77.590987607020793, 13.113516731534526 ], [ 77.591082265989044, 13.122550065240182 ], [ 77.600298862151007, 13.122457089456256 ], [ 77.600203867399998, 13.113423821958543 ], [ 77.590987607020793, 13.113516731534526 ] ] ] } },
{ "type": "Feature", "properties": { "grid_id": "BLR_00474", "centroid_lat": 13.118172196116605, "centroid_lon": 77.577210152319566 }, "geometry": { "type": "Polygon", "coordinates": [ [ [ 77.572554873674619, 13.113701563569446 ], [ 77.572648861040264, 13.122735028987705 ], [ 77.581865598868262, 13.122642711754578 ], [ 77.581771275695132, 13.113609312075406 ], [ 77.572554873674619, 13.113701563569446 ] ] ] } },
{ "type": "Feature", "properties": { "grid_id": "BLR_00475", "centroid_lat": 13.118079747170102, "centroid_lon": 77.586426686893319 }, "geometry": { "type": "Polygon", "coordinates": [ [ [ 77.581771275695132, 13.113609312075406 ], [ 77.581865598868262, 13.122642711754578 ], [ 77.591082265989044, 13.122550065240182 ], [ 77.590987607020793, 13.113516731534526 ], [ 77.581771275695132, 13.113609312075406 ] ] ] } },
{ "type": "Feature", "properties": { "grid_id": "BLR_00476", "centroid_lat": 13.127205625199741, "centroid_lon": 77.577304342879657 }, "geometry": { "type": "Polygon", "coordinates": [ [ [ 77.572648861040264, 13.122735028987705 ], [ 77.572742918861493, 13.131768487417355 ], [ 77.581959992748594, 13.131676104440531 ], [ 77.581865598868262, 13.122642711754578 ], [ 77.572648861040264, 13.122735028987705 ] ] ] } },
{ "type": "Feature", "properties": { "grid_id": "BLR_00477", "centroid_lat": 13.127113110394628, "centroid_lon": 77.586521213380507 }, "geometry": { "type": "Polygon", "coordinates": [ [ [ 77.581865598868262, 13.122642711754578 ], [ 77.581959992748594, 13.131676104440531 ], [ 77.591176995916129, 13.131583391947986 ], [ 77.591082265989044, 13.122550065240182 ], [ 77.581865598868262, 13.122642711754578 ] ] ] } },
{ "type": "Feature", "properties": { "grid_id": "BLR_00478", "centroid_lat": 13.127020266196894, "centroid_lon": 77.595738013042151 }, "geometry": { "type": "Polygon", "coordinates": [ [ [ 77.591082265989044, 13.122550065240182 ], [ 77.591176995916129, 13.131583391947986 ], [ 77.600393928112453, 13.131490349951479 ], [ 77.600298862151007, 13.122457089456256 ], [ 77.591082265989044, 13.122550065240182 ] ] ] } },
{ "type": "Feature", "properties": { "grid_id": "BLR_00479", "centroid_lat": 13.136089796157533, "centroid_lon": 77.577644600242493 }, "geometry": { "type": "Polygon", "coordinates": [ [ [ 77.581959992748594, 13.131676104440531 ], [ 77.572742918861493, 13.131768487417355 ], [ 77.572789995821836, 13.136287289355217 ], [ 77.5728088, 13.1362852 ], [ 77.5728924, 13.1362759 ], [ 77.5729826, 13.1362376 ], [ 77.5730883, 13.1361905 ], [ 77.5733514, 13.1360734 ], [ 77.573396, 13.1360535 ], [ 77.5734177, 13.1360438 ], [ 77.5734423, 13.1361266 ], [ 77.5734443, 13.1361489 ], [ 77.57345930000001, 13.1363115 ], [ 77.5735023, 13.1364891 ], [ 77.5735973, 13.136882 ], [ 77.5736113, 13.1369394 ], [ 77.5736713, 13.1371216 ], [ 77.5737003, 13.1372093 ], [ 77.5737501, 13.1373597 ], [ 77.5737718, 13.1374253 ], [ 77.573836, 13.1376195 ], [ 77.5738424, 13.1376388 ], [ 77.5738672, 13.1377197 ], [ 77.5738724, 13.1377789 ], [ 77.5738876, 13.1379494 ], [ 77.5739239, 13.1383527 ], [ 77.5739285, 13.1384034 ], [ 77.5739349, 13.1384746 ], [ 77.5739463, 13.1386011 ], [ 77.5739505, 13.1386479 ], [ 77.5739629, 13.138846 ], [ 77.5739719, 13.13899 ], [ 77.5739775, 13.1390788 ], [ 77.5739899, 13.1393679 ], [ 77.5739906, 13.1393837 ], [ 77.5739893, 13.1395242 ], [ 77.5739881, 13.1396563 ], [ 77.5739879, 13.1396781 ], [ 77.5739825, 13.1402438 ], [ 77.5739782, 13.1407017 ], [ 77.5739783, 13.1407038 ], [ 77.573984530627456, 13.140790447840118 ], [ 77.581850721230609, 13.140711537131443 ], [ 77.582052317111064, 13.140504900137651 ], [ 77.581959992748594, 13.131676104440531 ] ] ] } },
{ "type": "Feature", "properties": { "grid_id": "BLR_00480", "centroid_lat": 13.109230814201862, "centroid_lon": 77.567899762873566 }, "geometry": { "type": "Polygon", "coordinates": [ [ [ 77.563244819856621, 13.104759948102586 ], [ 77.5633384012108, 13.11379348600496 ], [ 77.572554873674619, 13.113701563569446 ], [ 77.572460956752266, 13.104668091167127 ], [ 77.563244819856621, 13.104759948102586 ] ] ] } },
{ "type": "Feature", "properties": { "grid_id": "BLR_00481", "centroid_lat": 13.109176941439213, "centroid_lon": 77.56173935867308 }, "geometry": { "type": "Polygon", "coordinates": [ [ [ 77.5633384012108, 13.11379348600496 ], [ 77.563244819856621, 13.104759948102586 ], [ 77.559193346557805, 13.104800224731051 ], [ 77.5592224, 13.1048554 ], [ 77.5593345, 13.1050965 ], [ 77.5594675, 13.1053042 ], [ 77.559875800000015, 13.1059417 ], [ 77.5598993, 13.1059899 ], [ 77.5601344, 13.1064104 ], [ 77.5603037, 13.106931 ], [ 77.5603063, 13.1069367 ], [ 77.5603916, 13.1070994 ], [ 77.5604097, 13.1071339 ], [ 77.5604712, 13.1072513 ], [ 77.5604718, 13.1073997 ], [ 77.5605786, 13.1076569 ], [ 77.5607013, 13.1079551 ], [ 77.5607128, 13.1079866 ], [ 77.5607561, 13.1081044 ], [ 77.560758300000018, 13.1081105 ], [ 77.5608924, 13.1084339 ], [ 77.5609498, 13.108573 ], [ 77.5609801, 13.1087074 ], [ 77.560992, 13.1087602 ], [ 77.5609937, 13.1087677 ], [ 77.5609952, 13.1087741 ], [ 77.5609598, 13.1089171 ], [ 77.5605355, 13.1090351 ], [ 77.5600468, 13.1093099 ], [ 77.5600485, 13.1095542 ], [ 77.5601224, 13.1098317 ], [ 77.5602837, 13.1105604 ], [ 77.5603134, 13.1111513 ], [ 77.5602228, 13.1115347 ], [ 77.5601303, 13.1117443 ], [ 77.5598115, 13.1117939 ], [ 77.5597096, 13.1119002 ], [ 77.5596753, 13.1121112 ], [ 77.5598139, 13.112403 ], [ 77.5598329, 13.1124041 ], [ 77.5600894, 13.1123591 ], [ 77.5604031, 13.1129588 ], [ 77.561062, 13.1137753 ], [ 77.56142, 13.1137607 ], [ 77.561439188231247, 13.113812387228371 ], [ 77.5633384012108, 13.11379348600496 ] ] ] } },
{ "type": "Feature", "properties": { "grid_id": "BLR_00482", "centroid_lat": 13.118231977314707, "centroid_lon": 77.568028772929893 }, "geometry": { "type": "Polygon", "coordinates": [ [ [ 77.572648861040264, 13.122735028987705 ], [ 77.572554873674619, 13.113701563569446 ], [ 77.5633384012108, 13.11379348600496 ], [ 77.563413427606562, 13.12103099413212 ], [ 77.5638976, 13.1221613 ], [ 77.564187529489828, 13.122819489342401 ], [ 77.572648861040264, 13.122735028987705 ] ] ] } },
{ "type": "Feature", "properties": { "grid_id": "BLR_00483", "centroid_lat": 13.116145708385639, "centroid_lon": 77.56284554505325 }, "geometry": { "type": "Polygon", "coordinates": [ [ [ 77.5633384012108, 13.11379348600496 ], [ 77.561439188231247, 13.113812387228371 ], [ 77.5614533, 13.1138504 ], [ 77.5615912, 13.1138239 ], [ 77.5616465, 13.1140028 ], [ 77.5617076, 13.1141539 ], [ 77.5618075, 13.1144005 ], [ 77.5619081, 13.1146465 ], [ 77.5619235, 13.1146842 ], [ 77.5621465, 13.1152297 ], [ 77.5625041, 13.1163701 ], [ 77.5625161, 13.1164086 ], [ 77.5625217, 13.1164265 ], [ 77.5625328, 13.1164617 ], [ 77.5625536, 13.1165481 ], [ 77.5628446, 13.1179396 ], [ 77.5628889, 13.1181683 ], [ 77.5629696, 13.1188063 ], [ 77.5630632, 13.1194331 ], [ 77.5631928, 13.1205025 ], [ 77.5632217, 13.1205834 ], [ 77.563413427606562, 13.12103099413212 ], [ 77.5633384012108, 13.11379348600496 ] ] ] } },
{ "type": "Feature", "properties": { "grid_id": "BLR_00484", "centroid_lat": 13.125854856814811, "centroid_lon": 77.569824367560543 }, "geometry": { "type": "Polygon", "coordinates": [ [ [ 77.572742918861493, 13.131768487417355 ], [ 77.572648861040264, 13.122735028987705 ], [ 77.564187529489828, 13.122819489342401 ], [ 77.5642918, 13.1230562 ], [ 77.5646471, 13.123854 ], [ 77.5650234, 13.1247008 ], [ 77.5651504, 13.1249872 ], [ 77.5653658, 13.1254979 ], [ 77.5655565, 13.1259629 ], [ 77.5666068, 13.1257208 ], [ 77.5681232, 13.1253714 ], [ 77.5695954, 13.1250289 ], [ 77.5696634, 13.1250224 ], [ 77.5699587, 13.1273903 ], [ 77.570797, 13.1305766 ], [ 77.5708611, 13.1309948 ], [ 77.5708679, 13.1310394 ], [ 77.57101631651112, 13.131785756474205 ], [ 77.572742918861493, 13.131768487417355 ] ] ] } },
{ "type": "Feature", "properties": { "grid_id": "BLR_00485", "centroid_lat": 13.108860624007766, "centroid_lon": 77.60476441633439 }, "geometry": { "type": "Polygon", "coordinates": [ [ [ 77.60010894384699, 13.104390547462899 ], [ 77.600203867399998, 13.113423821958543 ], [ 77.609420056581172, 13.113330583359231 ], [ 77.609324797509416, 13.104297375301293 ], [ 77.60010894384699, 13.104390547462899 ] ] ] } },
{ "type": "Feature", "properties": { "grid_id": "BLR_00486", "centroid_lat": 13.108673555462348, "centroid_lon": 77.623196316165533 }, "geometry": { "type": "Polygon", "coordinates": [ [ [ 77.618540579734713, 13.104203874362561 ], [ 77.618636174312769, 13.113237015748407 ], [ 77.627852220343271, 13.113143119137932 ], [ 77.627756290271378, 13.104110044658558 ], [ 77.618540579734713, 13.104203874362561 ] ] ] } },
{ "type": "Feature", "properties": { "grid_id": "BLR_00487", "centroid_lat": 13.108767254179254, "centroid_lon": 77.613980402034528 }, "geometry": { "type": "Polygon", "coordinates": [ [ [ 77.609324797509416, 13.104297375301293 ], [ 77.609420056581172, 13.113330583359231 ], [ 77.618636174312769, 13.113237015748407 ], [ 77.618540579734713, 13.104203874362561 ], [ 77.609324797509416, 13.104297375301293 ] ] ] } },
{ "type": "Feature", "properties": { "grid_id": "BLR_00488", "centroid_lat": 13.117706659920023, "centroid_lon": 77.623292114403952 }, "geometry": { "type": "Polygon", "coordinates": [ [ [ 77.618636174312769, 13.113237015748407 ], [ 77.618731840591963, 13.122270150126997 ], [ 77.627948222367806, 13.12217618660536 ], [ 77.627852220343271, 13.113143119137932 ], [ 77.618636174312769, 13.113237015748407 ] ] ] } },
{ "type": "Feature", "properties": { "grid_id": "BLR_00489", "centroid_lat": 13.1178938618143, "centroid_lon": 77.604859543308677 }, "geometry": { "type": "Polygon", "coordinates": [ [ [ 77.600203867399998, 13.113423821958543 ], [ 77.600298862151007, 13.122457089456256 ], [ 77.609515387102505, 13.122363784414587 ], [ 77.609420056581172, 13.113330583359231 ], [ 77.600203867399998, 13.113423821958543 ] ] ] } },
{ "type": "Feature", "properties": { "grid_id": "BLR_00490", "centroid_lat": 13.117800425428554, "centroid_lon": 77.614075864647106 }, "geometry": { "type": "Polygon", "coordinates": [ [ [ 77.609420056581172, 13.113330583359231 ], [ 77.609515387102505, 13.122363784414587 ], [ 77.618731840591963, 13.122270150126997 ], [ 77.618636174312769, 13.113237015748407 ], [ 77.609420056581172, 13.113330583359231 ] ] ] } },
{ "type": "Feature", "properties": { "grid_id": "BLR_00491", "centroid_lat": 13.126927092618301, "centroid_lon": 77.604954741612971 }, "geometry": { "type": "Polygon", "coordinates": [ [ [ 77.600298862151007, 13.122457089456256 ], [ 77.600393928112453, 13.131490349951479 ], [ 77.609610789085892, 13.131396978462789 ], [ 77.609515387102505, 13.122363784414587 ], [ 77.600298862151007, 13.122457089456256 ] ] ] } },
{ "type": "Feature", "properties": { "grid_id": "BLR_00492", "centroid_lat": 13.12682832375965, "centroid_lon": 77.61416946675368 }, "geometry": { "type": "Polygon", "coordinates": [ [ [ 77.618827578584785, 13.131303277493759 ], [ 77.618731840591963, 13.122270150126997 ], [ 77.609515387102505, 13.122363784414587 ], [ 77.609610789085892, 13.131396978462789 ], [ 77.615342907140288, 13.131338742651874 ], [ 77.6153552, 13.1313276 ], [ 77.6153732, 13.1313113 ], [ 77.6153992, 13.1312878 ], [ 77.615531, 13.131168 ], [ 77.615692, 13.1311971 ], [ 77.6157106, 13.1312005 ], [ 77.6157824, 13.1312134 ], [ 77.61654751967248, 13.13132648807545 ], [ 77.618827578584785, 13.131303277493759 ] ] ] } },
{ "type": "Feature", "properties": { "grid_id": "BLR_00493", "centroid_lat": 13.125721731494133, "centroid_lon": 77.622841071024254 }, "geometry": { "type": "Polygon", "coordinates": [ [ [ 77.627948222367806, 13.12217618660536 ], [ 77.618731840591963, 13.122270150126997 ], [ 77.618827578584785, 13.131303277493759 ], [ 77.61896071528983, 13.131301921562089 ], [ 77.6252132, 13.1279481 ], [ 77.6258699, 13.1274617 ], [ 77.627997584372352, 13.126818142865009 ], [ 77.627948222367806, 13.12217618660536 ] ] ] } },
{ "type": "Feature", "properties": { "grid_id": "BLR_00494", "centroid_lat": 13.132706613397188, "centroid_lon": 77.604939921047858 }, "geometry": { "type": "Polygon", "coordinates": [ [ [ 77.609610789085892, 13.131396978462789 ], [ 77.600393928112453, 13.131490349951479 ], [ 77.60040797788669, 13.132824798928148 ], [ 77.6005209, 13.1329382 ], [ 77.6015417, 13.1339981 ], [ 77.6018395, 13.1343074 ], [ 77.6019041, 13.1343069 ], [ 77.6020118, 13.1343068 ], [ 77.6031295, 13.1343059 ], [ 77.6042841, 13.1342598 ], [ 77.6088907, 13.1335421 ], [ 77.609632323625675, 13.133435052651237 ], [ 77.609610789085892, 13.131396978462789 ] ] ] } },
{ "type": "Feature", "properties": { "grid_id": "BLR_00495", "centroid_lat": 13.133703347492123, "centroid_lon": 77.572082597300835 }, "geometry": { "type": "Polygon", "coordinates": [ [ [ 77.572742918861493, 13.131768487417355 ], [ 77.57101631651112, 13.131785756474205 ], [ 77.5713166, 13.1332958 ], [ 77.5713336, 13.1339359 ], [ 77.5715764, 13.1346257 ], [ 77.5717665, 13.1352672 ], [ 77.5719113, 13.1359732 ], [ 77.5720176, 13.1359717 ], [ 77.5722271, 13.1358974 ], [ 77.5723525, 13.1361143 ], [ 77.5723844, 13.1362518 ], [ 77.5725675, 13.1362432 ], [ 77.5726529, 13.1362491 ], [ 77.5727175, 13.1362849 ], [ 77.5727332, 13.1362936 ], [ 77.572789995821836, 13.136287289355217 ], [ 77.572742918861493, 13.131768487417355 ] ] ] } },
{ "type": "Feature", "properties": { "grid_id": "BLR_00496", "centroid_lat": 13.132222974216713, "centroid_lon": 77.595230977239012 }, "geometry": { "type": "Polygon", "coordinates": [ [ [ 77.600393928112453, 13.131490349951479 ], [ 77.591176995916129, 13.131583391947986 ], [ 77.591193942928271, 13.133198723704012 ], [ 77.596567, 13.1329288 ], [ 77.5976605, 13.132638 ], [ 77.5995472, 13.1320807 ], [ 77.5996186, 13.1320319 ], [ 77.6002145, 13.1326305 ], [ 77.60040797788669, 13.132824798928148 ], [ 77.600393928112453, 13.131490349951479 ] ] ] } },
{ "type": "Feature", "properties": { "grid_id": "BLR_00497", "centroid_lat": 13.133806477072854, "centroid_lon": 77.585129175070335 }, "geometry": { "type": "Polygon", "coordinates": [ [ [ 77.591176995916129, 13.131583391947986 ], [ 77.581959992748594, 13.131676104440531 ], [ 77.582052317111064, 13.140504900137651 ], [ 77.5823569, 13.1401927 ], [ 77.5824806, 13.1400299 ], [ 77.5827446, 13.1389079 ], [ 77.5829551, 13.1381801 ], [ 77.5829934, 13.1380286 ], [ 77.5832922, 13.1371358 ], [ 77.5834702, 13.1367033 ], [ 77.5834989, 13.1366336 ], [ 77.5836229, 13.1361447 ], [ 77.583697, 13.1355818 ], [ 77.5837004, 13.1355597 ], [ 77.5837883, 13.1352354 ], [ 77.58379260000001, 13.1352194 ], [ 77.5840111, 13.1351174 ], [ 77.5841248, 13.1345387 ], [ 77.5843328, 13.1339586 ], [ 77.5845274, 13.1338174 ], [ 77.5845436, 13.1337819 ], [ 77.5848504, 13.1331029 ], [ 77.584994, 13.1329628 ], [ 77.5850396, 13.1329183 ], [ 77.5851949, 13.1327667 ], [ 77.5852083, 13.1327536 ], [ 77.585342, 13.1326926 ], [ 77.5853403, 13.1326891 ], [ 77.5856322, 13.1326009 ], [ 77.585634, 13.1326003 ], [ 77.585859, 13.1325988 ], [ 77.5858539, 13.13262 ], [ 77.585822800000017, 13.1327496 ], [ 77.5857488, 13.1330571 ], [ 77.5856907, 13.1332986 ], [ 77.5857476, 13.1333047 ], [ 77.5862132, 13.1333135 ], [ 77.5867915, 13.1333597 ], [ 77.587322500000013, 13.1333324 ], [ 77.5876612, 13.1333208 ], [ 77.5882892, 13.1332992 ], [ 77.5883287, 13.1332994 ], [ 77.5885105, 13.1333001 ], [ 77.5890942, 13.1333037 ], [ 77.5891037, 13.1333037 ], [ 77.591193942928271, 13.133198723704012 ], [ 77.591176995916129, 13.131583391947986 ] ] ] } },
{ "type": "Feature", "properties": { "grid_id": "BLR_00498", "centroid_lat": 13.141447509286451, "centroid_lon": 77.578094674753416 }, "geometry": { "type": "Polygon", "coordinates": [ [ [ 77.573984530627456, 13.140790447840118 ], [ 77.5739976, 13.1409722 ], [ 77.5740017, 13.1410292 ], [ 77.5739646, 13.1410666 ], [ 77.5738905, 13.1411412 ], [ 77.5740028, 13.1411741 ], [ 77.5740286, 13.1411821 ], [ 77.5743637, 13.1412858 ], [ 77.5743554, 13.1413202 ], [ 77.5743318, 13.1414186 ], [ 77.5743223, 13.1414582 ], [ 77.5743109, 13.1415056 ], [ 77.5743076, 13.1415192 ], [ 77.5743439, 13.1415236 ], [ 77.574467, 13.1415382 ], [ 77.57460540000001, 13.1415544 ], [ 77.5756069, 13.1417361 ], [ 77.576725, 13.1419846 ], [ 77.5773273, 13.1421153 ], [ 77.577793, 13.1423037 ], [ 77.5782405, 13.1424539 ], [ 77.5786589, 13.1425163 ], [ 77.5791952, 13.1425663 ], [ 77.5792564, 13.1425734 ], [ 77.5799114, 13.1426196 ], [ 77.5800985, 13.14241 ], [ 77.5801462, 13.1423599 ], [ 77.5806114, 13.1419073 ], [ 77.5808817, 13.1416546 ], [ 77.5814451, 13.1411273 ], [ 77.581850721230609, 13.140711537131443 ], [ 77.573984530627456, 13.140790447840118 ] ] ] } },
{ "type": "Feature", "properties": { "grid_id": "BLR_00499", "centroid_lat": 13.131326045448063, "centroid_lon": 77.618872203682201 }, "geometry": { "type": "Polygon", "coordinates": [ [ [ 77.618827578584785, 13.131303277493759 ], [ 77.618828317155902, 13.131372937267756 ], [ 77.61896071528983, 13.131301921562089 ], [ 77.618827578584785, 13.131303277493759 ] ] ] } },
{ "type": "Feature", "properties": { "grid_id": "BLR_00500", "centroid_lat": 13.132145615925131, "centroid_lon": 77.611976295616259 }, "geometry": { "type": "MultiPolygon", "coordinates": [ [ [ [ 77.618827578584785, 13.131303277493759 ], [ 77.61654751967248, 13.13132648807545 ], [ 77.6184035, 13.1316008 ], [ 77.618828317155902, 13.131372937267756 ], [ 77.618827578584785, 13.131303277493759 ] ] ], [ [ [ 77.609610789085892, 13.131396978462789 ], [ 77.609632323625675, 13.133435052651237 ], [ 77.6104765, 13.1333132 ], [ 77.6104895, 13.1332805 ], [ 77.6107672, 13.1332528 ], [ 77.6109345, 13.1332361 ], [ 77.6116829, 13.1331099 ], [ 77.6124335, 13.133006 ], [ 77.6124352, 13.1330058 ], [ 77.6124821, 13.1329767 ], [ 77.6126413, 13.1328783 ], [ 77.6127285, 13.1328237 ], [ 77.613295, 13.1324688 ], [ 77.6140883, 13.1319718 ], [ 77.6142494, 13.1318708 ], [ 77.614284, 13.1318493 ], [ 77.614416, 13.131767 ], [ 77.6145838, 13.1316623 ], [ 77.6146395, 13.1316276 ], [ 77.6148439, 13.1315544 ], [ 77.615071, 13.1314731 ], [ 77.6150778, 13.1314707 ], [ 77.6151037, 13.1314614 ], [ 77.6151833, 13.1314329 ], [ 77.6152702, 13.1314018 ], [ 77.615275, 13.1314001 ], [ 77.6152925, 13.1313843 ], [ 77.615321, 13.1313586 ], [ 77.615342907140288, 13.131338742651874 ], [ 77.609610789085892, 13.131396978462789 ] ] ] ] } },
{ "type": "Feature", "properties": { "grid_id": "BLR_00501", "centroid_lat": 12.850956854298124, "centroid_lon": 77.643564132456802 }, "geometry": { "type": "Polygon", "coordinates": [ [ [ 77.643512032671651, 12.850996248003932 ], [ 77.643669552320304, 12.850994660761016 ], [ 77.643510812399583, 12.850879654092642 ], [ 77.643512032671651, 12.850996248003932 ] ] ] } },
{ "type": "Feature", "properties": { "grid_id": "BLR_00502", "centroid_lat": 12.850850497961909, "centroid_lon": 77.643227907202956 }, "geometry": { "type": "Polygon", "coordinates": [ [ [ 77.643512032671651, 12.850996248003932 ], [ 77.643510812399583, 12.850879654092642 ], [ 77.643091, 12.8505755 ], [ 77.642987042989574, 12.851001537367164 ], [ 77.643512032671651, 12.850996248003932 ] ] ] } },
{ "type": "Feature", "properties": { "grid_id": "BLR_00503", "centroid_lat": 12.85557859548425, "centroid_lon": 77.643225138089264 }, "geometry": { "type": "Polygon", "coordinates": [ [ [ 77.643606610024662, 12.860029382700157 ], [ 77.643512032671651, 12.850996248003932 ], [ 77.642987042989574, 12.851001537367164 ], [ 77.6429739, 12.8510554 ], [ 77.642808, 12.8526869 ], [ 77.6428492, 12.8540703 ], [ 77.6429659, 12.8569699 ], [ 77.642903500000017, 12.859449 ], [ 77.642716105980909, 12.860038360259178 ], [ 77.643606610024662, 12.860029382700157 ] ] ] } },
{ "type": "Feature", "properties": { "grid_id": "BLR_00504", "centroid_lat": 12.858815905369726, "centroid_lon": 77.627806370784413 }, "geometry": { "type": "Polygon", "coordinates": [ [ [ 77.625193330839807, 12.860214399958366 ], [ 77.630858922146942, 12.860157609572894 ], [ 77.6308001, 12.8601242 ], [ 77.6307234, 12.8600169 ], [ 77.6307227, 12.8600168 ], [ 77.6306944, 12.8599185 ], [ 77.6306766, 12.8596707 ], [ 77.6306834, 12.8594465 ], [ 77.6306699, 12.8593212 ], [ 77.6306418, 12.8592497 ], [ 77.6305952, 12.8591665 ], [ 77.6305056, 12.859036 ], [ 77.6304102, 12.8587248 ], [ 77.6304057, 12.8587001 ], [ 77.6303937, 12.8586858 ], [ 77.6302767, 12.8584078 ], [ 77.6300758, 12.858123 ], [ 77.6298413, 12.8578266 ], [ 77.6298007, 12.8577314 ], [ 77.6297054, 12.8576457 ], [ 77.6294574, 12.8575137 ], [ 77.6294043, 12.8574998 ], [ 77.62935, 12.8574348 ], [ 77.6292823, 12.8573536 ], [ 77.6292686, 12.8573371 ], [ 77.6292247, 12.8572845 ], [ 77.6292, 12.8572549 ], [ 77.6291907, 12.8572438 ], [ 77.629139, 12.8571818 ], [ 77.6292573, 12.8571787 ], [ 77.6292492, 12.8571564 ], [ 77.6292239, 12.8571232 ], [ 77.6276561, 12.8571924 ], [ 77.6273228, 12.8572001 ], [ 77.626938, 12.8572066 ], [ 77.6268813, 12.8572409 ], [ 77.6268537, 12.8572417 ], [ 77.62672640000001, 12.8573217 ], [ 77.6266851, 12.8573477 ], [ 77.6265824, 12.8574123 ], [ 77.6264442, 12.8574992 ], [ 77.6263774, 12.8575412 ], [ 77.6255046, 12.8576502 ], [ 77.625166895258261, 12.857672522741002 ], [ 77.625193330839807, 12.860214399958366 ] ] ] } },
{ "type": "Feature", "properties": { "grid_id": "BLR_00505", "centroid_lat": 12.856239074660555, "centroid_lon": 77.647740296024551 }, "geometry": { "type": "Polygon", "coordinates": [ [ [ 77.643512032671651, 12.850996248003932 ], [ 77.643606610024662, 12.860029382700157 ], [ 77.652813141583351, 12.859936390453138 ], [ 77.652760870364432, 12.854962104618304 ], [ 77.6527556, 12.8549606 ], [ 77.6526845, 12.8549403 ], [ 77.6519732, 12.8547369 ], [ 77.6519829, 12.8549717 ], [ 77.6517215, 12.8549233 ], [ 77.6515446, 12.8547325 ], [ 77.6506223, 12.8541438 ], [ 77.6506878, 12.8539528 ], [ 77.6498706, 12.8536294 ], [ 77.6497896, 12.8533157 ], [ 77.6497881, 12.8532998 ], [ 77.6497674, 12.8530876 ], [ 77.6499423, 12.8531015 ], [ 77.6499657, 12.8528588 ], [ 77.6500411, 12.8527335 ], [ 77.6500727, 12.8521501 ], [ 77.6498581, 12.8520861 ], [ 77.6496546, 12.8521065 ], [ 77.6496494, 12.8522621 ], [ 77.6496198, 12.8522579 ], [ 77.6495629, 12.8530704 ], [ 77.6493544, 12.8528746 ], [ 77.6486271, 12.852673 ], [ 77.648686, 12.852037 ], [ 77.6486371, 12.8520308 ], [ 77.6485096, 12.8520146 ], [ 77.6485194, 12.8518976 ], [ 77.6481167, 12.851834 ], [ 77.6481046, 12.851956 ], [ 77.6479623, 12.8519354 ], [ 77.6479225, 12.852242 ], [ 77.6475763, 12.8522426 ], [ 77.6474173, 12.8520418 ], [ 77.6470858, 12.8519341 ], [ 77.6468478, 12.8519817 ], [ 77.6468128, 12.8519811 ], [ 77.646713500000018, 12.8519795 ], [ 77.6465872, 12.8519125 ], [ 77.6464452, 12.8518371 ], [ 77.6463661, 12.8518308 ], [ 77.6463285, 12.8518279 ], [ 77.6461644, 12.8517077 ], [ 77.6459611, 12.8516404 ], [ 77.6459376, 12.8518385 ], [ 77.6459336, 12.851838 ], [ 77.6457352, 12.8517849 ], [ 77.6452426, 12.8516531 ], [ 77.64519, 12.851639 ], [ 77.6452168, 12.8520687 ], [ 77.644577, 12.8516521 ], [ 77.643669552320304, 12.850994660761016 ], [ 77.643512032671651, 12.850996248003932 ] ] ] } },
{ "type": "Feature", "properties": { "grid_id": "BLR_00506", "centroid_lat": 12.86449947478471, "centroid_lon": 77.648257282703938 }, "geometry": { "type": "Polygon", "coordinates": [ [ [ 77.643606610024662, 12.860029382700157 ], [ 77.643701259483635, 12.869062510503717 ], [ 77.652908119724117, 12.868969450773626 ], [ 77.652813141583351, 12.859936390453138 ], [ 77.643606610024662, 12.860029382700157 ] ] ] } },
{ "type": "Feature", "properties": { "grid_id": "BLR_00507", "centroid_lat": 12.85966043002378, "centroid_lon": 77.662227527579134 }, "geometry": { "type": "Polygon", "coordinates": [ [ [ 77.662019600785797, 12.859843075809863 ], [ 77.662640065929224, 12.859836775289548 ], [ 77.6623661, 12.8595913 ], [ 77.662013956956429, 12.859307948590107 ], [ 77.662019600785797, 12.859843075809863 ] ] ] } },
{ "type": "Feature", "properties": { "grid_id": "BLR_00508", "centroid_lat": 12.858323241122187, "centroid_lon": 77.65601016638557 }, "geometry": { "type": "Polygon", "coordinates": [ [ [ 77.652813141583351, 12.859936390453138 ], [ 77.662019600785797, 12.859843075809863 ], [ 77.662013956956429, 12.859307948590107 ], [ 77.6619402, 12.8592486 ], [ 77.6619377, 12.8592467 ], [ 77.6618025, 12.8591795 ], [ 77.6617799, 12.8591619 ], [ 77.6613752, 12.8588473 ], [ 77.6612817, 12.8588052 ], [ 77.6612809, 12.8586754 ], [ 77.6606944, 12.8585542 ], [ 77.660605, 12.8585579 ], [ 77.6606016, 12.8585746 ], [ 77.6592973, 12.8587113 ], [ 77.658478200000019, 12.8585533 ], [ 77.6574002, 12.8585528 ], [ 77.6574542, 12.8578262 ], [ 77.6568504, 12.8572063 ], [ 77.6561349, 12.8571 ], [ 77.6561513, 12.8569801 ], [ 77.6561804, 12.8569837 ], [ 77.6561983, 12.8567634 ], [ 77.6560626, 12.8567386 ], [ 77.656056, 12.8565477 ], [ 77.6558121, 12.8563979 ], [ 77.6558999, 12.8561123 ], [ 77.6554464, 12.8558379 ], [ 77.6554389, 12.8558546 ], [ 77.6554105, 12.8558279 ], [ 77.655403, 12.8558446 ], [ 77.6553185, 12.8561214 ], [ 77.6552769, 12.8562136 ], [ 77.6543597, 12.8558353 ], [ 77.6531343, 12.8556543 ], [ 77.6530556, 12.8553379 ], [ 77.6528358, 12.8552384 ], [ 77.6528183, 12.8549785 ], [ 77.652760870364432, 12.854962104618304 ], [ 77.652813141583351, 12.859936390453138 ] ] ] } },
{ "type": "Feature", "properties": { "grid_id": "BLR_00509", "centroid_lat": 12.868429563445872, "centroid_lon": 77.672024351643145 }, "geometry": { "type": "Polygon", "coordinates": [ [ [ 77.671321622848893, 12.868782363434748 ], [ 77.672869937051317, 12.868766573093822 ], [ 77.6729144, 12.8683516 ], [ 77.6728926, 12.8682523 ], [ 77.6724444, 12.8682026 ], [ 77.6722654, 12.8682045 ], [ 77.6720863, 12.8681329 ], [ 77.67131196537062, 12.867870511599651 ], [ 77.671321622848893, 12.868782363434748 ] ] ] } },
{ "type": "Feature", "properties": { "grid_id": "BLR_00510", "centroid_lat": 12.86597286040757, "centroid_lon": 77.639221463073696 }, "geometry": { "type": "Polygon", "coordinates": [ [ [ 77.634494327124841, 12.869155247591861 ], [ 77.643701259483635, 12.869062510503717 ], [ 77.643606610024662, 12.860029382700157 ], [ 77.642716105980909, 12.860038360259178 ], [ 77.6420691, 12.8620732 ], [ 77.6418789, 12.8635581 ], [ 77.6418751, 12.8635927 ], [ 77.641795, 12.8636285 ], [ 77.6417925, 12.8636543 ], [ 77.6417323, 12.8636707 ], [ 77.6416876, 12.8636765 ], [ 77.6416612, 12.8636883 ], [ 77.6416546, 12.8636913 ], [ 77.641651700000011, 12.8637012 ], [ 77.6414649, 12.8642769 ], [ 77.641206, 12.865008 ], [ 77.6407484, 12.8650411 ], [ 77.6390688, 12.8649982 ], [ 77.6385331, 12.864105 ], [ 77.6384725, 12.8639905 ], [ 77.6384861, 12.8634608 ], [ 77.6374949, 12.8629567 ], [ 77.637288, 12.8628995 ], [ 77.6363714, 12.863073 ], [ 77.6352027, 12.8630485 ], [ 77.6345645, 12.8627607 ], [ 77.634426083497715, 12.862620175539371 ], [ 77.634494327124841, 12.869155247591861 ] ] ] } },
{ "type": "Feature", "properties": { "grid_id": "BLR_00511", "centroid_lat": 12.864875491246002, "centroid_lon": 77.629680188810497 }, "geometry": { "type": "Polygon", "coordinates": [ [ [ 77.625193330839807, 12.860214399958366 ], [ 77.625287322898131, 12.869247662026316 ], [ 77.634494327124841, 12.869155247591861 ], [ 77.634426083497715, 12.862620175539371 ], [ 77.6340721, 12.8622608 ], [ 77.6343889, 12.8618437 ], [ 77.6330014, 12.8614847 ], [ 77.6323601, 12.8611995 ], [ 77.6323242, 12.8611798 ], [ 77.632312, 12.8611732 ], [ 77.632309800000016, 12.8611719 ], [ 77.6318211, 12.8609038 ], [ 77.6316937, 12.8608334 ], [ 77.6313954, 12.8606111 ], [ 77.6312614, 12.8604399 ], [ 77.6310842, 12.8602648 ], [ 77.6309325, 12.8601994 ], [ 77.630858922146942, 12.860157609572894 ], [ 77.625193330839807, 12.860214399958366 ] ] ] } },
{ "type": "Feature", "properties": { "grid_id": "BLR_00512", "centroid_lat": 12.873625497522143, "centroid_lon": 77.639145071856731 }, "geometry": { "type": "Polygon", "coordinates": [ [ [ 77.634494327124841, 12.869155247591861 ], [ 77.634588719757588, 12.878188435751937 ], [ 77.643795981060862, 12.878095631410016 ], [ 77.643701259483635, 12.869062510503717 ], [ 77.634494327124841, 12.869155247591861 ] ] ] } },
{ "type": "Feature", "properties": { "grid_id": "BLR_00513", "centroid_lat": 12.873718106852733, "centroid_lon": 77.629937939088649 }, "geometry": { "type": "Polygon", "coordinates": [ [ [ 77.625287322898131, 12.869247662026316 ], [ 77.625381386574034, 12.878280917206222 ], [ 77.634588719757588, 12.878188435751937 ], [ 77.634494327124841, 12.869155247591861 ], [ 77.625287322898131, 12.869247662026316 ] ] ] } },
{ "type": "Feature", "properties": { "grid_id": "BLR_00514", "centroid_lat": 12.87353256542676, "centroid_lon": 77.648352132625533 }, "geometry": { "type": "Polygon", "coordinates": [ [ [ 77.643701259483635, 12.869062510503717 ], [ 77.643795981060862, 12.878095631410016 ], [ 77.653003170233518, 12.878002504192212 ], [ 77.652908119724117, 12.868969450773626 ], [ 77.643701259483635, 12.869062510503717 ] ] ] } },
{ "type": "Feature", "properties": { "grid_id": "BLR_00515", "centroid_lat": 12.88265864863537, "centroid_lon": 77.63923966496445 }, "geometry": { "type": "Polygon", "coordinates": [ [ [ 77.634588719757588, 12.878188435751937 ], [ 77.634683184270557, 12.887221617014768 ], [ 77.643890774768764, 12.887128745414449 ], [ 77.643795981060862, 12.878095631410016 ], [ 77.634588719757588, 12.878188435751937 ] ] ] } },
{ "type": "Feature", "properties": { "grid_id": "BLR_00516", "centroid_lat": 12.882751325105076, "centroid_lon": 77.630032203120493 }, "geometry": { "type": "Polygon", "coordinates": [ [ [ 77.625381386574034, 12.878280917206222 ], [ 77.625475521879792, 12.8873141654935 ], [ 77.634683184270557, 12.887221617014768 ], [ 77.634588719757588, 12.878188435751937 ], [ 77.625381386574034, 12.878280917206222 ] ] ] } },
{ "type": "Feature", "properties": { "grid_id": "BLR_00517", "centroid_lat": 12.882565649166928, "centroid_lon": 77.648447054796762 }, "geometry": { "type": "Polygon", "coordinates": [ [ [ 77.643795981060862, 12.878095631410016 ], [ 77.643890774768764, 12.887128745414449 ], [ 77.653098293123932, 12.887035550704294 ], [ 77.653003170233518, 12.878002504192212 ], [ 77.643795981060862, 12.878095631410016 ] ] ] } },
{ "type": "Feature", "properties": { "grid_id": "BLR_00518", "centroid_lat": 12.891691792846746, "centroid_lon": 77.639334330083784 }, "geometry": { "type": "Polygon", "coordinates": [ [ [ 77.634683184270557, 12.887221617014768 ], [ 77.634777720676141, 12.896254791375766 ], [ 77.643985640619661, 12.896161852512412 ], [ 77.643890774768764, 12.887128745414449 ], [ 77.634683184270557, 12.887221617014768 ] ] ] } },
{ "type": "Feature", "properties": { "grid_id": "BLR_00519", "centroid_lat": 12.891784536460182, "centroid_lon": 77.630126538913544 }, "geometry": { "type": "Polygon", "coordinates": [ [ [ 77.625475521879792, 12.8873141654935 ], [ 77.625569728827685, 12.896347406883548 ], [ 77.634777720676141, 12.896254791375766 ], [ 77.634683184270557, 12.887221617014768 ], [ 77.625475521879792, 12.8873141654935 ] ] ] } },
{ "type": "Feature", "properties": { "grid_id": "BLR_00520", "centroid_lat": 12.865883331264179, "centroid_lon": 77.665019017307287 }, "geometry": { "type": "Polygon", "coordinates": [ [ [ 77.662019600785797, 12.859843075809863 ], [ 77.662114907595978, 12.868876068413362 ], [ 77.671321622848893, 12.868782363434748 ], [ 77.67131196537062, 12.867870511599651 ], [ 77.6711449, 12.8678139 ], [ 77.6702242, 12.8673919 ], [ 77.6699482, 12.8672265 ], [ 77.6698646, 12.8671765 ], [ 77.6694876, 12.8670629 ], [ 77.667821, 12.8664068 ], [ 77.6670859, 12.8663353 ], [ 77.667046, 12.8662047 ], [ 77.666719, 12.8662118 ], [ 77.6667018, 12.8661763 ], [ 77.666565, 12.8659628 ], [ 77.6656998, 12.8646122 ], [ 77.6653651, 12.864204 ], [ 77.6650719, 12.8636 ], [ 77.6649239, 12.8631263 ], [ 77.6647891, 12.8629695 ], [ 77.6647277, 12.8627058 ], [ 77.6645764, 12.862428 ], [ 77.6641292, 12.8625282 ], [ 77.6640867, 12.8624181 ], [ 77.6638374, 12.8619191 ], [ 77.6637177, 12.860783 ], [ 77.6632717, 12.8603592 ], [ 77.6627767, 12.8599592 ], [ 77.662640065929224, 12.859836775289548 ], [ 77.662019600785797, 12.859843075809863 ] ] ] } },
{ "type": "Feature", "properties": { "grid_id": "BLR_00521", "centroid_lat": 12.864406287538653, "centroid_lon": 77.657463942422311 }, "geometry": { "type": "Polygon", "coordinates": [ [ [ 77.652813141583351, 12.859936390453138 ], [ 77.652908119724117, 12.868969450773626 ], [ 77.662114907595978, 12.868876068413362 ], [ 77.662019600785797, 12.859843075809863 ], [ 77.652813141583351, 12.859936390453138 ] ] ] } },
{ "type": "Feature", "properties": { "grid_id": "BLR_00522", "centroid_lat": 12.873345732988716, "centroid_lon": 77.666766037163839 }, "geometry": { "type": "Polygon", "coordinates": [ [ [ 77.662114907595978, 12.868876068413362 ], [ 77.662210287025133, 12.877909054110312 ], [ 77.671417331185339, 12.87781528117614 ], [ 77.671321622848893, 12.868782363434748 ], [ 77.662114907595978, 12.868876068413362 ] ] ] } },
{ "type": "Feature", "properties": { "grid_id": "BLR_00523", "centroid_lat": 12.873439310578352, "centroid_lon": 77.657559121144672 }, "geometry": { "type": "Polygon", "coordinates": [ [ [ 77.652908119724117, 12.868969450773626 ], [ 77.653003170233518, 12.878002504192212 ], [ 77.662210287025133, 12.877909054110312 ], [ 77.662114907595978, 12.868876068413362 ], [ 77.652908119724117, 12.868969450773626 ] ] ] } },
{ "type": "Feature", "properties": { "grid_id": "BLR_00524", "centroid_lat": 12.873448296677198, "centroid_lon": 77.67291119189052 }, "geometry": { "type": "Polygon", "coordinates": [ [ [ 77.671321622848893, 12.868782363434748 ], [ 77.671417331185339, 12.87781528117614 ], [ 77.67323410922576, 12.877796739226122 ], [ 77.6733799, 12.8776018 ], [ 77.6734294, 12.8775351 ], [ 77.673485, 12.8774752 ], [ 77.6735087, 12.8774282 ], [ 77.6736038, 12.8772998 ], [ 77.6736463, 12.8772423 ], [ 77.6737868, 12.8769615 ], [ 77.6737964, 12.8769424 ], [ 77.6739631, 12.8766545 ], [ 77.6739005, 12.8766542 ], [ 77.6738932, 12.8766541 ], [ 77.67402, 12.8763906 ], [ 77.6740307, 12.8763729 ], [ 77.674059, 12.8763258 ], [ 77.6740758, 12.8762978 ], [ 77.6740887, 12.8762764 ], [ 77.6741209, 12.8762173 ], [ 77.6741461, 12.8761712 ], [ 77.6742032, 12.8760664 ], [ 77.6742129, 12.8760486 ], [ 77.6743425, 12.8758108 ], [ 77.6745981, 12.8753628 ], [ 77.6746622, 12.8752824 ], [ 77.674681, 12.8752587 ], [ 77.6746891, 12.8752273 ], [ 77.6747167, 12.875171 ], [ 77.6748661, 12.8746484 ], [ 77.6750635, 12.8738047 ], [ 77.6750663, 12.8737927 ], [ 77.6752062, 12.873161 ], [ 77.675267300000016, 12.8728804 ], [ 77.6752971, 12.8727241 ], [ 77.6753249, 12.8725787 ], [ 77.672812, 12.8693073 ], [ 77.672869937051317, 12.868766573093822 ], [ 77.671321622848893, 12.868782363434748 ] ] ] } },
{ "type": "Feature", "properties": { "grid_id": "BLR_00525", "centroid_lat": 12.882378745543749, "centroid_lon": 77.666861480553194 }, "geometry": { "type": "Polygon", "coordinates": [ [ [ 77.671417331185339, 12.87781528117614 ], [ 77.662210287025133, 12.877909054110312 ], [ 77.662305739085667, 12.886942032896096 ], [ 77.671513112403545, 12.886848192001702 ], [ 77.671443245451783, 12.880259876336336 ], [ 77.6713952, 12.8802695 ], [ 77.6713821, 12.8802721 ], [ 77.6713998, 12.8802439 ], [ 77.6714234, 12.8802062 ], [ 77.671442437889311, 12.880183703384876 ], [ 77.671417331185339, 12.87781528117614 ] ] ] } },
{ "type": "Feature", "properties": { "grid_id": "BLR_00526", "centroid_lat": 12.882472326711516, "centroid_lon": 77.657654372367048 }, "geometry": { "type": "Polygon", "coordinates": [ [ [ 77.653003170233518, 12.878002504192212 ], [ 77.653098293123932, 12.887035550704294 ], [ 77.662305739085667, 12.886942032896096 ], [ 77.662210287025133, 12.877909054110312 ], [ 77.653003170233518, 12.878002504192212 ] ] ] } },
{ "type": "Feature", "properties": { "grid_id": "BLR_00527", "centroid_lat": 12.88223845368241, "centroid_lon": 77.67257861301033 }, "geometry": { "type": "MultiPolygon", "coordinates": [ [ [ [ 77.671513112403545, 12.886848192001702 ], [ 77.672593861653937, 12.886837155846521 ], [ 77.6725936, 12.8868363 ], [ 77.6725386, 12.8865902 ], [ 77.6725213, 12.8864871 ], [ 77.6724373, 12.885986 ], [ 77.6723281, 12.8846501 ], [ 77.6722394, 12.8846669 ], [ 77.6723281, 12.88465 ], [ 77.6736374, 12.8843928 ], [ 77.673753, 12.8843701 ], [ 77.6738178, 12.884311 ], [ 77.673824, 12.8843053 ], [ 77.6740034, 12.8842812 ], [ 77.6740159, 12.8842795 ], [ 77.6740117, 12.8842609 ], [ 77.6740108, 12.884257 ], [ 77.6739911, 12.8841894 ], [ 77.6739902, 12.8841864 ], [ 77.6739892, 12.884183 ], [ 77.6741725, 12.8841299 ], [ 77.6741843, 12.8841265 ], [ 77.6741797, 12.8839808 ], [ 77.674177, 12.883898 ], [ 77.6741766, 12.8838856 ], [ 77.6741739, 12.8837993 ], [ 77.6741332, 12.8825651 ], [ 77.6741304, 12.8824977 ], [ 77.6741273, 12.8824224 ], [ 77.6741256, 12.8823828 ], [ 77.6740907, 12.8815463 ], [ 77.674007900000021, 12.8804031 ], [ 77.6739953, 12.8802295 ], [ 77.6739718, 12.879906 ], [ 77.6739677, 12.8798489 ], [ 77.6738485, 12.8798722 ], [ 77.6737505, 12.8798913 ], [ 77.6737256, 12.8798961 ], [ 77.6737226, 12.8798713 ], [ 77.6737216, 12.8798631 ], [ 77.6737146, 12.8798055 ], [ 77.6720443, 12.8801397 ], [ 77.672, 12.8801485 ], [ 77.671732, 12.8802021 ], [ 77.671527, 12.8802431 ], [ 77.671443245451783, 12.880259876336336 ], [ 77.671513112403545, 12.886848192001702 ] ] ], [ [ [ 77.671417331185339, 12.87781528117614 ], [ 77.671442437889311, 12.880183703384876 ], [ 77.6716166, 12.8799779 ], [ 77.6722449, 12.8791097 ], [ 77.6723276, 12.8789953 ], [ 77.6725294, 12.8787165 ], [ 77.6726495, 12.8785505 ], [ 77.6727035, 12.8784759 ], [ 77.6727195, 12.8784593 ], [ 77.6728064, 12.8783689 ], [ 77.672906, 12.8782356 ], [ 77.6730012, 12.8781083 ], [ 77.6731684, 12.8778846 ], [ 77.67323410922576, 12.877796739226122 ], [ 77.671417331185339, 12.87781528117614 ] ] ] ] } },
{ "type": "Feature", "properties": { "grid_id": "BLR_00528", "centroid_lat": 12.891411622657388, "centroid_lon": 77.666957270448833 }, "geometry": { "type": "Polygon", "coordinates": [ [ [ 77.662305739085667, 12.886942032896096 ], [ 77.662401263790059, 12.895975004766109 ], [ 77.671608966516018, 12.895881095906814 ], [ 77.671513112403545, 12.886848192001702 ], [ 77.662305739085667, 12.886942032896096 ] ] ] } },
{ "type": "Feature", "properties": { "grid_id": "BLR_00529", "centroid_lat": 12.891505335933548, "centroid_lon": 77.657749696101874 }, "geometry": { "type": "Polygon", "coordinates": [ [ [ 77.653098293123932, 12.887035550704294 ], [ 77.653193488407794, 12.89606859030526 ], [ 77.662401263790059, 12.895975004766109 ], [ 77.662305739085667, 12.886942032896096 ], [ 77.653098293123932, 12.887035550704294 ] ] ] } },
{ "type": "Feature", "properties": { "grid_id": "BLR_00530", "centroid_lat": 12.891598726000607, "centroid_lon": 77.648542049230045 }, "geometry": { "type": "Polygon", "coordinates": [ [ [ 77.643890774768764, 12.887128745414449 ], [ 77.643985640619661, 12.896161852512412 ], [ 77.653193488407794, 12.89606859030526 ], [ 77.653098293123932, 12.887035550704294 ], [ 77.643890774768764, 12.887128745414449 ] ] ] } },
{ "type": "Feature", "properties": { "grid_id": "BLR_00531", "centroid_lat": 12.900724930151672, "centroid_lon": 77.639429067227098 }, "geometry": { "type": "Polygon", "coordinates": [ [ [ 77.634777720676141, 12.896254791375766 ], [ 77.634872328986631, 12.905287958830318 ], [ 77.644080578625974, 12.905194952699306 ], [ 77.643985640619661, 12.896161852512412 ], [ 77.634777720676141, 12.896254791375766 ] ] ] } },
{ "type": "Feature", "properties": { "grid_id": "BLR_00532", "centroid_lat": 12.900817740913462, "centroid_lon": 77.630220946480122 }, "geometry": { "type": "Polygon", "coordinates": [ [ [ 77.625569728827685, 12.896347406883548 ], [ 77.625664007430018, 12.905380641371771 ], [ 77.634872328986631, 12.905287958830318 ], [ 77.634777720676141, 12.896254791375766 ], [ 77.625569728827685, 12.896347406883548 ] ] ] } },
{ "type": "Feature", "properties": { "grid_id": "BLR_00533", "centroid_lat": 12.9006317959232, "centroid_lon": 77.648637115937746 }, "geometry": { "type": "Polygon", "coordinates": [ [ [ 77.643985640619661, 12.896161852512412 ], [ 77.644080578625974, 12.905194952699306 ], [ 77.653288756097524, 12.905101622990509 ], [ 77.653193488407794, 12.89606859030526 ], [ 77.643985640619661, 12.896161852512412 ] ] ] } },
{ "type": "Feature", "properties": { "grid_id": "BLR_00534", "centroid_lat": 12.909758060545538, "centroid_lon": 77.63952387640677 }, "geometry": { "type": "Polygon", "coordinates": [ [ [ 77.634872328986631, 12.905287958830318 ], [ 77.634967009214407, 12.914321119373836 ], [ 77.644175588800067, 12.914228045970527 ], [ 77.644080578625974, 12.905194952699306 ], [ 77.634872328986631, 12.905287958830318 ] ] ] } },
{ "type": "Feature", "properties": { "grid_id": "BLR_00535", "centroid_lat": 12.909850938460309, "centroid_lon": 77.630315425832535 }, "geometry": { "type": "Polygon", "coordinates": [ [ [ 77.625664007430018, 12.905380641371771 ], [ 77.625758357699084, 12.914413868953577 ], [ 77.634967009214407, 12.914321119373836 ], [ 77.634872328986631, 12.905287958830318 ], [ 77.625664007430018, 12.905380641371771 ] ] ] } },
{ "type": "Feature", "properties": { "grid_id": "BLR_00536", "centroid_lat": 12.909664858930094, "centroid_lon": 77.648732254932284 }, "geometry": { "type": "Polygon", "coordinates": [ [ [ 77.644080578625974, 12.905194952699306 ], [ 77.644175588800067, 12.914228045970527 ], [ 77.653384096205556, 12.914134648755434 ], [ 77.653288756097524, 12.905101622990509 ], [ 77.644080578625974, 12.905194952699306 ] ] ] } },
{ "type": "Feature", "properties": { "grid_id": "BLR_00537", "centroid_lat": 12.918884129096137, "centroid_lon": 77.630409976983131 }, "geometry": { "type": "Polygon", "coordinates": [ [ [ 77.625758357699084, 12.914413868953577 ], [ 77.625852779647218, 12.92344708962437 ], [ 77.635061761371801, 12.923354273001721 ], [ 77.634967009214407, 12.914321119373836 ], [ 77.625758357699084, 12.914413868953577 ] ] ] } },
{ "type": "Feature", "properties": { "grid_id": "BLR_00538", "centroid_lat": 12.918791184023759, "centroid_lon": 77.639618757635162 }, "geometry": { "type": "Polygon", "coordinates": [ [ [ 77.634967009214407, 12.914321119373836 ], [ 77.635061761371801, 12.923354273001721 ], [ 77.644270671154374, 12.923261132321477 ], [ 77.644175588800067, 12.914228045970527 ], [ 77.634967009214407, 12.914321119373836 ] ] ] } },
{ "type": "Feature", "properties": { "grid_id": "BLR_00539", "centroid_lat": 12.918697915016693, "centroid_lon": 77.648827466226095 }, "geometry": { "type": "Polygon", "coordinates": [ [ [ 77.644175588800067, 12.914228045970527 ], [ 77.644270671154374, 12.923261132321477 ], [ 77.65347950874434, 12.923167667595431 ], [ 77.653384096205556, 12.914134648755434 ], [ 77.644175588800067, 12.914228045970527 ] ] ] } },
{ "type": "Feature", "properties": { "grid_id": "BLR_00540", "centroid_lat": 12.904420045704468, "centroid_lon": 77.694964435010803 }, "geometry": { "type": "Polygon", "coordinates": [ [ [ 77.699328552170996, 12.904630121194723 ], [ 77.699324774497114, 12.904278165679374 ], [ 77.698915, 12.9043481 ], [ 77.6978535, 12.9045446 ], [ 77.697659, 12.9041797 ], [ 77.6973952, 12.904153 ], [ 77.6969643, 12.9040683 ], [ 77.6967842, 12.9041221 ], [ 77.69636, 12.9041264 ], [ 77.6962608, 12.9039942 ], [ 77.6958772, 12.9040208 ], [ 77.6956303, 12.9042367 ], [ 77.6953407, 12.9040703 ], [ 77.6946675, 12.9041913 ], [ 77.6939348, 12.904296 ], [ 77.6935938, 12.9044176 ], [ 77.6933935, 12.904489 ], [ 77.6930938, 12.9044458 ], [ 77.6929467, 12.9042564 ], [ 77.6928096, 12.9041404 ], [ 77.6916957, 12.9039928 ], [ 77.6915677, 12.9039983 ], [ 77.6915087, 12.9041843 ], [ 77.6914114, 12.9044281 ], [ 77.6913284, 12.9044305 ], [ 77.691294340977237, 12.904712984917287 ], [ 77.699328552170996, 12.904630121194723 ] ] ] } },
{ "type": "Feature", "properties": { "grid_id": "BLR_00541", "centroid_lat": 12.902803030229535, "centroid_lon": 77.683375926071207 }, "geometry": { "type": "Polygon", "coordinates": [ [ [ 77.680912853000422, 12.904819692515771 ], [ 77.68730369630633, 12.904754052096969 ], [ 77.6873107, 12.904728 ], [ 77.6857168, 12.9044378 ], [ 77.6862889, 12.9039103 ], [ 77.6868607, 12.9036512 ], [ 77.6874934, 12.903364 ], [ 77.6875819, 12.9033383 ], [ 77.6874712, 12.9026094 ], [ 77.6874698, 12.9025606 ], [ 77.6872708, 12.9024468 ], [ 77.6861722, 12.9024374 ], [ 77.6855513, 12.9022324 ], [ 77.6854453, 12.9020407 ], [ 77.6845187, 12.901922 ], [ 77.6832472, 12.9015767 ], [ 77.6825451, 12.9014142 ], [ 77.6824021, 12.900851 ], [ 77.6824087, 12.9001945 ], [ 77.6822767, 12.8999588 ], [ 77.68084765537121, 12.89870222813208 ], [ 77.680912853000422, 12.904819692515771 ] ] ] } },
{ "type": "Feature", "properties": { "grid_id": "BLR_00542", "centroid_lat": 12.903818879318898, "centroid_lon": 77.704432460086039 }, "geometry": { "type": "Polygon", "coordinates": [ [ [ 77.699328552170996, 12.904630121194723 ], [ 77.707450163761706, 12.904546105117007 ], [ 77.707092, 12.9033007 ], [ 77.7068705, 12.9020259 ], [ 77.7066933, 12.9020807 ], [ 77.7062938, 12.9022769 ], [ 77.7062966, 12.9022392 ], [ 77.7060954, 12.9023211 ], [ 77.706036, 12.9023525 ], [ 77.7051443, 12.9028243 ], [ 77.7044706, 12.9031851 ], [ 77.7040639, 12.9033942 ], [ 77.7039842, 12.9034339 ], [ 77.7035498, 12.9036502 ], [ 77.7033605, 12.9037556 ], [ 77.7028873, 12.9040881 ], [ 77.7023962, 12.9035763 ], [ 77.7008178, 12.9040319 ], [ 77.7003564, 12.9041021 ], [ 77.699324774497114, 12.904278165679374 ], [ 77.699328552170996, 12.904630121194723 ] ] ] } },
{ "type": "Feature", "properties": { "grid_id": "BLR_00543", "centroid_lat": 12.90923264695842, "centroid_lon": 77.694812036182313 }, "geometry": { "type": "Polygon", "coordinates": [ [ [ 77.690217399014713, 12.91375782201434 ], [ 77.699425541761173, 12.913662805918513 ], [ 77.699328552170996, 12.904630121194723 ], [ 77.691294340977237, 12.904712984917287 ], [ 77.6912852, 12.9047888 ], [ 77.6912023, 12.9048038 ], [ 77.691192, 12.9049136 ], [ 77.6911231, 12.9049151 ], [ 77.691116, 12.9052401 ], [ 77.6910239, 12.9054648 ], [ 77.6909463, 12.9054607 ], [ 77.6909251, 12.9055251 ], [ 77.6902924, 12.9054719 ], [ 77.690128745332515, 12.905473485649463 ], [ 77.690217399014713, 12.91375782201434 ] ] ] } },
{ "type": "Feature", "properties": { "grid_id": "BLR_00544", "centroid_lat": 12.90945032570357, "centroid_lon": 77.685452339573075 }, "geometry": { "type": "Polygon", "coordinates": [ [ [ 77.680912853000422, 12.904819692515771 ], [ 77.68100918283541, 12.913852514357913 ], [ 77.690217399014713, 12.91375782201434 ], [ 77.690128745332515, 12.905473485649463 ], [ 77.6900963, 12.9054738 ], [ 77.6899227, 12.9054869 ], [ 77.6899248, 12.9054134 ], [ 77.6883632, 12.9054846 ], [ 77.6883205, 12.9058754 ], [ 77.6883109, 12.9058954 ], [ 77.688264, 12.9059938 ], [ 77.6882209, 12.9060842 ], [ 77.6880764, 12.9061958 ], [ 77.6880549, 12.9062121 ], [ 77.6877515, 12.9064419 ], [ 77.6876645, 12.9064835 ], [ 77.6873675, 12.9065396 ], [ 77.6872644, 12.9065362 ], [ 77.6868479, 12.9064495 ], [ 77.68730369630633, 12.904754052096969 ], [ 77.680912853000422, 12.904819692515771 ] ] ] } },
{ "type": "Feature", "properties": { "grid_id": "BLR_00545", "centroid_lat": 12.90918623274446, "centroid_lon": 77.703866205850488 }, "geometry": { "type": "Polygon", "coordinates": [ [ [ 77.699328552170996, 12.904630121194723 ], [ 77.699425541761173, 12.913662805918513 ], [ 77.708633610824279, 12.913567466082466 ], [ 77.708574043773012, 12.908039620070543 ], [ 77.7083542, 12.9080629 ], [ 77.7082841, 12.9077711 ], [ 77.7082746, 12.9077728 ], [ 77.7081202, 12.9070355 ], [ 77.7079973, 12.9064485 ], [ 77.7076748, 12.9053272 ], [ 77.707450163761706, 12.904546105117007 ], [ 77.699328552170996, 12.904630121194723 ] ] ] } },
{ "type": "Feature", "properties": { "grid_id": "BLR_00546", "centroid_lat": 12.918321599878334, "centroid_lon": 77.685661574967327 }, "geometry": { "type": "Polygon", "coordinates": [ [ [ 77.68100918283541, 12.913852514357913 ], [ 77.681105585852734, 12.922885329261064 ], [ 77.690314132166449, 12.922790568470575 ], [ 77.690217399014713, 12.91375782201434 ], [ 77.68100918283541, 12.913852514357913 ] ] ] } },
{ "type": "Feature", "properties": { "grid_id": "BLR_00547", "centroid_lat": 12.918226711375777, "centroid_lon": 77.694869919494252 }, "geometry": { "type": "Polygon", "coordinates": [ [ [ 77.690217399014713, 12.91375782201434 ], [ 77.690314132166449, 12.922790568470575 ], [ 77.699522605034687, 12.922695483693861 ], [ 77.699425541761173, 12.913662805918513 ], [ 77.690217399014713, 12.91375782201434 ] ] ] } },
{ "type": "Feature", "properties": { "grid_id": "BLR_00548", "centroid_lat": 12.918131499009991, "centroid_lon": 77.704078190456755 }, "geometry": { "type": "Polygon", "coordinates": [ [ [ 77.699425541761173, 12.913662805918513 ], [ 77.699522605034687, 12.922695483693861 ], [ 77.708731004206896, 12.922600074942967 ], [ 77.708633610824279, 12.913567466082466 ], [ 77.699425541761173, 12.913662805918513 ] ] ] } },
{ "type": "Feature", "properties": { "grid_id": "BLR_00549", "centroid_lat": 12.892835587901004, "centroid_lon": 77.673568831681493 }, "geometry": { "type": "Polygon", "coordinates": [ [ [ 77.671513112403545, 12.886848192001702 ], [ 77.671608966516018, 12.895881095906814 ], [ 77.678380400000719, 12.89581182763898 ], [ 77.6782163, 12.8955483 ], [ 77.6780527, 12.8953034 ], [ 77.6780301, 12.8952788 ], [ 77.6779172, 12.8951087 ], [ 77.6773538, 12.8942604 ], [ 77.6773001, 12.8942435 ], [ 77.6771581, 12.8941987 ], [ 77.6768411, 12.8940989 ], [ 77.6749664, 12.8934993 ], [ 77.6748731, 12.8934695 ], [ 77.6738746, 12.8931502 ], [ 77.6738768, 12.8931428 ], [ 77.6738314, 12.8931418 ], [ 77.6737729, 12.89314 ], [ 77.673774400000013, 12.8929696 ], [ 77.6737763, 12.8927501 ], [ 77.6736439, 12.8921894 ], [ 77.6736256, 12.8920894 ], [ 77.6736221, 12.8920701 ], [ 77.6735897, 12.8918934 ], [ 77.6735513, 12.8916092 ], [ 77.673519, 12.8913699 ], [ 77.6734748, 12.8911473 ], [ 77.6734465, 12.8909387 ], [ 77.6733531, 12.8905329 ], [ 77.6733234, 12.8903828 ], [ 77.6732336, 12.8899279 ], [ 77.673232700000014, 12.8899231 ], [ 77.6732105, 12.8898107 ], [ 77.6731999, 12.8897568 ], [ 77.6731769, 12.8896405 ], [ 77.6731712, 12.8896115 ], [ 77.6731045, 12.8892731 ], [ 77.6729667, 12.8885746 ], [ 77.6729666, 12.8885741 ], [ 77.67293, 12.8883885 ], [ 77.672914, 12.8883075 ], [ 77.672872, 12.8880813 ], [ 77.6728684, 12.8880619 ], [ 77.6728683, 12.8880616 ], [ 77.6728673, 12.8880558 ], [ 77.6728669, 12.888054 ], [ 77.6728443, 12.8879322 ], [ 77.6728343, 12.8878782 ], [ 77.6728315, 12.8878632 ], [ 77.6728148, 12.8877737 ], [ 77.6727997, 12.8876925 ], [ 77.6727194, 12.8872606 ], [ 77.6727132, 12.8872275 ], [ 77.672593861653937, 12.886837155846521 ], [ 77.671513112403545, 12.886848192001702 ] ] ] } },
{ "type": "Feature", "properties": { "grid_id": "BLR_00550", "centroid_lat": 12.900444557113412, "centroid_lon": 77.667052996248032 }, "geometry": { "type": "Polygon", "coordinates": [ [ [ 77.662401263790059, 12.895975004766109 ], [ 77.662496861150785, 12.905007969715745 ], [ 77.671704893535249, 12.904913992886868 ], [ 77.671608966516018, 12.895881095906814 ], [ 77.662401263790059, 12.895975004766109 ] ] ] } },
{ "type": "Feature", "properties": { "grid_id": "BLR_00551", "centroid_lat": 12.900538338239835, "centroid_lon": 77.657845092361541 }, "geometry": { "type": "Polygon", "coordinates": [ [ [ 77.653193488407794, 12.89606859030526 ], [ 77.653288756097524, 12.905101622990509 ], [ 77.662496861150785, 12.905007969715745 ], [ 77.662401263790059, 12.895975004766109 ], [ 77.653193488407794, 12.89606859030526 ] ] ] } },
{ "type": "Feature", "properties": { "grid_id": "BLR_00552", "centroid_lat": 12.900530075482486, "centroid_lon": 77.67607193313232 }, "geometry": { "type": "Polygon", "coordinates": [ [ [ 77.671608966516018, 12.895881095906814 ], [ 77.671704893535249, 12.904913992886868 ], [ 77.680912853000422, 12.904819692515771 ], [ 77.68084765537121, 12.89870222813208 ], [ 77.679592, 12.8975981 ], [ 77.6788547, 12.8965735 ], [ 77.678380400000719, 12.89581182763898 ], [ 77.671608966516018, 12.895881095906814 ] ] ] } },
{ "type": "Feature", "properties": { "grid_id": "BLR_00553", "centroid_lat": 12.909477484644409, "centroid_lon": 77.667148794835029 }, "geometry": { "type": "Polygon", "coordinates": [ [ [ 77.662496861150785, 12.905007969715745 ], [ 77.662592531180309, 12.914040927740386 ], [ 77.671800893473772, 12.913946882937241 ], [ 77.671704893535249, 12.904913992886868 ], [ 77.662496861150785, 12.905007969715745 ] ] ] } },
{ "type": "Feature", "properties": { "grid_id": "BLR_00554", "centroid_lat": 12.90957133362577, "centroid_lon": 77.65794056115854 }, "geometry": { "type": "Polygon", "coordinates": [ [ [ 77.653288756097524, 12.905101622990509 ], [ 77.653384096205556, 12.914134648755434 ], [ 77.662592531180309, 12.914040927740386 ], [ 77.662496861150785, 12.905007969715745 ], [ 77.653288756097524, 12.905101622990509 ] ] ] } },
{ "type": "Feature", "properties": { "grid_id": "BLR_00555", "centroid_lat": 12.909383311997894, "centroid_lon": 77.676356955711213 }, "geometry": { "type": "Polygon", "coordinates": [ [ [ 77.671704893535249, 12.904913992886868 ], [ 77.671800893473772, 12.913946882937241 ], [ 77.68100918283541, 12.913852514357913 ], [ 77.680912853000422, 12.904819692515771 ], [ 77.671704893535249, 12.904913992886868 ] ] ] } },
{ "type": "Feature", "properties": { "grid_id": "BLR_00556", "centroid_lat": 12.918604322086747, "centroid_lon": 77.658036102505335 }, "geometry": { "type": "Polygon", "coordinates": [ [ [ 77.653384096205556, 12.914134648755434 ], [ 77.65347950874434, 12.923167667595431 ], [ 77.662688273891121, 12.923073878835426 ], [ 77.662592531180309, 12.914040927740386 ], [ 77.653384096205556, 12.914134648755434 ] ] ] } },
{ "type": "Feature", "properties": { "grid_id": "BLR_00557", "centroid_lat": 12.918510405245771, "centroid_lon": 77.667244666222331 }, "geometry": { "type": "Polygon", "coordinates": [ [ [ 77.662592531180309, 12.914040927740386 ], [ 77.662688273891121, 12.923073878835426 ], [ 77.671896966344107, 12.922979766053333 ], [ 77.671800893473772, 12.913946882937241 ], [ 77.662592531180309, 12.914040927740386 ] ] ] } },
{ "type": "Feature", "properties": { "grid_id": "BLR_00558", "centroid_lat": 12.918416164505658, "centroid_lon": 77.676453157126517 }, "geometry": { "type": "Polygon", "coordinates": [ [ [ 77.671800893473772, 12.913946882937241 ], [ 77.671896966344107, 12.922979766053333 ], [ 77.681105585852734, 12.922885329261064 ], [ 77.68100918283541, 12.913852514357913 ], [ 77.671800893473772, 12.913946882937241 ] ] ] } },
{ "type": "Feature", "properties": { "grid_id": "BLR_00559", "centroid_lat": 12.927824300581726, "centroid_lon": 77.639713710924653 }, "geometry": { "type": "Polygon", "coordinates": [ [ [ 77.635061761371801, 12.923354273001721 ], [ 77.635156585471194, 12.932387419709375 ], [ 77.644365825701271, 12.932294211747552 ], [ 77.644270671154374, 12.923261132321477 ], [ 77.635061761371801, 12.923354273001721 ] ] ] } },
{ "type": "Feature", "properties": { "grid_id": "BLR_00560", "centroid_lat": 12.927730964178393, "centroid_lon": 77.648922749831584 }, "geometry": { "type": "Polygon", "coordinates": [ [ [ 77.644270671154374, 12.923261132321477 ], [ 77.644365825701271, 12.932294211747552 ], [ 77.653574993726323, 12.932200679505902 ], [ 77.65347950874434, 12.923167667595431 ], [ 77.644270671154374, 12.923261132321477 ] ] ] } },
{ "type": "Feature", "properties": { "grid_id": "BLR_00561", "centroid_lat": 12.927917312816346, "centroid_lon": 77.630504599944246 }, "geometry": { "type": "Polygon", "coordinates": [ [ [ 77.625852779647218, 12.92344708962437 ], [ 77.625947273286727, 12.932480303379565 ], [ 77.635156585471194, 12.932387419709375 ], [ 77.635061761371801, 12.923354273001721 ], [ 77.625852779647218, 12.92344708962437 ] ] ] } },
{ "type": "Feature", "properties": { "grid_id": "BLR_00562", "centroid_lat": 12.936857410214847, "centroid_lon": 77.639808736287648 }, "geometry": { "type": "Polygon", "coordinates": [ [ [ 77.635156585471194, 12.932387419709375 ], [ 77.635251481524961, 12.941420559492201 ], [ 77.644461052453195, 12.941327284244155 ], [ 77.644365825701271, 12.932294211747552 ], [ 77.635156585471194, 12.932387419709375 ] ] ] } },
{ "type": "Feature", "properties": { "grid_id": "BLR_00563", "centroid_lat": 12.936950489616342, "centroid_lon": 77.630599294728214 }, "geometry": { "type": "Polygon", "coordinates": [ [ [ 77.625947273286727, 12.932480303379565 ], [ 77.626041838629973, 12.941513510214557 ], [ 77.635251481524961, 12.941420559492201 ], [ 77.635156585471194, 12.932387419709375 ], [ 77.625947273286727, 12.932480303379565 ] ] ] } },
{ "type": "Feature", "properties": { "grid_id": "BLR_00564", "centroid_lat": 12.936764006410593, "centroid_lon": 77.649018105761186 }, "geometry": { "type": "Polygon", "coordinates": [ [ [ 77.644365825701271, 12.932294211747552 ], [ 77.644461052453195, 12.941327284244155 ], [ 77.65367055116397, 12.941233684482233 ], [ 77.653574993726323, 12.932200679505902 ], [ 77.644365825701271, 12.932294211747552 ] ] ] } },
{ "type": "Feature", "properties": { "grid_id": "BLR_00565", "centroid_lat": 12.945797041708687, "centroid_lon": 77.649113534027379 }, "geometry": { "type": "Polygon", "coordinates": [ [ [ 77.644461052453195, 12.941327284244155 ], [ 77.644556351422594, 12.950360349806685 ], [ 77.65376618106977, 12.950266682519826 ], [ 77.65367055116397, 12.941233684482233 ], [ 77.644461052453195, 12.941327284244155 ] ] ] } },
{ "type": "Feature", "properties": { "grid_id": "BLR_00566", "centroid_lat": 12.945890512918519, "centroid_lon": 77.639903833736568 }, "geometry": { "type": "Polygon", "coordinates": [ [ [ 77.635251481524961, 12.941420559492201 ], [ 77.635346449545509, 12.950453692345604 ], [ 77.644556351422594, 12.950360349806685 ], [ 77.644461052453195, 12.941327284244155 ], [ 77.635251481524961, 12.941420559492201 ] ] ] } },
{ "type": "Feature", "properties": { "grid_id": "BLR_00567", "centroid_lat": 12.945983659491535, "centroid_lon": 77.630694061347427 }, "geometry": { "type": "Polygon", "coordinates": [ [ [ 77.626041838629973, 12.941513510214557 ], [ 77.626136475689279, 12.950546710124765 ], [ 77.635346449545509, 12.950453692345604 ], [ 77.635251481524961, 12.941420559492201 ], [ 77.626041838629973, 12.941513510214557 ] ] ] } },
{ "type": "Feature", "properties": { "grid_id": "BLR_00568", "centroid_lat": 12.954830070068081, "centroid_lon": 77.64920903464261 }, "geometry": { "type": "Polygon", "coordinates": [ [ [ 77.644556351422594, 12.950360349806685 ], [ 77.644651722621902, 12.959393408430547 ], [ 77.653861883456187, 12.959299673614083 ], [ 77.65376618106977, 12.950266682519826 ], [ 77.644556351422594, 12.950360349806685 ] ] ] } },
{ "type": "Feature", "properties": { "grid_id": "BLR_00569", "centroid_lat": 12.910486732161962, "centroid_lon": 77.722638738040274 }, "geometry": { "type": "Polygon", "coordinates": [ [ [ 77.717841605953552, 12.913471802518259 ], [ 77.727049526898512, 12.913375815238009 ], [ 77.72700108967895, 12.90891135441845 ], [ 77.7269261, 12.9087021 ], [ 77.7269058, 12.9086491 ], [ 77.7268817, 12.9085862 ], [ 77.7268726, 12.9085508 ], [ 77.7268573, 12.9084911 ], [ 77.7267905, 12.9082301 ], [ 77.7267387, 12.9080276 ], [ 77.726445, 12.9071252 ], [ 77.7263939, 12.9069573 ], [ 77.7263194, 12.9067126 ], [ 77.7262755, 12.906568 ], [ 77.7245925, 12.9069137 ], [ 77.7232566, 12.9071749 ], [ 77.7226958, 12.9072844 ], [ 77.722006, 12.907633 ], [ 77.7213118, 12.9078472 ], [ 77.7211859, 12.9079038 ], [ 77.7207917, 12.9081543 ], [ 77.7207964, 12.9088233 ], [ 77.7204227, 12.9088348 ], [ 77.7197776, 12.9086546 ], [ 77.7197215, 12.9081483 ], [ 77.7197323, 12.9080092 ], [ 77.7197052, 12.9079857 ], [ 77.7192771, 12.9080668 ], [ 77.7189348, 12.9081315 ], [ 77.7184437, 12.9082257 ], [ 77.7182151, 12.9082695 ], [ 77.7178559, 12.9083743 ], [ 77.7179011, 12.9087669 ], [ 77.7179131, 12.9088716 ], [ 77.7178274, 12.9089136 ], [ 77.71779250312882, 12.908930656337617 ], [ 77.717841605953552, 12.913471802518259 ] ] ] } },
{ "type": "Feature", "properties": { "grid_id": "BLR_00570", "centroid_lat": 12.910727738262132, "centroid_lon": 77.713162970647886 }, "geometry": { "type": "Polygon", "coordinates": [ [ [ 77.708633610824279, 12.913567466082466 ], [ 77.717841605953552, 12.913471802518259 ], [ 77.71779250312882, 12.908930656337617 ], [ 77.717774, 12.9089397 ], [ 77.7176396, 12.908966 ], [ 77.717289, 12.908746 ], [ 77.7169714, 12.9083281 ], [ 77.716121500000014, 12.9073873 ], [ 77.7156041, 12.9074943 ], [ 77.7145931, 12.9079407 ], [ 77.714228, 12.9080834 ], [ 77.7139534, 12.9080783 ], [ 77.7133885, 12.9079419 ], [ 77.7113001, 12.9078631 ], [ 77.7105328, 12.9078969 ], [ 77.7094874, 12.9079429 ], [ 77.708574043773012, 12.908039620070543 ], [ 77.708633610824279, 12.913567466082466 ] ] ] } },
{ "type": "Feature", "properties": { "grid_id": "BLR_00571", "centroid_lat": 12.911604541834876, "centroid_lon": 77.727395870714872 }, "geometry": { "type": "MultiPolygon", "coordinates": [ [ [ [ 77.73494945372893, 12.913293204426378 ], [ 77.7349336, 12.913292 ], [ 77.7347732, 12.9132621 ], [ 77.7344467, 12.9131966 ], [ 77.734410271029319, 12.913298850341457 ], [ 77.73494945372893, 12.913293204426378 ] ] ], [ [ [ 77.727049526898512, 12.913375815238009 ], [ 77.727724284883493, 12.913368768513706 ], [ 77.7276478, 12.9125711 ], [ 77.7276123, 12.9108867 ], [ 77.7273356, 12.909845 ], [ 77.7272167, 12.909513 ], [ 77.72700108967895, 12.90891135441845 ], [ 77.727049526898512, 12.913375815238009 ] ] ] ] } },
{ "type": "Feature", "properties": { "grid_id": "BLR_00572", "centroid_lat": 12.918035962793038, "centroid_lon": 77.713286387604327 }, "geometry": { "type": "Polygon", "coordinates": [ [ [ 77.708633610824279, 12.913567466082466 ], [ 77.708731004206896, 12.922600074942967 ], [ 77.717939329432568, 12.922504342229963 ], [ 77.717841605953552, 12.913471802518259 ], [ 77.708633610824279, 12.913567466082466 ] ] ] } },
{ "type": "Feature", "properties": { "grid_id": "BLR_00573", "centroid_lat": 12.917940102737004, "centroid_lon": 77.722494510686445 }, "geometry": { "type": "Polygon", "coordinates": [ [ [ 77.717841605953552, 12.913471802518259 ], [ 77.717939329432568, 12.922504342229963 ], [ 77.727147580461178, 12.922408285566974 ], [ 77.727049526898512, 12.913375815238009 ], [ 77.717841605953552, 12.913471802518259 ] ] ] } },
{ "type": "Feature", "properties": { "grid_id": "BLR_00574", "centroid_lat": 12.918152394739494, "centroid_lon": 77.731764065377845 }, "geometry": { "type": "Polygon", "coordinates": [ [ [ 77.727049526898512, 12.913375815238009 ], [ 77.727147580461178, 12.922408285566974 ], [ 77.736355757042205, 12.922311904966158 ], [ 77.736258628110761, 12.913394739118292 ], [ 77.735989, 12.9133718 ], [ 77.7354825, 12.9133337 ], [ 77.73494945372893, 12.913293204426378 ], [ 77.734410271029319, 12.913298850341457 ], [ 77.734397, 12.9133361 ], [ 77.7343646, 12.9135207 ], [ 77.7343215, 12.9135369 ], [ 77.7343537, 12.9136386 ], [ 77.7343653, 12.9140353 ], [ 77.7341678, 12.9140691 ], [ 77.7339013, 12.9141148 ], [ 77.7338579, 12.9141222 ], [ 77.7337475, 12.9141294 ], [ 77.7333664, 12.9141541 ], [ 77.7331572, 12.9141677 ], [ 77.7326668, 12.9141996 ], [ 77.732513, 12.9142103 ], [ 77.7324765, 12.9142128 ], [ 77.7324541, 12.9142144 ], [ 77.7323351, 12.9141184 ], [ 77.7320714, 12.9139062 ], [ 77.7288183, 12.9144699 ], [ 77.7285253, 12.9144126 ], [ 77.7277829, 12.9144994 ], [ 77.7277296, 12.9134242 ], [ 77.727724284883493, 12.913368768513706 ], [ 77.727049526898512, 12.913375815238009 ] ] ] } },
{ "type": "Feature", "properties": { "grid_id": "BLR_00575", "centroid_lat": 12.918253213057495, "centroid_lon": 77.740869134184294 }, "geometry": { "type": "Polygon", "coordinates": [ [ [ 77.736355757042205, 12.922311904966158 ], [ 77.745563858925152, 12.922215200439714 ], [ 77.745520662061807, 12.918263519774815 ], [ 77.7455192, 12.9182478 ], [ 77.7454977, 12.9175452 ], [ 77.745375, 12.9169576 ], [ 77.7453269, 12.9163564 ], [ 77.7453265, 12.9163511 ], [ 77.7452928, 12.9161628 ], [ 77.7452322, 12.9160889 ], [ 77.7450139, 12.9147003 ], [ 77.7449894, 12.9145442 ], [ 77.744950200000019, 12.9142953 ], [ 77.7449436, 12.9142522 ], [ 77.7449296, 12.9142554 ], [ 77.744899, 12.9142625 ], [ 77.7448987, 12.9142625 ], [ 77.7448207, 12.9142805 ], [ 77.7447815, 12.9142896 ], [ 77.7447773, 12.9142653 ], [ 77.7446846, 12.9137254 ], [ 77.7446746, 12.9136672 ], [ 77.7446688, 12.9136334 ], [ 77.7446404, 12.9136788 ], [ 77.7446068, 12.9137324 ], [ 77.7445678, 12.9137947 ], [ 77.7440749, 12.9138605 ], [ 77.743304, 12.9138862 ], [ 77.7430524, 12.9139105 ], [ 77.742352, 12.9139781 ], [ 77.7423279, 12.9139905 ], [ 77.7421321, 12.9140918 ], [ 77.7421148, 12.9141072 ], [ 77.7419312, 12.914264 ], [ 77.7417973, 12.9142733 ], [ 77.7417033, 12.914299 ], [ 77.7416031, 12.9141335 ], [ 77.7409923, 12.9144485 ], [ 77.739061800000016, 12.9146464 ], [ 77.7388032, 12.9146255 ], [ 77.738762400000013, 12.9146222 ], [ 77.7384652, 12.9145987 ], [ 77.7380194, 12.9148178 ], [ 77.7378403, 12.91474 ], [ 77.7375652, 12.9147682 ], [ 77.737423, 12.914686 ], [ 77.7374047, 12.9144166 ], [ 77.737396, 12.9134915 ], [ 77.736258628110761, 12.913394739118292 ], [ 77.736355757042205, 12.922311904966158 ] ] ] } },
{ "type": "Feature", "properties": { "grid_id": "BLR_00576", "centroid_lat": 12.921344443934776, "centroid_lon": 77.747502933510958 }, "geometry": { "type": "Polygon", "coordinates": [ [ [ 77.745563858925152, 12.922215200439714 ], [ 77.751391753661721, 12.922153827442152 ], [ 77.751349, 12.9220372 ], [ 77.7513393, 12.922011 ], [ 77.7512065, 12.9219658 ], [ 77.7502562, 12.9216413 ], [ 77.7502504, 12.9216393 ], [ 77.7497512, 12.9214689 ], [ 77.7492675, 12.9212827 ], [ 77.7491105, 12.9212222 ], [ 77.7485349, 12.9210007 ], [ 77.7485342, 12.9210004 ], [ 77.7485099, 12.9209913 ], [ 77.7480492, 12.9208158 ], [ 77.7479911, 12.9207937 ], [ 77.7474836, 12.9206003 ], [ 77.7470727, 12.9204268 ], [ 77.7469721, 12.9203843 ], [ 77.7467923, 12.9203081 ], [ 77.7464876, 12.920179 ], [ 77.7462839, 12.9200927 ], [ 77.746141300000019, 12.9200323 ], [ 77.7459492, 12.9197979 ], [ 77.7459368, 12.9197827 ], [ 77.7459356, 12.9197812 ], [ 77.7459482, 12.9197383 ], [ 77.7459488, 12.9197363 ], [ 77.7459035, 12.9197436 ], [ 77.7457856, 12.9197736 ], [ 77.745742, 12.9196492 ], [ 77.745733, 12.9196074 ], [ 77.745681, 12.9193678 ], [ 77.7456792, 12.9193592 ], [ 77.7456744, 12.9193373 ], [ 77.7455702, 12.9187964 ], [ 77.7455573, 12.918657 ], [ 77.7455333, 12.9183994 ], [ 77.745520662061807, 12.918263519774815 ], [ 77.745563858925152, 12.922215200439714 ] ] ] } },
{ "type": "Feature", "properties": { "grid_id": "BLR_00577", "centroid_lat": 12.926972604304671, "centroid_lon": 77.722592436368458 }, "geometry": { "type": "Polygon", "coordinates": [ [ [ 77.717939329432568, 12.922504342229963 ], [ 77.718037127108673, 12.931536874979077 ], [ 77.727245708471429, 12.931440748928566 ], [ 77.727147580461178, 12.922408285566974 ], [ 77.717939329432568, 12.922504342229963 ] ] ] } },
{ "type": "Feature", "properties": { "grid_id": "BLR_00578", "centroid_lat": 12.926876350919594, "centroid_lon": 77.731800815337152 }, "geometry": { "type": "Polygon", "coordinates": [ [ [ 77.727147580461178, 12.922408285566974 ], [ 77.727245708471429, 12.931440748928566 ], [ 77.736454215373783, 12.931344298706275 ], [ 77.736355757042205, 12.922311904966158 ], [ 77.727147580461178, 12.922408285566974 ] ] ] } },
{ "type": "Feature", "properties": { "grid_id": "BLR_00579", "centroid_lat": 12.92706853362886, "centroid_lon": 77.713383983071068 }, "geometry": { "type": "Polygon", "coordinates": [ [ [ 77.708731004206896, 12.922600074942967 ], [ 77.70882847153608, 12.931632676845648 ], [ 77.718037127108673, 12.931536874979077 ], [ 77.717939329432568, 12.922504342229963 ], [ 77.708731004206896, 12.922600074942967 ] ] ] } },
{ "type": "Feature", "properties": { "grid_id": "BLR_00580", "centroid_lat": 12.936005098905039, "centroid_lon": 77.722690436379196 }, "geometry": { "type": "Polygon", "coordinates": [ [ [ 77.718037127108673, 12.931536874979077 ], [ 77.7181349989946, 12.940569400760971 ], [ 77.727343910942054, 12.940473205318142 ], [ 77.727245708471429, 12.931440748928566 ], [ 77.718037127108673, 12.931536874979077 ] ] ] } },
{ "type": "Feature", "properties": { "grid_id": "BLR_00581", "centroid_lat": 12.936101097502167, "centroid_lon": 77.713481652615968 }, "geometry": { "type": "Polygon", "coordinates": [ [ [ 77.70882847153608, 12.931632676845648 ], [ 77.70892601282452, 12.940665271785885 ], [ 77.7181349989946, 12.940569400760971 ], [ 77.718037127108673, 12.931536874979077 ], [ 77.70882847153608, 12.931632676845648 ] ] ] } },
{ "type": "Feature", "properties": { "grid_id": "BLR_00582", "centroid_lat": 12.935908776013063, "centroid_lon": 77.731899145800909 }, "geometry": { "type": "Polygon", "coordinates": [ [ [ 77.727245708471429, 12.931440748928566 ], [ 77.727343910942054, 12.940473205318142 ], [ 77.736552748416315, 12.94037668546957 ], [ 77.736454215373783, 12.931344298706275 ], [ 77.727245708471429, 12.931440748928566 ] ] ] } },
{ "type": "Feature", "properties": { "grid_id": "BLR_00583", "centroid_lat": 12.944941194129798, "centroid_lon": 77.731997550856718 }, "geometry": { "type": "Polygon", "coordinates": [ [ [ 77.727343910942054, 12.940473205318142 ], [ 77.727442187885899, 12.949505654731073 ], [ 77.73665135618262, 12.949409065251412 ], [ 77.736552748416315, 12.94037668546957 ], [ 77.727343910942054, 12.940473205318142 ] ] ] } },
{ "type": "Feature", "properties": { "grid_id": "BLR_00584", "centroid_lat": 12.945037586533475, "centroid_lon": 77.722788510731434 }, "geometry": { "type": "Polygon", "coordinates": [ [ [ 77.7181349989946, 12.940569400760971 ], [ 77.718232945103139, 12.949601919571014 ], [ 77.727442187885899, 12.949505654731073 ], [ 77.727343910942054, 12.940473205318142 ], [ 77.7181349989946, 12.940569400760971 ] ] ] } },
{ "type": "Feature", "properties": { "grid_id": "BLR_00585", "centroid_lat": 12.945133654408325, "centroid_lon": 77.713579396251816 }, "geometry": { "type": "Polygon", "coordinates": [ [ [ 77.70892601282452, 12.940665271785885 ], [ 77.709023628084978, 12.949697859759048 ], [ 77.718232945103139, 12.949601919571014 ], [ 77.7181349989946, 12.940569400760971 ], [ 77.70892601282452, 12.940665271785885 ] ] ] } },
{ "type": "Feature", "properties": { "grid_id": "BLR_00586", "centroid_lat": 12.953973605265173, "centroid_lon": 77.732096030517482 }, "geometry": { "type": "Polygon", "coordinates": [ [ [ 77.727442187885899, 12.949505654731073 ], [ 77.727540539315783, 12.958538097162725 ], [ 77.736750038685599, 12.958441438047162 ], [ 77.73665135618262, 12.949409065251412 ], [ 77.727442187885899, 12.949505654731073 ] ] ] } },
{ "type": "Feature", "properties": { "grid_id": "BLR_00587", "centroid_lat": 12.927259420046044, "centroid_lon": 77.69496685449225 }, "geometry": { "type": "Polygon", "coordinates": [ [ [ 77.690314132166449, 12.922790568470575 ], [ 77.690410938763662, 12.931823307978481 ], [ 77.699619742004217, 12.931728154516145 ], [ 77.699522605034687, 12.922695483693861 ], [ 77.690314132166449, 12.922790568470575 ] ] ] } },
{ "type": "Feature", "properties": { "grid_id": "BLR_00588", "centroid_lat": 12.92716413888002, "centroid_lon": 77.704175455695463 }, "geometry": { "type": "Polygon", "coordinates": [ [ [ 77.699522605034687, 12.922695483693861 ], [ 77.699619742004217, 12.931728154516145 ], [ 77.70882847153608, 12.931632676845648 ], [ 77.708731004206896, 12.922600074942967 ], [ 77.699522605034687, 12.922695483693861 ] ] ] } },
{ "type": "Feature", "properties": { "grid_id": "BLR_00589", "centroid_lat": 12.927354377114874, "centroid_lon": 77.685758179711954 }, "geometry": { "type": "Polygon", "coordinates": [ [ [ 77.681105585852734, 12.922885329261064 ], [ 77.681202062064997, 12.931918137220613 ], [ 77.690410938763662, 12.931823307978481 ], [ 77.690314132166449, 12.922790568470575 ], [ 77.681105585852734, 12.922885329261064 ] ] ] } },
{ "type": "Feature", "properties": { "grid_id": "BLR_00590", "centroid_lat": 12.93629212176331, "centroid_lon": 77.695063863067318 }, "geometry": { "type": "Polygon", "coordinates": [ [ [ 77.690410938763662, 12.931823307978481 ], [ 77.690507818818986, 12.940856040533445 ], [ 77.699716952682451, 12.940760818380742 ], [ 77.699619742004217, 12.931728154516145 ], [ 77.690410938763662, 12.931823307978481 ] ] ] } },
{ "type": "Feature", "properties": { "grid_id": "BLR_00591", "centroid_lat": 12.936387147403135, "centroid_lon": 77.685854857783099 }, "geometry": { "type": "Polygon", "coordinates": [ [ [ 77.681202062064997, 12.931918137220613 ], [ 77.681298611484763, 12.940950938231941 ], [ 77.690507818818986, 12.940856040533445 ], [ 77.690410938763662, 12.931823307978481 ], [ 77.681202062064997, 12.931918137220613 ] ] ] } },
{ "type": "Feature", "properties": { "grid_id": "BLR_00592", "centroid_lat": 12.936196771792295, "centroid_lon": 77.70427279476182 }, "geometry": { "type": "Polygon", "coordinates": [ [ [ 77.699619742004217, 12.931728154516145 ], [ 77.699716952682451, 12.940760818380742 ], [ 77.70892601282452, 12.940665271785885 ], [ 77.70882847153608, 12.931632676845648 ], [ 77.699619742004217, 12.931728154516145 ] ] ] } },
{ "type": "Feature", "properties": { "grid_id": "BLR_00593", "centroid_lat": 12.945229397742191, "centroid_lon": 77.704370207668504 }, "geometry": { "type": "Polygon", "coordinates": [ [ [ 77.699716952682451, 12.940760818380742 ], [ 77.69981423708208, 12.949793475283025 ], [ 77.709023628084978, 12.949697859759048 ], [ 77.70892601282452, 12.940665271785885 ], [ 77.699716952682451, 12.940760818380742 ] ] ] } },
{ "type": "Feature", "properties": { "grid_id": "BLR_00594", "centroid_lat": 12.945324816522946, "centroid_lon": 77.695160945232146 }, "geometry": { "type": "Polygon", "coordinates": [ [ [ 77.690507818818986, 12.940856040533445 ], [ 77.690604772345068, 12.949888766130845 ], [ 77.69981423708208, 12.949793475283025 ], [ 77.699716952682451, 12.940760818380742 ], [ 77.690507818818986, 12.940856040533445 ] ] ] } },
{ "type": "Feature", "properties": { "grid_id": "BLR_00595", "centroid_lat": 12.94541991073851, "centroid_lon": 77.685951609193381 }, "geometry": { "type": "Polygon", "coordinates": [ [ [ 77.681298611484763, 12.940950938231941 ], [ 77.681395234124665, 12.949983732290439 ], [ 77.690604772345068, 12.949888766130845 ], [ 77.690507818818986, 12.940856040533445 ], [ 77.681298611484763, 12.940950938231941 ] ] ] } },
{ "type": "Feature", "properties": { "grid_id": "BLR_00596", "centroid_lat": 12.954262016725089, "centroid_lon": 77.70446769442826 }, "geometry": { "type": "Polygon", "coordinates": [ [ [ 77.69981423708208, 12.949793475283025 ], [ 77.699911595215795, 12.95882612521838 ], [ 77.709121317330187, 12.958730440760517 ], [ 77.709023628084978, 12.949697859759048 ], [ 77.69981423708208, 12.949793475283025 ] ] ] } },
{ "type": "Feature", "properties": { "grid_id": "BLR_00597", "centroid_lat": 12.927543318912891, "centroid_lon": 77.667340610422443 }, "geometry": { "type": "Polygon", "coordinates": [ [ [ 77.662688273891121, 12.923073878835426 ], [ 77.662784089295712, 12.932106822996266 ], [ 77.671993112158802, 12.93201264223053 ], [ 77.671896966344107, 12.922979766053333 ], [ 77.662688273891121, 12.923073878835426 ] ] ] } },
{ "type": "Feature", "properties": { "grid_id": "BLR_00598", "centroid_lat": 12.927449010074483, "centroid_lon": 77.676549431605153 }, "geometry": { "type": "Polygon", "coordinates": [ [ [ 77.671896966344107, 12.922979766053333 ], [ 77.671993112158802, 12.93201264223053 ], [ 77.681202062064997, 12.931918137220613 ], [ 77.681105585852734, 12.922885329261064 ], [ 77.671896966344107, 12.922979766053333 ] ] ] } },
{ "type": "Feature", "properties": { "grid_id": "BLR_00599", "centroid_lat": 12.927637303618162, "centroid_lon": 77.658131716414374 }, "geometry": { "type": "Polygon", "coordinates": [ [ [ 77.65347950874434, 12.923167667595431 ], [ 77.653574993726323, 12.932200679505902 ], [ 77.662784089295712, 12.932106822996266 ], [ 77.662688273891121, 12.923073878835426 ], [ 77.65347950874434, 12.923167667595431 ] ] ] } },
{ "type": "Feature", "properties": { "grid_id": "BLR_00600", "centroid_lat": 12.936576225641156, "centroid_lon": 77.667436627447884 }, "geometry": { "type": "Polygon", "coordinates": [ [ [ 77.662784089295712, 12.932106822996266 ], [ 77.662879977406604, 12.941139760218288 ], [ 77.672089330930419, 12.941045511464214 ], [ 77.671993112158802, 12.93201264223053 ], [ 77.662784089295712, 12.932106822996266 ] ] ] } },
{ "type": "Feature", "properties": { "grid_id": "BLR_00601", "centroid_lat": 12.936670278215406, "centroid_lon": 77.658227402898149 }, "geometry": { "type": "Polygon", "coordinates": [ [ [ 77.653574993726323, 12.932200679505902 ], [ 77.65367055116397, 12.941233684482233 ], [ 77.662879977406604, 12.941139760218288 ], [ 77.662784089295712, 12.932106822996266 ], [ 77.653574993726323, 12.932200679505902 ] ] ] } },
{ "type": "Feature", "properties": { "grid_id": "BLR_00602", "centroid_lat": 12.936481848699747, "centroid_lon": 77.676645779159742 }, "geometry": { "type": "Polygon", "coordinates": [ [ [ 77.671993112158802, 12.93201264223053 ], [ 77.672089330930419, 12.941045511464214 ], [ 77.681298611484763, 12.940950938231941 ], [ 77.681202062064997, 12.931918137220613 ], [ 77.671993112158802, 12.93201264223053 ] ] ] } },
{ "type": "Feature", "properties": { "grid_id": "BLR_00603", "centroid_lat": 12.945514680376847, "centroid_lon": 77.676742199802831 }, "geometry": { "type": "Polygon", "coordinates": [ [ [ 77.672089330930419, 12.941045511464214 ], [ 77.672185622671506, 12.950078373749781 ], [ 77.681395234124665, 12.949983732290439 ], [ 77.681298611484763, 12.940950938231941 ], [ 77.672089330930419, 12.941045511464214 ] ] ] } },
{ "type": "Feature", "properties": { "grid_id": "BLR_00604", "centroid_lat": 12.945609125425955, "centroid_lon": 77.667532717311218 }, "geometry": { "type": "Polygon", "coordinates": [ [ [ 77.662879977406604, 12.941139760218288 ], [ 77.662975938236301, 12.950172690496892 ], [ 77.672185622671506, 12.950078373749781 ], [ 77.672089330930419, 12.941045511464214 ], [ 77.662879977406604, 12.941139760218288 ] ] ] } },
{ "type": "Feature", "properties": { "grid_id": "BLR_00605", "centroid_lat": 12.945703245873874, "centroid_lon": 77.658323161969165 }, "geometry": { "type": "Polygon", "coordinates": [ [ [ 77.65367055116397, 12.941233684482233 ], [ 77.65376618106977, 12.950266682519826 ], [ 77.662975938236301, 12.950172690496892 ], [ 77.662879977406604, 12.941139760218288 ], [ 77.65367055116397, 12.941233684482233 ] ] ] } },
{ "type": "Feature", "properties": { "grid_id": "BLR_00606", "centroid_lat": 12.954547505101171, "centroid_lon": 77.676838693547026 }, "geometry": { "type": "Polygon", "coordinates": [ [ [ 77.672185622671506, 12.950078373749781 ], [ 77.672281987394626, 12.959111229082623 ], [ 77.681491929997293, 12.95901651939149 ], [ 77.681395234124665, 12.949983732290439 ], [ 77.672185622671506, 12.950078373749781 ] ] ] } },
{ "type": "Feature", "properties": { "grid_id": "BLR_00607", "centroid_lat": 12.954642018262684, "centroid_lon": 77.667628880024949 }, "geometry": { "type": "Polygon", "coordinates": [ [ [ 77.662975938236301, 12.950172690496892 ], [ 77.663071971797351, 12.95920561382747 ], [ 77.672281987394626, 12.959111229082623 ], [ 77.672185622671506, 12.950078373749781 ], [ 77.662975938236301, 12.950172690496892 ] ] ] } },
{ "type": "Feature", "properties": { "grid_id": "BLR_00608", "centroid_lat": 12.954736206588963, "centroid_lon": 77.658418993639913 }, "geometry": { "type": "Polygon", "coordinates": [ [ [ 77.65376618106977, 12.950266682519826 ], [ 77.653861883456187, 12.959299673614083 ], [ 77.663071971797351, 12.95920561382747 ], [ 77.662975938236301, 12.950172690496892 ], [ 77.65376618106977, 12.950266682519826 ] ] ] } },
{ "type": "Feature", "properties": { "grid_id": "BLR_00609", "centroid_lat": 12.963580322868097, "centroid_lon": 77.676935260404903 }, "geometry": { "type": "Polygon", "coordinates": [ [ [ 77.672281987394626, 12.959111229082623 ], [ 77.672378425112399, 12.968144077458122 ], [ 77.681588699115295, 12.968049299530479 ], [ 77.681491929997293, 12.95901651939149 ], [ 77.672281987394626, 12.959111229082623 ] ] ] } },
{ "type": "Feature", "properties": { "grid_id": "BLR_00610", "centroid_lat": 12.963674904146734, "centroid_lon": 77.667725115601669 }, "geometry": { "type": "Polygon", "coordinates": [ [ [ 77.663071971797351, 12.95920561382747 ], [ 77.663168078102288, 12.968238530205413 ], [ 77.672378425112399, 12.968144077458122 ], [ 77.672281987394626, 12.959111229082623 ], [ 77.663071971797351, 12.95920561382747 ] ] ] } },
{ "type": "Feature", "properties": { "grid_id": "BLR_00611", "centroid_lat": 12.963769160356069, "centroid_lon": 77.658514897922899 }, "geometry": { "type": "Polygon", "coordinates": [ [ [ 77.653861883456187, 12.959299673614083 ], [ 77.653957658335742, 12.96833265776039 ], [ 77.663168078102288, 12.968238530205413 ], [ 77.663071971797351, 12.95920561382747 ], [ 77.653861883456187, 12.959299673614083 ] ] ] } },
{ "type": "Feature", "properties": { "grid_id": "BLR_00612", "centroid_lat": 12.972707783073494, "centroid_lon": 77.667821424053926 }, "geometry": { "type": "Polygon", "coordinates": [ [ [ 77.663168078102288, 12.968238530205413 ], [ 77.663264257163647, 12.977271439626122 ], [ 77.672474935837386, 12.977176918871677 ], [ 77.672378425112399, 12.968144077458122 ], [ 77.663168078102288, 12.968238530205413 ] ] ] } },
{ "type": "Feature", "properties": { "grid_id": "BLR_00613", "centroid_lat": 12.972613133673022, "centroid_lon": 77.677031900389096 }, "geometry": { "type": "Polygon", "coordinates": [ [ [ 77.672378425112399, 12.968144077458122 ], [ 77.672474935837386, 12.977176918871677 ], [ 77.681685541491291, 12.977082072702796 ], [ 77.681588699115295, 12.968049299530479 ], [ 77.672378425112399, 12.968144077458122 ] ] ] } },
{ "type": "Feature", "properties": { "grid_id": "BLR_00614", "centroid_lat": 12.972802107170587, "centroid_lon": 77.658610874830657 }, "geometry": { "type": "Polygon", "coordinates": [ [ [ 77.653957658335742, 12.96833265776039 ], [ 77.65405350572091, 12.977365634954156 ], [ 77.663264257163647, 12.977271439626122 ], [ 77.663168078102288, 12.968238530205413 ], [ 77.653957658335742, 12.96833265776039 ] ] ] } },
{ "type": "Feature", "properties": { "grid_id": "BLR_00615", "centroid_lat": 12.981645937511336, "centroid_lon": 77.677128613512195 }, "geometry": { "type": "Polygon", "coordinates": [ [ [ 77.672474935837386, 12.977176918871677 ], [ 77.672571519582192, 12.986209753318677 ], [ 77.681782457137942, 12.986114838903832 ], [ 77.681685541491291, 12.977082072702796 ], [ 77.672474935837386, 12.977176918871677 ] ] ] } },
{ "type": "Feature", "properties": { "grid_id": "BLR_00616", "centroid_lat": 12.981835047027918, "centroid_lon": 77.658706924375721 }, "geometry": { "type": "Polygon", "coordinates": [ [ [ 77.65405350572091, 12.977365634954156 ], [ 77.654149425624254, 12.98639860519078 ], [ 77.663360508994003, 12.986304342084985 ], [ 77.663264257163647, 12.977271439626122 ], [ 77.65405350572091, 12.977365634954156 ] ] ] } },
{ "type": "Feature", "properties": { "grid_id": "BLR_00617", "centroid_lat": 12.954923608688151, "centroid_lon": 77.639999003283805 }, "geometry": { "type": "Polygon", "coordinates": [ [ [ 77.635346449545509, 12.950453692345604 ], [ 77.635441489545244, 12.959486818264994 ], [ 77.644651722621902, 12.959393408430547 ], [ 77.644556351422594, 12.950360349806685 ], [ 77.635346449545509, 12.950453692345604 ] ] ] } },
{ "type": "Feature", "properties": { "grid_id": "BLR_00618", "centroid_lat": 12.955016822437329, "centroid_lon": 77.630788899814263 }, "geometry": { "type": "Polygon", "coordinates": [ [ [ 77.626136475689279, 12.950546710124765 ], [ 77.626231184477007, 12.959579903105594 ], [ 77.635441489545244, 12.959486818264994 ], [ 77.635346449545509, 12.950453692345604 ], [ 77.626136475689279, 12.950546710124765 ] ] ] } },
{ "type": "Feature", "properties": { "grid_id": "BLR_00619", "centroid_lat": 12.963863091484171, "centroid_lon": 77.649304607619342 }, "geometry": { "type": "Polygon", "coordinates": [ [ [ 77.644651722621902, 12.959393408430547 ], [ 77.644747166063553, 12.968426460111136 ], [ 77.653957658335742, 12.96833265776039 ], [ 77.653861883456187, 12.959299673614083 ], [ 77.644651722621902, 12.959393408430547 ] ] ] } },
{ "type": "Feature", "properties": { "grid_id": "BLR_00620", "centroid_lat": 12.963956697519139, "centroid_lon": 77.640094244941807 }, "geometry": { "type": "Polygon", "coordinates": [ [ [ 77.635441489545244, 12.959486818264994 ], [ 77.635536601536558, 12.96851993724577 ], [ 77.644747166063553, 12.968426460111136 ], [ 77.644651722621902, 12.959393408430547 ], [ 77.635441489545244, 12.959486818264994 ] ] ] } },
{ "type": "Feature", "properties": { "grid_id": "BLR_00621", "centroid_lat": 12.964049978449127, "centroid_lon": 77.630883810141071 }, "geometry": { "type": "Polygon", "coordinates": [ [ [ 77.626231184477007, 12.959579903105594 ], [ 77.626325965005535, 12.968613089152448 ], [ 77.635536601536558, 12.96851993724577 ], [ 77.635441489545244, 12.959486818264994 ], [ 77.626231184477007, 12.959579903105594 ] ] ] } },
{ "type": "Feature", "properties": { "grid_id": "BLR_00622", "centroid_lat": 12.972989779406895, "centroid_lon": 77.640189558722994 }, "geometry": { "type": "Polygon", "coordinates": [ [ [ 77.635536601536558, 12.96851993724577 ], [ 77.635631785531857, 12.977553049283339 ], [ 77.644842681760039, 12.977459504843861 ], [ 77.644747166063553, 12.968426460111136 ], [ 77.635536601536558, 12.96851993724577 ] ] ] } },
{ "type": "Feature", "properties": { "grid_id": "BLR_00623", "centroid_lat": 12.972896105952355, "centroid_lon": 77.649400252970054 }, "geometry": { "type": "Polygon", "coordinates": [ [ [ 77.644747166063553, 12.968426460111136 ], [ 77.644842681760039, 12.977459504843861 ], [ 77.65405350572091, 12.977365634954156 ], [ 77.653957658335742, 12.96833265776039 ], [ 77.644747166063553, 12.968426460111136 ] ] ] } },
{ "type": "Feature", "properties": { "grid_id": "BLR_00624", "centroid_lat": 12.97308312752234, "centroid_lon": 77.630978792340301 }, "geometry": { "type": "Polygon", "coordinates": [ [ [ 77.626325965005535, 12.968613089152448 ], [ 77.62642081728724, 12.977646268260745 ], [ 77.635631785531857, 12.977553049283339 ], [ 77.635536601536558, 12.96851993724577 ], [ 77.626325965005535, 12.968613089152448 ] ] ] } },
{ "type": "Feature", "properties": { "grid_id": "BLR_00625", "centroid_lat": 12.981929113468036, "centroid_lon": 77.649495970707264 }, "geometry": { "type": "Polygon", "coordinates": [ [ [ 77.644842681760039, 12.977459504843861 ], [ 77.644938269723824, 12.98649254262412 ], [ 77.654149425624254, 12.98639860519078 ], [ 77.65405350572091, 12.977365634954156 ], [ 77.644842681760039, 12.977459504843861 ] ] ] } },
{ "type": "Feature", "properties": { "grid_id": "BLR_00626", "centroid_lat": 12.982116269652378, "centroid_lon": 77.6310738464243 }, "geometry": { "type": "Polygon", "coordinates": [ [ [ 77.62642081728724, 12.977646268260745 ], [ 77.626515741334501, 12.986679440425894 ], [ 77.635727041543603, 12.986586154373107 ], [ 77.635631785531857, 12.977553049283339 ], [ 77.62642081728724, 12.977646268260745 ] ] ] } },
{ "type": "Feature", "properties": { "grid_id": "BLR_00627", "centroid_lat": 12.954357504320342, "centroid_lon": 77.695258100999382 }, "geometry": { "type": "Polygon", "coordinates": [ [ [ 77.690604772345068, 12.949888766130845 ], [ 77.690701799354585, 12.958921484766066 ], [ 77.699911595215795, 12.95882612521838 ], [ 77.69981423708208, 12.949793475283025 ], [ 77.690604772345068, 12.949888766130845 ] ] ] } },
{ "type": "Feature", "properties": { "grid_id": "BLR_00628", "centroid_lat": 12.954452667116385, "centroid_lon": 77.686048433955406 }, "geometry": { "type": "Polygon", "coordinates": [ [ [ 77.681395234124665, 12.949983732290439 ], [ 77.681491929997293, 12.95901651939149 ], [ 77.690701799354585, 12.958921484766066 ], [ 77.690604772345068, 12.949888766130845 ], [ 77.681395234124665, 12.949983732290439 ] ] ] } },
{ "type": "Feature", "properties": { "grid_id": "BLR_00629", "centroid_lat": 12.96329462873636, "centroid_lon": 77.704565255053794 }, "geometry": { "type": "Polygon", "coordinates": [ [ [ 77.699911595215795, 12.95882612521838 ], [ 77.7000090270963, 12.967858768182184 ], [ 77.709219080572908, 12.967763014785659 ], [ 77.709121317330187, 12.958730440760517 ], [ 77.699911595215795, 12.95882612521838 ] ] ] } },
{ "type": "Feature", "properties": { "grid_id": "BLR_00630", "centroid_lat": 12.963390185150873, "centroid_lon": 77.695355330381716 }, "geometry": { "type": "Polygon", "coordinates": [ [ [ 77.690701799354585, 12.958921484766066 ], [ 77.690798899860184, 12.967954196434487 ], [ 77.7000090270963, 12.967858768182184 ], [ 77.699911595215795, 12.95882612521838 ], [ 77.690701799354585, 12.958921484766066 ] ] ] } },
{ "type": "Feature", "properties": { "grid_id": "BLR_00631", "centroid_lat": 12.963485416532139, "centroid_lon": 77.686145332081836 }, "geometry": { "type": "Polygon", "coordinates": [ [ [ 77.681491929997293, 12.95901651939149 ], [ 77.681588699115295, 12.968049299530479 ], [ 77.690798899860184, 12.967954196434487 ], [ 77.690701799354585, 12.958921484766066 ], [ 77.681491929997293, 12.95901651939149 ] ] ] } },
{ "type": "Feature", "properties": { "grid_id": "BLR_00632", "centroid_lat": 12.972422859009921, "centroid_lon": 77.695452633391852 }, "geometry": { "type": "Polygon", "coordinates": [ [ [ 77.690798899860184, 12.967954196434487 ], [ 77.690896073874555, 12.976986901131493 ], [ 77.700106532736342, 12.976891404169814 ], [ 77.7000090270963, 12.967858768182184 ], [ 77.690798899860184, 12.967954196434487 ] ] ] } },
{ "type": "Feature", "properties": { "grid_id": "BLR_00633", "centroid_lat": 12.972327233771386, "centroid_lon": 77.704662889557866 }, "geometry": { "type": "Polygon", "coordinates": [ [ [ 77.7000090270963, 12.967858768182184 ], [ 77.700106532736342, 12.976891404169814 ], [ 77.709316917825888, 12.976795581829856 ], [ 77.709219080572908, 12.967763014785659 ], [ 77.7000090270963, 12.967858768182184 ] ] ] } },
{ "type": "Feature", "properties": { "grid_id": "BLR_00634", "centroid_lat": 12.972518158981156, "centroid_lon": 77.686242303585317 }, "geometry": { "type": "Polygon", "coordinates": [ [ [ 77.681588699115295, 12.968049299530479 ], [ 77.681685541491291, 12.977082072702796 ], [ 77.690896073874555, 12.976986901131493 ], [ 77.690798899860184, 12.967954196434487 ], [ 77.681588699115295, 12.968049299530479 ] ] ] } },
{ "type": "Feature", "properties": { "grid_id": "BLR_00635", "centroid_lat": 12.98135983182555, "centroid_lon": 77.704760597953211 }, "geometry": { "type": "Polygon", "coordinates": [ [ [ 77.700106532736342, 12.976891404169814 ], [ 77.700204112148654, 12.985924033176655 ], [ 77.709414829101917, 12.985828141888483 ], [ 77.709316917825888, 12.976795581829856 ], [ 77.700106532736342, 12.976891404169814 ] ] ] } },
{ "type": "Feature", "properties": { "grid_id": "BLR_00636", "centroid_lat": 12.981550894458827, "centroid_lon": 77.686339348478541 }, "geometry": { "type": "Polygon", "coordinates": [ [ [ 77.681685541491291, 12.977082072702796 ], [ 77.681782457137942, 12.986114838903832 ], [ 77.690993321410375, 12.98601959885247 ], [ 77.690896073874555, 12.976986901131493 ], [ 77.681685541491291, 12.977082072702796 ] ] ] } },
{ "type": "Feature", "properties": { "grid_id": "BLR_00637", "centroid_lat": 12.981740655038365, "centroid_lon": 77.66791780539431 }, "geometry": { "type": "Polygon", "coordinates": [ [ [ 77.663264257163647, 12.977271439626122 ], [ 77.663360508994003, 12.986304342084985 ], [ 77.672571519582192, 12.986209753318677 ], [ 77.672474935837386, 12.977176918871677 ], [ 77.663264257163647, 12.977271439626122 ] ] ] } },
{ "type": "Feature", "properties": { "grid_id": "BLR_00638", "centroid_lat": 12.990773520036733, "centroid_lon": 77.668014259635399 }, "geometry": { "type": "Polygon", "coordinates": [ [ [ 77.663360508994003, 12.986304342084985 ], [ 77.663456833605949, 12.995337237577402 ], [ 77.672668176359451, 12.995242580794509 ], [ 77.672571519582192, 12.986209753318677 ], [ 77.663360508994003, 12.986304342084985 ] ] ] } },
{ "type": "Feature", "properties": { "grid_id": "BLR_00639", "centroid_lat": 12.990678734378427, "centroid_lon": 77.677225399786877 }, "geometry": { "type": "Polygon", "coordinates": [ [ [ 77.672571519582192, 12.986209753318677 ], [ 77.672668176359451, 12.995242580794509 ], [ 77.681879446067896, 12.995147598128966 ], [ 77.681782457137942, 12.986114838903832 ], [ 77.672571519582192, 12.986209753318677 ] ] ] } },
{ "type": "Feature", "properties": { "grid_id": "BLR_00640", "centroid_lat": 12.990867979923452, "centroid_lon": 77.658803046570625 }, "geometry": { "type": "Polygon", "coordinates": [ [ [ 77.654149425624254, 12.98639860519078 ], [ 77.654245418058281, 12.995431568465651 ], [ 77.663456833605949, 12.995337237577402 ], [ 77.663360508994003, 12.986304342084985 ], [ 77.654149425624254, 12.98639860519078 ] ] ] } },
{ "type": "Feature", "properties": { "grid_id": "BLR_00641", "centroid_lat": 12.999806378063994, "centroid_lon": 77.668110786789796 }, "geometry": { "type": "Polygon", "coordinates": [ [ [ 77.663456833605949, 12.995337237577402 ], [ 77.663553231012031, 13.004370126098769 ], [ 77.672764906181783, 13.004275401294576 ], [ 77.672668176359451, 12.995242580794509 ], [ 77.663456833605949, 12.995337237577402 ] ] ] } },
{ "type": "Feature", "properties": { "grid_id": "BLR_00642", "centroid_lat": 12.999711524269683, "centroid_lon": 77.677322259225733 }, "geometry": { "type": "Polygon", "coordinates": [ [ [ 77.672668176359451, 12.995242580794509 ], [ 77.672764906181783, 13.004275401294576 ], [ 77.681976508293843, 13.004180350373593 ], [ 77.681879446067896, 12.995147598128966 ], [ 77.672668176359451, 12.995242580794509 ] ] ] } },
{ "type": "Feature", "properties": { "grid_id": "BLR_00643", "centroid_lat": 12.999900905852591, "centroid_lon": 77.658899241427946 }, "geometry": { "type": "Polygon", "coordinates": [ [ [ 77.654245418058281, 12.995431568465651 ], [ 77.654341483035523, 13.00446452477418 ], [ 77.663553231012031, 13.004370126098769 ], [ 77.663456833605949, 12.995337237577402 ], [ 77.654245418058281, 12.995431568465651 ] ] ] } },
{ "type": "Feature", "properties": { "grid_id": "BLR_00644", "centroid_lat": 13.008839229115546, "centroid_lon": 77.668207386870108 }, "geometry": { "type": "Polygon", "coordinates": [ [ [ 77.663553231012031, 13.004370126098769 ], [ 77.663649701224855, 13.013403007644483 ], [ 77.672861709061806, 13.013308214814261 ], [ 77.672764906181783, 13.004275401294576 ], [ 77.663553231012031, 13.004370126098769 ] ] ] } },
{ "type": "Feature", "properties": { "grid_id": "BLR_00645", "centroid_lat": 13.008744307180496, "centroid_lon": 77.677419191841466 }, "geometry": { "type": "Polygon", "coordinates": [ [ [ 77.672764906181783, 13.004275401294576 ], [ 77.672861709061806, 13.013308214814261 ], [ 77.682073643828431, 13.013213095633104 ], [ 77.681976508293843, 13.004180350373593 ], [ 77.672764906181783, 13.004275401294576 ] ] ] } },
{ "type": "Feature", "properties": { "grid_id": "BLR_00646", "centroid_lat": 13.008933824810732, "centroid_lon": 77.658995508960231 }, "geometry": { "type": "Polygon", "coordinates": [ [ [ 77.654341483035523, 13.00446452477418 ], [ 77.654437620568544, 13.013497474111766 ], [ 77.663649701224855, 13.013403007644483 ], [ 77.663553231012031, 13.004370126098769 ], [ 77.654341483035523, 13.00446452477418 ] ] ] } },
{ "type": "Feature", "properties": { "grid_id": "BLR_00647", "centroid_lat": 12.982022854346814, "centroid_lon": 77.640284944639831 }, "geometry": { "type": "Polygon", "coordinates": [ [ [ 77.635631785531857, 12.977553049283339 ], [ 77.635727041543603, 12.986586154373107 ], [ 77.644938269723824, 12.98649254262412 ], [ 77.644842681760039, 12.977459504843861 ], [ 77.635631785531857, 12.977553049283339 ] ] ] } },
{ "type": "Feature", "properties": { "grid_id": "BLR_00648", "centroid_lat": 12.991055922334306, "centroid_lon": 77.640380402704764 }, "geometry": { "type": "Polygon", "coordinates": [ [ [ 77.635727041543603, 12.986586154373107 ], [ 77.635822369584233, 12.995619252510487 ], [ 77.645033929967397, 12.995525573447315 ], [ 77.644938269723824, 12.98649254262412 ], [ 77.635727041543603, 12.986586154373107 ] ] ] } },
{ "type": "Feature", "properties": { "grid_id": "BLR_00649", "centroid_lat": 12.990962114026617, "centroid_lon": 77.649591760843435 }, "geometry": { "type": "Polygon", "coordinates": [ [ [ 77.644938269723824, 12.98649254262412 ], [ 77.645033929967397, 12.995525573447315 ], [ 77.654245418058281, 12.995431568465651 ], [ 77.654149425624254, 12.98639860519078 ], [ 77.644938269723824, 12.98649254262412 ] ] ] } },
{ "type": "Feature", "properties": { "grid_id": "BLR_00650", "centroid_lat": 12.991149404834644, "centroid_lon": 77.631168972405519 }, "geometry": { "type": "Polygon", "coordinates": [ [ [ 77.626515741334501, 12.986679440425894 ], [ 77.626610737159737, 12.995712605643298 ], [ 77.635822369584233, 12.995619252510487 ], [ 77.635727041543603, 12.986586154373107 ], [ 77.626515741334501, 12.986679440425894 ] ] ] } },
{ "type": "Feature", "properties": { "grid_id": "BLR_00651", "centroid_lat": 13.000088983364778, "centroid_lon": 77.640475932930272 }, "geometry": { "type": "Polygon", "coordinates": [ [ [ 77.635822369584233, 12.995619252510487 ], [ 77.635917769666193, 13.004652343690882 ], [ 77.645129662503251, 13.004558597308856 ], [ 77.645033929967397, 12.995525573447315 ], [ 77.635822369584233, 12.995619252510487 ] ] ] } },
{ "type": "Feature", "properties": { "grid_id": "BLR_00652", "centroid_lat": 12.999995107623493, "centroid_lon": 77.649687623391117 }, "geometry": { "type": "Polygon", "coordinates": [ [ [ 77.645033929967397, 12.995525573447315 ], [ 77.645129662503251, 13.004558597308856 ], [ 77.654341483035523, 13.00446452477418 ], [ 77.654245418058281, 12.995431568465651 ], [ 77.645033929967397, 12.995525573447315 ] ] ] } },
{ "type": "Feature", "properties": { "grid_id": "BLR_00653", "centroid_lat": 13.000182533064553, "centroid_lon": 77.631264170296376 }, "geometry": { "type": "Polygon", "coordinates": [ [ [ 77.626610737159737, 12.995712605643298 ], [ 77.626705804775341, 13.004745763908375 ], [ 77.635917769666193, 13.004652343690882 ], [ 77.635822369584233, 12.995619252510487 ], [ 77.626610737159737, 12.995712605643298 ] ] ] } },
{ "type": "Feature", "properties": { "grid_id": "BLR_00654", "centroid_lat": 13.009122037433636, "centroid_lon": 77.640571535328831 }, "geometry": { "type": "Polygon", "coordinates": [ [ [ 77.635917769666193, 13.004652343690882 ], [ 77.636013241801948, 13.013685427909696 ], [ 77.645225467343906, 13.013591614204147 ], [ 77.645129662503251, 13.004558597308856 ], [ 77.635917769666193, 13.004652343690882 ] ] ] } },
{ "type": "Feature", "properties": { "grid_id": "BLR_00655", "centroid_lat": 13.009028094254075, "centroid_lon": 77.649783558362813 }, "geometry": { "type": "Polygon", "coordinates": [ [ [ 77.645129662503251, 13.004558597308856 ], [ 77.645225467343906, 13.013591614204147 ], [ 77.654437620568544, 13.013497474111766 ], [ 77.654341483035523, 13.00446452477418 ], [ 77.645129662503251, 13.004558597308856 ] ] ] } },
{ "type": "Feature", "properties": { "grid_id": "BLR_00656", "centroid_lat": 13.009215654337511, "centroid_lon": 77.631359440109307 }, "geometry": { "type": "Polygon", "coordinates": [ [ [ 77.626705804775341, 13.004745763908375 ], [ 77.626800944193732, 13.013778915216538 ], [ 77.636013241801948, 13.013685427909696 ], [ 77.635917769666193, 13.004652343690882 ], [ 77.626705804775341, 13.004745763908375 ] ] ] } },
{ "type": "Feature", "properties": { "grid_id": "BLR_00657", "centroid_lat": 12.981455525892871, "centroid_lon": 77.695550010042481 }, "geometry": { "type": "Polygon", "coordinates": [ [ [ 77.690896073874555, 12.976986901131493 ], [ 77.690993321410375, 12.98601959885247 ], [ 77.700204112148654, 12.985924033176655 ], [ 77.700106532736342, 12.976891404169814 ], [ 77.690896073874555, 12.976986901131493 ] ] ] } },
{ "type": "Feature", "properties": { "grid_id": "BLR_00658", "centroid_lat": 12.990488185795103, "centroid_lon": 77.695647460346336 }, "geometry": { "type": "Polygon", "coordinates": [ [ [ 77.690993321410375, 12.98601959885247 ], [ 77.691090642480361, 12.995052289592801 ], [ 77.700301765345969, 12.994956655198079 ], [ 77.700204112148654, 12.985924033176655 ], [ 77.690993321410375, 12.98601959885247 ] ] ] } },
{ "type": "Feature", "properties": { "grid_id": "BLR_00659", "centroid_lat": 12.990392422894217, "centroid_lon": 77.704858380252588 }, "geometry": { "type": "Polygon", "coordinates": [ [ [ 77.700204112148654, 12.985924033176655 ], [ 77.700301765345969, 12.994956655198079 ], [ 77.709512814413785, 12.99486069495692 ], [ 77.709414829101917, 12.985828141888483 ], [ 77.700204112148654, 12.985924033176655 ] ] ] } },
{ "type": "Feature", "properties": { "grid_id": "BLR_00660", "centroid_lat": 12.990583622960534, "centroid_lon": 77.68643646677414 }, "geometry": { "type": "Polygon", "coordinates": [ [ [ 77.681782457137942, 12.986114838903832 ], [ 77.681879446067896, 12.995147598128966 ], [ 77.691090642480361, 12.995052289592801 ], [ 77.690993321410375, 12.98601959885247 ], [ 77.681782457137942, 12.986114838903832 ] ] ] } },
{ "type": "Feature", "properties": { "grid_id": "BLR_00661", "centroid_lat": 12.999520838711998, "centroid_lon": 77.69574498431615 }, "geometry": { "type": "Polygon", "coordinates": [ [ [ 77.691090642480361, 12.995052289592801 ], [ 77.691188037097234, 13.004084973347871 ], [ 77.70039949234102, 13.003989270229477 ], [ 77.700301765345969, 12.994956655198079 ], [ 77.691090642480361, 12.995052289592801 ] ] ] } },
{ "type": "Feature", "properties": { "grid_id": "BLR_00662", "centroid_lat": 12.999425006972775, "centroid_lon": 77.704956236468774 }, "geometry": { "type": "Polygon", "coordinates": [ [ [ 77.700301765345969, 12.994956655198079 ], [ 77.70039949234102, 13.003989270229477 ], [ 77.709610873774309, 13.003893241030539 ], [ 77.709512814413785, 12.99486069495692 ], [ 77.700301765345969, 12.994956655198079 ] ] ] } },
{ "type": "Feature", "properties": { "grid_id": "BLR_00663", "centroid_lat": 12.999616344481662, "centroid_lon": 77.686533658484834 }, "geometry": { "type": "Polygon", "coordinates": [ [ [ 77.681879446067896, 12.995147598128966 ], [ 77.681976508293843, 13.004180350373593 ], [ 77.691188037097234, 13.004084973347871 ], [ 77.691090642480361, 12.995052289592801 ], [ 77.681879446067896, 12.995147598128966 ] ] ] } },
{ "type": "Feature", "properties": { "grid_id": "BLR_00664", "centroid_lat": 13.008553484638941, "centroid_lon": 77.695842581964655 }, "geometry": { "type": "Polygon", "coordinates": [ [ [ 77.691188037097234, 13.004084973347871 ], [ 77.691285505273697, 13.013117650113063 ], [ 77.700497293146626, 13.013021878266228 ], [ 77.70039949234102, 13.003989270229477 ], [ 77.691188037097234, 13.004084973347871 ] ] ] } },
{ "type": "Feature", "properties": { "grid_id": "BLR_00665", "centroid_lat": 13.008457584056604, "centroid_lon": 77.705054166614559 }, "geometry": { "type": "Polygon", "coordinates": [ [ [ 77.70039949234102, 13.003989270229477 ], [ 77.700497293146626, 13.013021878266228 ], [ 77.709709007196267, 13.012925780104723 ], [ 77.709610873774309, 13.003893241030539 ], [ 77.70039949234102, 13.003989270229477 ] ] ] } },
{ "type": "Feature", "properties": { "grid_id": "BLR_00666", "centroid_lat": 13.008649059017609, "centroid_lon": 77.686630923623298 }, "geometry": { "type": "Polygon", "coordinates": [ [ [ 77.681976508293843, 13.004180350373593 ], [ 77.682073643828431, 13.013213095633104 ], [ 77.691285505273697, 13.013117650113063 ], [ 77.691188037097234, 13.004084973347871 ], [ 77.681976508293843, 13.004180350373593 ] ] ] } },
{ "type": "Feature", "properties": { "grid_id": "BLR_00667", "centroid_lat": 13.017872073186782, "centroid_lon": 77.668304059888982 }, "geometry": { "type": "Polygon", "coordinates": [ [ [ 77.663649701224855, 13.013403007644483 ], [ 77.663746244257027, 13.022435882209937 ], [ 77.672958585012196, 13.022341021348961 ], [ 77.672861709061806, 13.013308214814261 ], [ 77.663649701224855, 13.013403007644483 ] ] ] } },
{ "type": "Feature", "properties": { "grid_id": "BLR_00668", "centroid_lat": 13.01777708310626, "centroid_lon": 77.67751619764671 }, "geometry": { "type": "Polygon", "coordinates": [ [ [ 77.672861709061806, 13.013308214814261 ], [ 77.672958585012196, 13.022341021348961 ], [ 77.682170852684365, 13.022245833902884 ], [ 77.682073643828431, 13.013213095633104 ], [ 77.672861709061806, 13.013308214814261 ] ] ] } },
{ "type": "Feature", "properties": { "grid_id": "BLR_00669", "centroid_lat": 13.017966736793277, "centroid_lon": 77.659091849180086 }, "geometry": { "type": "Polygon", "coordinates": [ [ [ 77.654437620568544, 13.013497474111766 ], [ 77.654533830669891, 13.022530416473803 ], [ 77.663746244257027, 13.022435882209937 ], [ 77.663649701224855, 13.013403007644483 ], [ 77.654437620568544, 13.013497474111766 ] ] ] } },
{ "type": "Feature", "properties": { "grid_id": "BLR_00670", "centroid_lat": 13.026904910273092, "centroid_lon": 77.668400805859008 }, "geometry": { "type": "Polygon", "coordinates": [ [ [ 77.663746244257027, 13.022435882209937 ], [ 77.663842860121179, 13.031468749790536 ], [ 77.673055534045616, 13.031373820894069 ], [ 77.672958585012196, 13.022341021348961 ], [ 77.663746244257027, 13.022435882209937 ] ] ] } },
{ "type": "Feature", "properties": { "grid_id": "BLR_00671", "centroid_lat": 13.026809852042362, "centroid_lon": 77.677613276654142 }, "geometry": { "type": "Polygon", "coordinates": [ [ [ 77.672958585012196, 13.022341021348961 ], [ 77.673055534045616, 13.031373820894069 ], [ 77.682268134874363, 13.031278565178324 ], [ 77.682170852684365, 13.022245833902884 ], [ 77.672958585012196, 13.022341021348961 ] ] ] } },
{ "type": "Feature", "properties": { "grid_id": "BLR_00672", "centroid_lat": 13.026999641795621, "centroid_lon": 77.659188262100074 }, "geometry": { "type": "Polygon", "coordinates": [ [ [ 77.654533830669891, 13.022530416473803 ], [ 77.654630113352155, 13.031563351855699 ], [ 77.663842860121179, 13.031468749790536 ], [ 77.663746244257027, 13.022435882209937 ], [ 77.654533830669891, 13.022530416473803 ] ] ] } },
{ "type": "Feature", "properties": { "grid_id": "BLR_00673", "centroid_lat": 13.035842613984201, "centroid_lon": 77.677710428876438 }, "geometry": { "type": "Polygon", "coordinates": [ [ [ 77.673055534045616, 13.031373820894069 ], [ 77.673152556174685, 13.040406613444981 ], [ 77.682365490411115, 13.040311289454815 ], [ 77.682268134874363, 13.031278565178324 ], [ 77.673055534045616, 13.031373820894069 ] ] ] } },
{ "type": "Feature", "properties": { "grid_id": "BLR_00674", "centroid_lat": 13.035937740369882, "centroid_lon": 77.668497624792849 }, "geometry": { "type": "Polygon", "coordinates": [ [ [ 77.663842860121179, 13.031468749790536 ], [ 77.663939548829902, 13.040501610381671 ], [ 77.673152556174685, 13.040406613444981 ], [ 77.673055534045616, 13.031373820894069 ], [ 77.663842860121179, 13.031468749790536 ] ] ] } },
{ "type": "Feature", "properties": { "grid_id": "BLR_00675", "centroid_lat": 13.036032539813167, "centroid_lon": 77.659284747732784 }, "geometry": { "type": "Polygon", "coordinates": [ [ [ 77.654630113352155, 13.031563351855699 ], [ 77.654726468627899, 13.040596280252853 ], [ 77.663939548829902, 13.040501610381671 ], [ 77.663842860121179, 13.031468749790536 ], [ 77.654630113352155, 13.031563351855699 ] ] ] } },
{ "type": "Feature", "properties": { "grid_id": "BLR_00676", "centroid_lat": 13.044875368927162, "centroid_lon": 77.677807654326315 }, "geometry": { "type": "Polygon", "coordinates": [ [ [ 77.673152556174685, 13.040406613444981 ], [ 77.673249651412121, 13.049439398997089 ], [ 77.682462919307341, 13.049344006727749 ], [ 77.682365490411115, 13.040311289454815 ], [ 77.673152556174685, 13.040406613444981 ] ] ] } },
{ "type": "Feature", "properties": { "grid_id": "BLR_00677", "centroid_lat": 13.01815508453628, "centroid_lon": 77.640667209912934 }, "geometry": { "type": "Polygon", "coordinates": [ [ [ 77.636013241801948, 13.013685427909696 ], [ 77.636108786003987, 13.022718505162345 ], [ 77.645321344501852, 13.022624624128586 ], [ 77.645225467343906, 13.013591614204147 ], [ 77.636013241801948, 13.013685427909696 ] ] ] } },
{ "type": "Feature", "properties": { "grid_id": "BLR_00678", "centroid_lat": 13.01806107391376, "centroid_lon": 77.649879565771045 }, "geometry": { "type": "Polygon", "coordinates": [ [ [ 77.645225467343906, 13.013591614204147 ], [ 77.645321344501852, 13.022624624128586 ], [ 77.654533830669891, 13.022530416473803 ], [ 77.654437620568544, 13.013497474111766 ], [ 77.645225467343906, 13.013591614204147 ] ] ] } },
{ "type": "Feature", "properties": { "grid_id": "BLR_00679", "centroid_lat": 13.018248768648927, "centroid_lon": 77.63145478185676 }, "geometry": { "type": "Polygon", "coordinates": [ [ [ 77.626800944193732, 13.013778915216538 ], [ 77.62689615542736, 13.02281205956319 ], [ 77.636108786003987, 13.022718505162345 ], [ 77.636013241801948, 13.013685427909696 ], [ 77.626800944193732, 13.013778915216538 ] ] ] } },
{ "type": "Feature", "properties": { "grid_id": "BLR_00680", "centroid_lat": 13.027188124668118, "centroid_lon": 77.640762956695056 }, "geometry": { "type": "Polygon", "coordinates": [ [ [ 77.636108786003987, 13.022718505162345 ], [ 77.636204402284775, 13.031751575444229 ], [ 77.645417293989652, 13.03165762707758 ], [ 77.645321344501852, 13.022624624128586 ], [ 77.636108786003987, 13.022718505162345 ] ] ] } },
{ "type": "Feature", "properties": { "grid_id": "BLR_00681", "centroid_lat": 13.027094046597949, "centroid_lon": 77.649975645628402 }, "geometry": { "type": "Polygon", "coordinates": [ [ [ 77.645321344501852, 13.022624624128586 ], [ 77.645417293989652, 13.03165762707758 ], [ 77.654630113352155, 13.031563351855699 ], [ 77.654533830669891, 13.022530416473803 ], [ 77.645321344501852, 13.022624624128586 ] ] ] } },
{ "type": "Feature", "properties": { "grid_id": "BLR_00682", "centroid_lat": 13.027281875994213, "centroid_lon": 77.631550195551185 }, "geometry": { "type": "Polygon", "coordinates": [ [ [ 77.62689615542736, 13.02281205956319 ], [ 77.626991438488645, 13.031845196943751 ], [ 77.636204402284775, 13.031751575444229 ], [ 77.636108786003987, 13.022718505162345 ], [ 77.62689615542736, 13.02281205956319 ] ] ] } },
{ "type": "Feature", "properties": { "grid_id": "BLR_00683", "centroid_lat": 13.036127012302051, "centroid_lon": 77.65007179794739 }, "geometry": { "type": "Polygon", "coordinates": [ [ [ 77.645417293989652, 13.03165762707758 ], [ 77.645513315819812, 13.040690623046535 ], [ 77.654726468627899, 13.040596280252853 ], [ 77.654630113352155, 13.031563351855699 ], [ 77.645417293989652, 13.03165762707758 ] ] ] } },
{ "type": "Feature", "properties": { "grid_id": "BLR_00684", "centroid_lat": 13.036221157824563, "centroid_lon": 77.640858775687761 }, "geometry": { "type": "Polygon", "coordinates": [ [ [ 77.636204402284775, 13.031751575444229 ], [ 77.636300090656817, 13.040784638750765 ], [ 77.645513315819812, 13.040690623046535 ], [ 77.645417293989652, 13.03165762707758 ], [ 77.636204402284775, 13.031751575444229 ] ] ] } },
{ "type": "Feature", "properties": { "grid_id": "BLR_00685", "centroid_lat": 13.036314976368784, "centroid_lon": 77.631645681205072 }, "geometry": { "type": "Polygon", "coordinates": [ [ [ 77.626991438488645, 13.031845196943751 ], [ 77.627086793390049, 13.040878327353632 ], [ 77.636300090656817, 13.040784638750765 ], [ 77.636204402284775, 13.031751575444229 ], [ 77.626991438488645, 13.031845196943751 ] ] ] } },
{ "type": "Feature", "properties": { "grid_id": "BLR_00686", "centroid_lat": 13.045159971021466, "centroid_lon": 77.650168022740587 }, "geometry": { "type": "Polygon", "coordinates": [ [ [ 77.645513315819812, 13.040690623046535 ], [ 77.645609410004909, 13.04972361203086 ], [ 77.654822896509728, 13.049629201660668 ], [ 77.654726468627899, 13.040596280252853 ], [ 77.645513315819812, 13.040690623046535 ] ] ] } },
{ "type": "Feature", "properties": { "grid_id": "BLR_00687", "centroid_lat": 12.930048378417318, "centroid_lon": 77.764560168210849 }, "geometry": { "type": "Polygon", "coordinates": [ [ [ 77.7640792868132, 12.931053003131057 ], [ 77.765430390245982, 12.93103868126223 ], [ 77.7654164, 12.9309932 ], [ 77.7653768, 12.9308263 ], [ 77.7652389, 12.9305442 ], [ 77.7651537, 12.9303697 ], [ 77.7651348, 12.9303311 ], [ 77.7650984, 12.9302566 ], [ 77.7650984, 12.9302564 ], [ 77.7650583, 12.9301382 ], [ 77.7649474, 12.9298105 ], [ 77.7649451, 12.9298036 ], [ 77.7647903, 12.9293465 ], [ 77.764717, 12.9291298 ], [ 77.7646299, 12.9288728 ], [ 77.7646756, 12.9288529 ], [ 77.7647415, 12.9288242 ], [ 77.7648351, 12.9287835 ], [ 77.7645988, 12.9287579 ], [ 77.7645914, 12.9287566 ], [ 77.7645906, 12.9287565 ], [ 77.764052994757478, 12.928665771277519 ], [ 77.7640792868132, 12.931053003131057 ] ] ] } },
{ "type": "Feature", "properties": { "grid_id": "BLR_00688", "centroid_lat": 12.935400153367594, "centroid_lon": 77.764965558708951 }, "geometry": { "type": "Polygon", "coordinates": [ [ [ 77.7640792868132, 12.931053003131057 ], [ 77.764178811494034, 12.940085179611822 ], [ 77.765521717482358, 12.940070934893456 ], [ 77.7655318, 12.9399772 ], [ 77.7655396, 12.9391501 ], [ 77.7655397, 12.9391464 ], [ 77.7655398, 12.9391366 ], [ 77.7655425, 12.9388454 ], [ 77.7655428, 12.9388106 ], [ 77.7655468, 12.9383929 ], [ 77.765549, 12.9381659 ], [ 77.7655477, 12.9381359 ], [ 77.7655229, 12.9375298 ], [ 77.7655139, 12.9373094 ], [ 77.7655082, 12.9371682 ], [ 77.7655034, 12.9370505 ], [ 77.765512, 12.9370309 ], [ 77.765514700000011, 12.9370246 ], [ 77.7655232, 12.937005 ], [ 77.7656136, 12.9367977 ], [ 77.7659959, 12.9359207 ], [ 77.7659966, 12.9359191 ], [ 77.7660511, 12.935794 ], [ 77.7660516, 12.9357929 ], [ 77.766059, 12.935776 ], [ 77.7661831, 12.9354912 ], [ 77.7664077, 12.934976 ], [ 77.7664129, 12.9349639 ], [ 77.7663899, 12.9349197 ], [ 77.7663211, 12.9347461 ], [ 77.7663205, 12.9347447 ], [ 77.766257, 12.9345845 ], [ 77.7657984, 12.9334275 ], [ 77.7657641, 12.933332 ], [ 77.7657175, 12.9328169 ], [ 77.7657133, 12.9327711 ], [ 77.7656811, 12.9324154 ], [ 77.7656682, 12.9322719 ], [ 77.7656504, 12.9320758 ], [ 77.7656032, 12.9318269 ], [ 77.7655576, 12.9315808 ], [ 77.7655511, 12.9315457 ], [ 77.7655508, 12.9315444 ], [ 77.7655125, 12.9313377 ], [ 77.7654977, 12.9312575 ], [ 77.765430390245982, 12.93103868126223 ], [ 77.7640792868132, 12.931053003131057 ] ] ] } },
{ "type": "Feature", "properties": { "grid_id": "BLR_00689", "centroid_lat": 12.944585686381297, "centroid_lon": 77.764817060326408 }, "geometry": { "type": "Polygon", "coordinates": [ [ [ 77.764178811494034, 12.940085179611822 ], [ 77.764278411650338, 12.949117349096603 ], [ 77.765252489315458, 12.949107010288362 ], [ 77.7652838, 12.9488633 ], [ 77.7652935, 12.9487873 ], [ 77.7655799, 12.9466197 ], [ 77.7655801, 12.9466177 ], [ 77.7655884, 12.9465554 ], [ 77.7655679, 12.9463112 ], [ 77.7655271, 12.9458237 ], [ 77.7655132, 12.945678 ], [ 77.7654901, 12.9454341 ], [ 77.76549, 12.9454333 ], [ 77.7654891, 12.945424 ], [ 77.7654809, 12.9453369 ], [ 77.7654772, 12.9452983 ], [ 77.7654752, 12.9452749 ], [ 77.7654749, 12.9452715 ], [ 77.7654655, 12.9451638 ], [ 77.7654564, 12.9450586 ], [ 77.765456, 12.945055 ], [ 77.7654558, 12.9450525 ], [ 77.7654555, 12.9450489 ], [ 77.7654449, 12.9449274 ], [ 77.7654429, 12.9449047 ], [ 77.7654272, 12.9447721 ], [ 77.765404600000011, 12.9445807 ], [ 77.7653674, 12.9442651 ], [ 77.7653631, 12.9442287 ], [ 77.7653471, 12.9440936 ], [ 77.7653216, 12.9438802 ], [ 77.7652649, 12.9434043 ], [ 77.765258, 12.9433516 ], [ 77.7651352, 12.9423887 ], [ 77.7652369, 12.9423271 ], [ 77.7652823, 12.9422996 ], [ 77.7653584, 12.9415907 ], [ 77.7653917, 12.9412808 ], [ 77.7654386, 12.9408442 ], [ 77.7654417, 12.9408159 ], [ 77.765445, 12.940785 ], [ 77.7654853, 12.9404095 ], [ 77.765521717482358, 12.940070934893456 ], [ 77.764178811494034, 12.940085179611822 ] ] ] } },
{ "type": "Feature", "properties": { "grid_id": "BLR_00690", "centroid_lat": 12.927082190670751, "centroid_lon": 77.749783693238939 }, "geometry": { "type": "Polygon", "coordinates": [ [ [ 77.745563858925152, 12.922215200439714 ], [ 77.745662647565226, 12.931247524324419 ], [ 77.754871004795206, 12.93115042579525 ], [ 77.754812949078854, 12.925860907117723 ], [ 77.7547192, 12.9258371 ], [ 77.7546722, 12.9258315 ], [ 77.754532, 12.9258149 ], [ 77.7543221, 12.9257901 ], [ 77.7534995, 12.9256183 ], [ 77.7529732, 12.9254922 ], [ 77.752373, 12.9253263 ], [ 77.7522725, 12.9252985 ], [ 77.7521858, 12.9249642 ], [ 77.752146, 12.9248109 ], [ 77.752114, 12.9246874 ], [ 77.7519877, 12.9242008 ], [ 77.7517684, 12.9233552 ], [ 77.7517361, 12.9232466 ], [ 77.7514519, 12.9223179 ], [ 77.751391753661721, 12.922153827442152 ], [ 77.745563858925152, 12.922215200439714 ] ] ] } },
{ "type": "Feature", "properties": { "grid_id": "BLR_00691", "centroid_lat": 12.92910455716871, "centroid_lon": 77.758810536419105 }, "geometry": { "type": "Polygon", "coordinates": [ [ [ 77.754871004795206, 12.93115042579525 ], [ 77.7640792868132, 12.931053003131057 ], [ 77.764052994757478, 12.928665771277519 ], [ 77.7638043, 12.9286238 ], [ 77.7637965, 12.9286225 ], [ 77.7632597, 12.9285319 ], [ 77.7630212, 12.9284916 ], [ 77.7623534, 12.9283789 ], [ 77.7618675, 12.9282029 ], [ 77.7608818, 12.9278332 ], [ 77.760496, 12.9276886 ], [ 77.7600112, 12.9275267 ], [ 77.7599096, 12.9274929 ], [ 77.7593144, 12.9272906 ], [ 77.7584361, 12.9270202 ], [ 77.7584176, 12.9270133 ], [ 77.7583908, 12.9270033 ], [ 77.7579028, 12.9267995 ], [ 77.7579009, 12.9267987 ], [ 77.7578688, 12.9267853 ], [ 77.7572666, 12.926535 ], [ 77.7570254, 12.9264348 ], [ 77.756996, 12.9264226 ], [ 77.7569776, 12.926415 ], [ 77.7566558, 12.9263137 ], [ 77.7565492, 12.9262671 ], [ 77.7565211, 12.9262548 ], [ 77.7553809, 12.9260051 ], [ 77.7552548, 12.9259731 ], [ 77.7551819, 12.9259546 ], [ 77.754812949078854, 12.925860907117723 ], [ 77.754871004795206, 12.93115042579525 ] ] ] } },
{ "type": "Feature", "properties": { "grid_id": "BLR_00692", "centroid_lat": 12.926779773485816, "centroid_lon": 77.741009119726598 }, "geometry": { "type": "Polygon", "coordinates": [ [ [ 77.736355757042205, 12.922311904966158 ], [ 77.736454215373783, 12.931344298706275 ], [ 77.745662647565226, 12.931247524324419 ], [ 77.745563858925152, 12.922215200439714 ], [ 77.736355757042205, 12.922311904966158 ] ] ] } },
{ "type": "Feature", "properties": { "grid_id": "BLR_00693", "centroid_lat": 12.935715157393389, "centroid_lon": 77.750316340617516 }, "geometry": { "type": "Polygon", "coordinates": [ [ [ 77.745662647565226, 12.931247524324419 ], [ 77.745761511166762, 12.940279841227481 ], [ 77.754970198942857, 12.940182672604131 ], [ 77.754871004795206, 12.93115042579525 ], [ 77.745662647565226, 12.931247524324419 ] ] ] } },
{ "type": "Feature", "properties": { "grid_id": "BLR_00694", "centroid_lat": 12.935812128838432, "centroid_lon": 77.741107780630529 }, "geometry": { "type": "Polygon", "coordinates": [ [ [ 77.736454215373783, 12.931344298706275 ], [ 77.736552748416315, 12.94037668546957 ], [ 77.745761511166762, 12.940279841227481 ], [ 77.745662647565226, 12.931247524324419 ], [ 77.736454215373783, 12.931344298706275 ] ] ] } },
{ "type": "Feature", "properties": { "grid_id": "BLR_00695", "centroid_lat": 12.935617861690197, "centroid_lon": 77.759524825511321 }, "geometry": { "type": "Polygon", "coordinates": [ [ [ 77.754871004795206, 12.93115042579525 ], [ 77.754970198942857, 12.940182672604131 ], [ 77.764178811494034, 12.940085179611822 ], [ 77.7640792868132, 12.931053003131057 ], [ 77.754871004795206, 12.93115042579525 ] ] ] } },
{ "type": "Feature", "properties": { "grid_id": "BLR_00696", "centroid_lat": 12.944650069868066, "centroid_lon": 77.759624222600678 }, "geometry": { "type": "Polygon", "coordinates": [ [ [ 77.754970198942857, 12.940182672604131 ], [ 77.755069468315455, 12.949214912421885 ], [ 77.764278411650338, 12.949117349096603 ], [ 77.764178811494034, 12.940085179611822 ], [ 77.754970198942857, 12.940182672604131 ] ] ] } },
{ "type": "Feature", "properties": { "grid_id": "BLR_00697", "centroid_lat": 12.944747435784832, "centroid_lon": 77.750415407041942 }, "geometry": { "type": "Polygon", "coordinates": [ [ [ 77.745761511166762, 12.940279841227481 ], [ 77.745860449742679, 12.949312151144262 ], [ 77.755069468315455, 12.949214912421885 ], [ 77.754970198942857, 12.940182672604131 ], [ 77.745761511166762, 12.940279841227481 ] ] ] } },
{ "type": "Feature", "properties": { "grid_id": "BLR_00698", "centroid_lat": 12.944844477209505, "centroid_lon": 77.74120651637709 }, "geometry": { "type": "Polygon", "coordinates": [ [ [ 77.736552748416315, 12.94037668546957 ], [ 77.73665135618262, 12.949409065251412 ], [ 77.745860449742679, 12.949312151144262 ], [ 77.745761511166762, 12.940279841227481 ], [ 77.736552748416315, 12.94037668546957 ] ] ] } },
{ "type": "Feature", "properties": { "grid_id": "BLR_00699", "centroid_lat": 12.953682271050063, "centroid_lon": 77.759723695046731 }, "geometry": { "type": "Polygon", "coordinates": [ [ [ 77.755069468315455, 12.949214912421885 ], [ 77.75516881292593, 12.958247145243876 ], [ 77.764378087295142, 12.958149511580755 ], [ 77.764278411650338, 12.949117349096603 ], [ 77.755069468315455, 12.949214912421885 ] ] ] } },
{ "type": "Feature", "properties": { "grid_id": "BLR_00700", "centroid_lat": 12.953779707185253, "centroid_lon": 77.750514548572482 }, "geometry": { "type": "Polygon", "coordinates": [ [ [ 77.745860449742679, 12.949312151144262 ], [ 77.74595946330588, 12.95834445407012 ], [ 77.75516881292593, 12.958247145243876 ], [ 77.755069468315455, 12.949214912421885 ], [ 77.745860449742679, 12.949312151144262 ] ] ] } },
{ "type": "Feature", "properties": { "grid_id": "BLR_00701", "centroid_lat": 12.95387681859439, "centroid_lon": 77.741305326979202 }, "geometry": { "type": "Polygon", "coordinates": [ [ [ 77.73665135618262, 12.949409065251412 ], [ 77.736750038685599, 12.958441438047162 ], [ 77.74595946330588, 12.95834445407012 ], [ 77.745860449742679, 12.949312151144262 ], [ 77.73665135618262, 12.949409065251412 ] ] ] } },
{ "type": "Feature", "properties": { "grid_id": "BLR_00702", "centroid_lat": 12.962714465231537, "centroid_lon": 77.759823242862453 }, "geometry": { "type": "Polygon", "coordinates": [ [ [ 77.75516881292593, 12.958247145243876 ], [ 77.755268232787273, 12.96727937106545 ], [ 77.764477838441422, 12.967181667059627 ], [ 77.764378087295142, 12.958149511580755 ], [ 77.75516881292593, 12.958247145243876 ] ] ] } },
{ "type": "Feature", "properties": { "grid_id": "BLR_00703", "centroid_lat": 12.962811971590009, "centroid_lon": 77.750613765222099 }, "geometry": { "type": "Polygon", "coordinates": [ [ [ 77.74595946330588, 12.95834445407012 ], [ 77.746058551869282, 12.967376750000412 ], [ 77.755268232787273, 12.96727937106545 ], [ 77.75516881292593, 12.958247145243876 ], [ 77.74595946330588, 12.95834445407012 ] ] ] } },
{ "type": "Feature", "properties": { "grid_id": "BLR_00704", "centroid_lat": 12.962909152988447, "centroid_lon": 77.741404212449723 }, "geometry": { "type": "Polygon", "coordinates": [ [ [ 77.736750038685599, 12.958441438047162 ], [ 77.736848795938144, 12.967473803852181 ], [ 77.746058551869282, 12.967376750000412 ], [ 77.74595946330588, 12.95834445407012 ], [ 77.736750038685599, 12.958441438047162 ] ] ] } },
{ "type": "Feature", "properties": { "grid_id": "BLR_00705", "centroid_lat": 12.971844228994458, "centroid_lon": 77.750713057003708 }, "geometry": { "type": "Polygon", "coordinates": [ [ [ 77.746058551869282, 12.967376750000412 ], [ 77.746157715445833, 12.976409038930502 ], [ 77.755367727912457, 12.976311589881965 ], [ 77.755268232787273, 12.96727937106545 ], [ 77.746058551869282, 12.967376750000412 ] ] ] } },
{ "type": "Feature", "properties": { "grid_id": "BLR_00706", "centroid_lat": 12.971746652407839, "centroid_lon": 77.759922866060862 }, "geometry": { "type": "Polygon", "coordinates": [ [ [ 77.755268232787273, 12.96727937106545 ], [ 77.755367727912457, 12.976311589881965 ], [ 77.764577665102237, 12.976213815528567 ], [ 77.764477838441422, 12.967181667059627 ], [ 77.755268232787273, 12.96727937106545 ] ] ] } },
{ "type": "Feature", "properties": { "grid_id": "BLR_00707", "centroid_lat": 12.97194148038704, "centroid_lon": 77.7415031728016 }, "geometry": { "type": "Polygon", "coordinates": [ [ [ 77.736848795938144, 12.967473803852181 ], [ 77.736947627953114, 12.976506162661838 ], [ 77.746157715445833, 12.976409038930502 ], [ 77.746058551869282, 12.967376750000412 ], [ 77.736848795938144, 12.967473803852181 ] ] ] } },
{ "type": "Feature", "properties": { "grid_id": "BLR_00708", "centroid_lat": 12.980778832574332, "centroid_lon": 77.760022564654946 }, "geometry": { "type": "Polygon", "coordinates": [ [ [ 77.755367727912457, 12.976311589881965 ], [ 77.755467298314471, 12.985343801688783 ], [ 77.764677567290619, 12.985245956982936 ], [ 77.764577665102237, 12.976213815528567 ], [ 77.755367727912457, 12.976311589881965 ] ] ] } },
{ "type": "Feature", "properties": { "grid_id": "BLR_00709", "centroid_lat": 12.98097380078554, "centroid_lon": 77.741602208047723 }, "geometry": { "type": "Polygon", "coordinates": [ [ [ 77.736947627953114, 12.976506162661838 ], [ 77.737046534743456, 12.985538514471495 ], [ 77.746256954048491, 12.985441320855754 ], [ 77.746157715445833, 12.976409038930502 ], [ 77.736947627953114, 12.976506162661838 ] ] ] } },
{ "type": "Feature", "properties": { "grid_id": "BLR_00710", "centroid_lat": 12.954070067185352, "centroid_lon": 77.722886659437975 }, "geometry": { "type": "Polygon", "coordinates": [ [ [ 77.718232945103139, 12.949601919571014 ], [ 77.71833096544708, 12.958634431404578 ], [ 77.727540539315783, 12.958538097162725 ], [ 77.727442187885899, 12.949505654731073 ], [ 77.718232945103139, 12.949601919571014 ] ] ] } },
{ "type": "Feature", "properties": { "grid_id": "BLR_00711", "centroid_lat": 12.954166204342714, "centroid_lon": 77.71367721399136 }, "geometry": { "type": "Polygon", "coordinates": [ [ [ 77.709023628084978, 12.949697859759048 ], [ 77.709121317330187, 12.958730440760517 ], [ 77.71833096544708, 12.958634431404578 ], [ 77.718232945103139, 12.949601919571014 ], [ 77.709023628084978, 12.949697859759048 ] ] ] } },
{ "type": "Feature", "properties": { "grid_id": "BLR_00712", "centroid_lat": 12.963006009414544, "centroid_lon": 77.732194584796019 }, "geometry": { "type": "Polygon", "coordinates": [ [ [ 77.727540539315783, 12.958538097162725 ], [ 77.727638965244537, 12.967570532608471 ], [ 77.736848795938144, 12.967473803852181 ], [ 77.736750038685599, 12.958441438047162 ], [ 77.727540539315783, 12.958538097162725 ] ] ] } },
{ "type": "Feature", "properties": { "grid_id": "BLR_00713", "centroid_lat": 12.963102540856037, "centroid_lon": 77.722984882511668 }, "geometry": { "type": "Polygon", "coordinates": [ [ [ 77.71833096544708, 12.958634431404578 ], [ 77.718429060039227, 12.967666936257032 ], [ 77.727638965244537, 12.967570532608471 ], [ 77.727540539315783, 12.958538097162725 ], [ 77.71833096544708, 12.958634431404578 ] ] ] } },
{ "type": "Feature", "properties": { "grid_id": "BLR_00714", "centroid_lat": 12.963198747300702, "centroid_lon": 77.713775105847347 }, "geometry": { "type": "Polygon", "coordinates": [ [ [ 77.709121317330187, 12.958730440760517 ], [ 77.709219080572908, 12.967763014785659 ], [ 77.718429060039227, 12.967666936257032 ], [ 77.71833096544708, 12.958634431404578 ], [ 77.709121317330187, 12.958730440760517 ] ] ] } },
{ "type": "Feature", "properties": { "grid_id": "BLR_00715", "centroid_lat": 12.972135007540896, "centroid_lon": 77.7230831799653 }, "geometry": { "type": "Polygon", "coordinates": [ [ [ 77.718429060039227, 12.967666936257032 ], [ 77.71852722889237, 12.976699434123748 ], [ 77.727737465685038, 12.976602961063673 ], [ 77.727638965244537, 12.967570532608471 ], [ 77.718429060039227, 12.967666936257032 ] ] ] } },
{ "type": "Feature", "properties": { "grid_id": "BLR_00716", "centroid_lat": 12.972038406573279, "centroid_lon": 77.732293213705219 }, "geometry": { "type": "Polygon", "coordinates": [ [ [ 77.727638965244537, 12.967570532608471 ], [ 77.727737465685038, 12.976602961063673 ], [ 77.736947627953114, 12.976506162661838 ], [ 77.736848795938144, 12.967473803852181 ], [ 77.727638965244537, 12.967570532608471 ] ] ] } },
{ "type": "Feature", "properties": { "grid_id": "BLR_00717", "centroid_lat": 12.972231283277662, "centroid_lon": 77.713873071832595 }, "geometry": { "type": "Polygon", "coordinates": [ [ [ 77.709219080572908, 12.967763014785659 ], [ 77.709316917825888, 12.976795581829856 ], [ 77.71852722889237, 12.976699434123748 ], [ 77.718429060039227, 12.967666936257032 ], [ 77.709219080572908, 12.967763014785659 ] ] ] } },
{ "type": "Feature", "properties": { "grid_id": "BLR_00718", "centroid_lat": 12.981070796736747, "centroid_lon": 77.732391917257942 }, "geometry": { "type": "Polygon", "coordinates": [ [ [ 77.727737465685038, 12.976602961063673 ], [ 77.727836040650146, 12.985635382523702 ], [ 77.737046534743456, 12.985538514471495 ], [ 77.736947627953114, 12.976506162661838 ], [ 77.727737465685038, 12.976602961063673 ] ] ] } },
{ "type": "Feature", "properties": { "grid_id": "BLR_00719", "centroid_lat": 12.981263812268976, "centroid_lon": 77.713971111959893 }, "geometry": { "type": "Polygon", "coordinates": [ [ [ 77.709316917825888, 12.976795581829856 ], [ 77.709414829101917, 12.985828141888483 ], [ 77.718625472019355, 12.985731925000104 ], [ 77.71852722889237, 12.976699434123748 ], [ 77.709316917825888, 12.976795581829856 ] ] ] } },
{ "type": "Feature", "properties": { "grid_id": "BLR_00720", "centroid_lat": 12.951637290685591, "centroid_lon": 77.764594817875846 }, "geometry": { "type": "Polygon", "coordinates": [ [ [ 77.764278411650338, 12.949117349096603 ], [ 77.764378087295142, 12.958149511580755 ], [ 77.764481431810907, 12.958148414109003 ], [ 77.7644769, 12.9581168 ], [ 77.7643874, 12.957402 ], [ 77.7643876, 12.9573302 ], [ 77.7643876, 12.9573201 ], [ 77.764389900000012, 12.9567339 ], [ 77.7643903, 12.956622 ], [ 77.7643904, 12.9565975 ], [ 77.7643938, 12.9561285 ], [ 77.7644188, 12.9560562 ], [ 77.7644302, 12.9560235 ], [ 77.764467, 12.9559738 ], [ 77.7644963, 12.9559341 ], [ 77.7644994, 12.9559278 ], [ 77.7645216, 12.9558827 ], [ 77.7645873, 12.95575 ], [ 77.7646232, 12.9556775 ], [ 77.7646091, 12.9554757 ], [ 77.7646049, 12.9553825 ], [ 77.7646036, 12.9553523 ], [ 77.7645962, 12.9551868 ], [ 77.7645439, 12.9544993 ], [ 77.7645451, 12.9537924 ], [ 77.76457, 12.9529193 ], [ 77.7645504, 12.9522124 ], [ 77.7646004, 12.9520592 ], [ 77.7647079, 12.9515748 ], [ 77.7649604, 12.9512074 ], [ 77.7649851, 12.9511714 ], [ 77.7649852, 12.951165 ], [ 77.7649873, 12.9508838 ], [ 77.7649877, 12.9508288 ], [ 77.764989900000018, 12.9505387 ], [ 77.7649985, 12.9505084 ], [ 77.7651157, 12.9501013 ], [ 77.7652136, 12.9493779 ], [ 77.7652182, 12.9493745 ], [ 77.7652362, 12.9492338 ], [ 77.765252489315458, 12.949107010288362 ], [ 77.764278411650338, 12.949117349096603 ] ] ] } },
{ "type": "Feature", "properties": { "grid_id": "BLR_00721", "centroid_lat": 12.96676808280492, "centroid_lon": 77.783405142103078 }, "geometry": { "type": "Polygon", "coordinates": [ [ [ 77.782896822955507, 12.966985283884906 ], [ 77.784026846487805, 12.966973193140495 ], [ 77.7840286, 12.9668906 ], [ 77.7840639, 12.9667302 ], [ 77.783816, 12.9666354 ], [ 77.7837363, 12.966621 ], [ 77.7834539, 12.96657 ], [ 77.7830559, 12.9664849 ], [ 77.7829559, 12.9664578 ], [ 77.782890760362164, 12.966440159528309 ], [ 77.782896822955507, 12.966985283884906 ] ] ] } },
{ "type": "Feature", "properties": { "grid_id": "BLR_00722", "centroid_lat": 12.966724716327619, "centroid_lon": 77.778331708989256 }, "geometry": { "type": "MultiPolygon", "coordinates": [ [ [ [ 77.782896822955507, 12.966985283884906 ], [ 77.782890760362164, 12.966440159528309 ], [ 77.7825859, 12.9663576 ], [ 77.7825119, 12.9663267 ], [ 77.7823724, 12.9662685 ], [ 77.782223, 12.9662068 ], [ 77.7821235, 12.9661657 ], [ 77.7820717, 12.9661778 ], [ 77.7820461, 12.9661837 ], [ 77.7820417, 12.9661848 ], [ 77.7819772, 12.9662084 ], [ 77.7818772, 12.9662638 ], [ 77.7818229, 12.9662939 ], [ 77.7817832, 12.9663159 ], [ 77.7816422, 12.9665168 ], [ 77.7814464, 12.9667958 ], [ 77.7813106, 12.9668864 ], [ 77.781264, 12.9669175 ], [ 77.7812231, 12.9669448 ], [ 77.781013898902458, 12.967005419428908 ], [ 77.782896822955507, 12.966985283884906 ] ] ], [ [ [ 77.779642552685402, 12.967020075707904 ], [ 77.7793013, 12.9669059 ], [ 77.7792156, 12.966883 ], [ 77.7789787, 12.9668197 ], [ 77.7789455, 12.9668176 ], [ 77.7788279, 12.9668098 ], [ 77.7787964, 12.9668078 ], [ 77.7787911, 12.9668074 ], [ 77.7787867, 12.9668154 ], [ 77.778772, 12.9668424 ], [ 77.7787046, 12.9669663 ], [ 77.778692855597683, 12.967030221372452 ], [ 77.779642552685402, 12.967020075707904 ] ] ], [ [ [ 77.773687368581065, 12.967083637995305 ], [ 77.775529135295201, 12.967063994565947 ], [ 77.7752641, 12.9669039 ], [ 77.7752239, 12.9668596 ], [ 77.7751948, 12.9668276 ], [ 77.775068, 12.9666884 ], [ 77.7748611, 12.9666095 ], [ 77.774781, 12.9665789 ], [ 77.7747616, 12.9665761 ], [ 77.7746887, 12.9665656 ], [ 77.7746647, 12.9665622 ], [ 77.7746315, 12.9665574 ], [ 77.7746211, 12.9665543 ], [ 77.7745999, 12.966548 ], [ 77.7745425, 12.9665313 ], [ 77.7744563, 12.9665064 ], [ 77.7744389, 12.9665013 ], [ 77.7744164, 12.9664948 ], [ 77.7742412, 12.9664441 ], [ 77.774203, 12.9664331 ], [ 77.7741979, 12.9664286 ], [ 77.7740639, 12.9663124 ], [ 77.7739594, 12.9662632 ], [ 77.773676799052339, 12.966130098478281 ], [ 77.773687368581065, 12.967083637995305 ] ] ] ] } },
{ "type": "Feature", "properties": { "grid_id": "BLR_00723", "centroid_lat": 12.963980591501652, "centroid_lon": 77.767712361919152 }, "geometry": { "type": "Polygon", "coordinates": [ [ [ 77.764378087295142, 12.958149511580755 ], [ 77.764477838441422, 12.967181667059627 ], [ 77.773687368581065, 12.967083637995305 ], [ 77.773676799052339, 12.966130098478281 ], [ 77.773635400000018, 12.9661106 ], [ 77.7736172, 12.9661087 ], [ 77.7735983, 12.9661066 ], [ 77.7735289, 12.9660991 ], [ 77.7734982, 12.9660848 ], [ 77.7734955, 12.9660836 ], [ 77.7734587, 12.9660797 ], [ 77.7733474, 12.966068 ], [ 77.7733348, 12.9660666 ], [ 77.7731469, 12.9660468 ], [ 77.7730384, 12.9660353 ], [ 77.773018, 12.9660331 ], [ 77.7728948, 12.9660197 ], [ 77.7728149, 12.966011 ], [ 77.7724477, 12.9659711 ], [ 77.7721897, 12.965943 ], [ 77.7721835, 12.9659424 ], [ 77.7720859, 12.9659318 ], [ 77.7720736, 12.9659173 ], [ 77.772052, 12.9658918 ], [ 77.7713214, 12.9650299 ], [ 77.7712876, 12.96499 ], [ 77.7712579, 12.964946 ], [ 77.7712011, 12.9648619 ], [ 77.7707659, 12.9642211 ], [ 77.7706962, 12.9639507 ], [ 77.7706395, 12.9637311 ], [ 77.7706172, 12.9636444 ], [ 77.7706031, 12.9635896 ], [ 77.7705905, 12.9635408 ], [ 77.7705061, 12.9632134 ], [ 77.7706212, 12.9632146 ], [ 77.7706282, 12.9631501 ], [ 77.770641600000019, 12.9630256 ], [ 77.770642800000019, 12.9630146 ], [ 77.7706575, 12.9628785 ], [ 77.7705456, 12.9628938 ], [ 77.7705064, 12.9628992 ], [ 77.770428600000017, 12.9629099 ], [ 77.7703745, 12.9629173 ], [ 77.7703736, 12.9629027 ], [ 77.7703668, 12.962796 ], [ 77.7703618, 12.9627175 ], [ 77.7703603, 12.9626938 ], [ 77.7703445, 12.9626632 ], [ 77.7703327, 12.9626401 ], [ 77.7701891, 12.9623601 ], [ 77.7701566, 12.9622968 ], [ 77.7701101, 12.9622061 ], [ 77.7699919, 12.9619757 ], [ 77.7699521, 12.9618981 ], [ 77.769848700000011, 12.9618631 ], [ 77.7697638, 12.9618343 ], [ 77.7697406, 12.9618264 ], [ 77.7693275, 12.9616865 ], [ 77.7692615, 12.9616782 ], [ 77.7690788, 12.9616554 ], [ 77.7689531, 12.9616398 ], [ 77.7687166, 12.9614672 ], [ 77.7685642, 12.9613559 ], [ 77.7685521, 12.961347 ], [ 77.76839080000002, 12.9612294 ], [ 77.7681748, 12.960561 ], [ 77.7681447, 12.9604679 ], [ 77.7679889, 12.9604068 ], [ 77.7674956, 12.9602133 ], [ 77.7674909, 12.9602022 ], [ 77.767461700000013, 12.9601337 ], [ 77.767245, 12.959624 ], [ 77.7672167, 12.9595575 ], [ 77.7672036, 12.9595269 ], [ 77.7671023, 12.9594877 ], [ 77.7670723, 12.9594761 ], [ 77.7670582, 12.9594707 ], [ 77.7670468, 12.9594662 ], [ 77.7670461, 12.959466 ], [ 77.7670429, 12.9594811 ], [ 77.7670423, 12.9594808 ], [ 77.7670167, 12.9594705 ], [ 77.7670087, 12.9595121 ], [ 77.7670007, 12.9595536 ], [ 77.7669906, 12.9595556 ], [ 77.766959, 12.9595617 ], [ 77.7669528, 12.9595629 ], [ 77.766879, 12.9595774 ], [ 77.7669195, 12.9594251 ], [ 77.766852, 12.9593924 ], [ 77.7667055, 12.9593215 ], [ 77.7666999, 12.9593188 ], [ 77.7666668, 12.9593314 ], [ 77.766513, 12.9593902 ], [ 77.766294, 12.9594683 ], [ 77.7662418, 12.9594869 ], [ 77.7661924, 12.9595045 ], [ 77.76603750000001, 12.9595598 ], [ 77.7660341, 12.959561 ], [ 77.7657404, 12.9596654 ], [ 77.7655334, 12.9597391 ], [ 77.7652087, 12.9598462 ], [ 77.7650014, 12.9599146 ], [ 77.764955, 12.9599299 ], [ 77.7649433, 12.9598762 ], [ 77.7649423, 12.9598717 ], [ 77.764864100000011, 12.9595147 ], [ 77.7648303, 12.959504 ], [ 77.7648056, 12.9594962 ], [ 77.7647997, 12.9594943 ], [ 77.7647243, 12.9594705 ], [ 77.7646684, 12.9594527 ], [ 77.764481431810907, 12.958148414109003 ], [ 77.764378087295142, 12.958149511580755 ] ] ] } },
{ "type": "Feature", "properties": { "grid_id": "BLR_00724", "centroid_lat": 12.97057923481429, "centroid_lon": 77.777335334638281 }, "geometry": { "type": "Polygon", "coordinates": [ [ [ 77.782896822955507, 12.966985283884906 ], [ 77.781013898902458, 12.967005419428908 ], [ 77.7809622, 12.9670204 ], [ 77.7809074, 12.9670363 ], [ 77.7808433, 12.9670494 ], [ 77.7807977, 12.9670587 ], [ 77.7807531, 12.9670678 ], [ 77.78067750000001, 12.9670832 ], [ 77.7806451, 12.9670898 ], [ 77.7804124, 12.9670834 ], [ 77.7802384, 12.9670787 ], [ 77.7800088, 12.9670959 ], [ 77.7798949, 12.9671044 ], [ 77.779703, 12.9670403 ], [ 77.779642552685402, 12.967020075707904 ], [ 77.778692855597683, 12.967030221372452 ], [ 77.7786662, 12.9671753 ], [ 77.7787494, 12.9673628 ], [ 77.7788445, 12.9676543 ], [ 77.778679, 12.9677368 ], [ 77.7786393, 12.9677566 ], [ 77.7785046, 12.9678238 ], [ 77.7777806, 12.9680996 ], [ 77.7776381, 12.9681538 ], [ 77.7776323, 12.968156 ], [ 77.7776292, 12.9681572 ], [ 77.7776188, 12.9681538 ], [ 77.7775981, 12.9681471 ], [ 77.7775839, 12.9681425 ], [ 77.7775785, 12.9681407 ], [ 77.7775082, 12.9681177 ], [ 77.7774565, 12.9681009 ], [ 77.7774288, 12.9680918 ], [ 77.7774329, 12.9680909 ], [ 77.7774405, 12.9680893 ], [ 77.7774375, 12.9680556 ], [ 77.7774305, 12.9679775 ], [ 77.7774167, 12.9678234 ], [ 77.7773513, 12.9678095 ], [ 77.7773342, 12.9678059 ], [ 77.7773117, 12.9678012 ], [ 77.777296300000017, 12.9677979 ], [ 77.7769403, 12.9677231 ], [ 77.7769237, 12.9677196 ], [ 77.7769001, 12.9677147 ], [ 77.77685, 12.9677043 ], [ 77.7767891, 12.9676916 ], [ 77.776709, 12.9676749 ], [ 77.7766571, 12.9676576 ], [ 77.776653, 12.9676563 ], [ 77.7765621, 12.9676261 ], [ 77.7763463, 12.9675544 ], [ 77.7763083, 12.9675349 ], [ 77.7761925, 12.9674646 ], [ 77.7761801, 12.9674571 ], [ 77.7759954, 12.967345 ], [ 77.7759445, 12.9673142 ], [ 77.7758742, 12.9672717 ], [ 77.775801, 12.9672275 ], [ 77.77578290000001, 12.9672173 ], [ 77.7757778, 12.9672142 ], [ 77.775529135295201, 12.967063994565947 ], [ 77.773687368581065, 12.967083637995305 ], [ 77.77378752676448, 12.976115715882683 ], [ 77.776583377161458, 12.976085871116362 ], [ 77.7765049, 12.9759774 ], [ 77.776402, 12.9756917 ], [ 77.7762666, 12.9753165 ], [ 77.7762017, 12.9751374 ], [ 77.7762114, 12.9750697 ], [ 77.7762162, 12.975036 ], [ 77.7762225, 12.9749921 ], [ 77.7762301, 12.9749385 ], [ 77.7762413, 12.97486 ], [ 77.77625, 12.9747993 ], [ 77.7762514, 12.9747896 ], [ 77.776397, 12.9746002 ], [ 77.7764383, 12.9745464 ], [ 77.7764934, 12.9745178 ], [ 77.7765422, 12.9744925 ], [ 77.7765524, 12.9744872 ], [ 77.7766163, 12.9743705 ], [ 77.776658, 12.9742944 ], [ 77.7767707, 12.9740885 ], [ 77.776785, 12.9740625 ], [ 77.777093, 12.973779 ], [ 77.7774604, 12.9735944 ], [ 77.7774983, 12.9735753 ], [ 77.7775154, 12.9735667 ], [ 77.7777796, 12.9734466 ], [ 77.7779314, 12.9733293 ], [ 77.7779629, 12.973305 ], [ 77.7779862, 12.9732681 ], [ 77.7781101, 12.9730723 ], [ 77.7782271, 12.9729625 ], [ 77.7782697, 12.9729226 ], [ 77.7782779, 12.9729149 ], [ 77.7785446, 12.9728776 ], [ 77.778692, 12.9728401 ], [ 77.7787729, 12.9728196 ], [ 77.7787959, 12.9728138 ], [ 77.7788708, 12.972644 ], [ 77.7789238, 12.9725239 ], [ 77.7789793, 12.9721809 ], [ 77.7789807, 12.9721724 ], [ 77.7789595, 12.972119 ], [ 77.778833800000015, 12.9718021 ], [ 77.7786193, 12.971289 ], [ 77.7785293, 12.9708715 ], [ 77.7785279, 12.9708649 ], [ 77.7785659, 12.9707559 ], [ 77.7786284, 12.9705769 ], [ 77.7786687, 12.9705413 ], [ 77.7788027, 12.970423 ], [ 77.7788237, 12.9704044 ], [ 77.7791795, 12.9702437 ], [ 77.7792008, 12.9702341 ], [ 77.7794887, 12.9701358 ], [ 77.7796991, 12.9700965 ], [ 77.779744400000013, 12.970088 ], [ 77.7798783, 12.970063 ], [ 77.7803462, 12.9699309 ], [ 77.7804701, 12.9699876 ], [ 77.7805048, 12.9700198 ], [ 77.7806683, 12.9701717 ], [ 77.7808238, 12.9703161 ], [ 77.7808279, 12.9703199 ], [ 77.7808719, 12.9703722 ], [ 77.7811641, 12.970719 ], [ 77.7812255, 12.9707355 ], [ 77.7813277, 12.9707631 ], [ 77.7815406, 12.9708206 ], [ 77.7815527, 12.9708216 ], [ 77.7819556, 12.9708557 ], [ 77.7822051, 12.9708574 ], [ 77.7826231, 12.9709101 ], [ 77.7828936, 12.9709443 ], [ 77.78294078777779, 12.970937680924035 ], [ 77.782896822955507, 12.966985283884906 ] ] ] } },
{ "type": "Feature", "properties": { "grid_id": "BLR_00725", "centroid_lat": 12.968573493866176, "centroid_lon": 77.783344749253985 }, "geometry": { "type": "Polygon", "coordinates": [ [ [ 77.782896822955507, 12.966985283884906 ], [ 77.78294078777779, 12.970937680924035 ], [ 77.783203, 12.9709009 ], [ 77.7833517, 12.970654 ], [ 77.7833912, 12.9705884 ], [ 77.7833952, 12.9705597 ], [ 77.7834587, 12.9701032 ], [ 77.7834587, 12.9701031 ], [ 77.783470400000013, 12.9700186 ], [ 77.7835043, 12.9697755 ], [ 77.7835789, 12.9692418 ], [ 77.7835832, 12.9692112 ], [ 77.7835874, 12.9691812 ], [ 77.7835884, 12.9691783 ], [ 77.7837442, 12.9687431 ], [ 77.7837919, 12.9684961 ], [ 77.7838851, 12.9682821 ], [ 77.7839224, 12.9681063 ], [ 77.783956, 12.9679475 ], [ 77.7839639, 12.9678944 ], [ 77.7839643, 12.9678917 ], [ 77.7839682, 12.9678654 ], [ 77.7840146, 12.9675542 ], [ 77.7840227, 12.9671685 ], [ 77.784026846487805, 12.966973193140495 ], [ 77.782896822955507, 12.966985283884906 ] ] ] } },
{ "type": "Feature", "properties": { "grid_id": "BLR_00726", "centroid_lat": 12.971648750639543, "centroid_lon": 77.769132599722312 }, "geometry": { "type": "Polygon", "coordinates": [ [ [ 77.764477838441422, 12.967181667059627 ], [ 77.764577665102237, 12.976213815528567 ], [ 77.77378752676448, 12.976115715882683 ], [ 77.773687368581065, 12.967083637995305 ], [ 77.764477838441422, 12.967181667059627 ] ] ] } },
{ "type": "Feature", "properties": { "grid_id": "BLR_00727", "centroid_lat": 12.980680860339024, "centroid_lon": 77.769232629970887 }, "geometry": { "type": "Polygon", "coordinates": [ [ [ 77.764577665102237, 12.976213815528567 ], [ 77.764677567290619, 12.985245956982936 ], [ 77.773887760726168, 12.985147786750597 ], [ 77.77378752676448, 12.976115715882683 ], [ 77.764577665102237, 12.976213815528567 ] ] ] } },
{ "type": "Feature", "properties": { "grid_id": "BLR_00728", "centroid_lat": 12.980876479393958, "centroid_lon": 77.750812423930327 }, "geometry": { "type": "Polygon", "coordinates": [ [ [ 77.746157715445833, 12.976409038930502 ], [ 77.746256954048491, 12.985441320855754 ], [ 77.755467298314471, 12.985343801688783 ], [ 77.755367727912457, 12.976311589881965 ], [ 77.746157715445833, 12.976409038930502 ] ] ] } },
{ "type": "Feature", "properties": { "grid_id": "BLR_00729", "centroid_lat": 12.989908722783872, "centroid_lon": 77.750911866014874 }, "geometry": { "type": "Polygon", "coordinates": [ [ [ 77.746256954048491, 12.985441320855754 ], [ 77.746356267690203, 12.994473595771522 ], [ 77.755566944006318, 12.994376006481259 ], [ 77.755467298314471, 12.985343801688783 ], [ 77.746256954048491, 12.985441320855754 ] ] ] } },
{ "type": "Feature", "properties": { "grid_id": "BLR_00730", "centroid_lat": 12.98981100572637, "centroid_lon": 77.760122338657766 }, "geometry": { "type": "Polygon", "coordinates": [ [ [ 77.755467298314471, 12.985343801688783 ], [ 77.755566944006318, 12.994376006481259 ], [ 77.764777545019598, 12.994278091418083 ], [ 77.764677567290619, 12.985245956982936 ], [ 77.755467298314471, 12.985343801688783 ] ] ] } },
{ "type": "Feature", "properties": { "grid_id": "BLR_00731", "centroid_lat": 12.990006114179296, "centroid_lon": 77.741701318201038 }, "geometry": { "type": "Polygon", "coordinates": [ [ [ 77.737046534743456, 12.985538514471495 ], [ 77.737145516322045, 12.994570859276516 ], [ 77.746356267690203, 12.994473595771522 ], [ 77.746256954048491, 12.985441320855754 ], [ 77.737046534743456, 12.985538514471495 ] ] ] } },
{ "type": "Feature", "properties": { "grid_id": "BLR_00732", "centroid_lat": 12.998940959159553, "centroid_lon": 77.751011383270381 }, "geometry": { "type": "Polygon", "coordinates": [ [ [ 77.746356267690203, 12.994473595771522 ], [ 77.746455656383944, 13.003505863673174 ], [ 77.75566666500103, 13.00340820425475 ], [ 77.755566944006318, 12.994376006481259 ], [ 77.746356267690203, 12.994473595771522 ] ] ] } },
{ "type": "Feature", "properties": { "grid_id": "BLR_00733", "centroid_lat": 12.998825674417215, "centroid_lon": 77.760208339047836 }, "geometry": { "type": "Polygon", "coordinates": [ [ [ 77.764877598302249, 13.003310218829363 ], [ 77.764777545019598, 12.994278091418083 ], [ 77.755566944006318, 12.994376006481259 ], [ 77.75566666500103, 13.00340820425475 ], [ 77.763117939987723, 13.003328963234933 ], [ 77.7631403, 13.003299 ], [ 77.7632262, 13.0031638 ], [ 77.7633111, 13.0030577 ], [ 77.7633377, 13.0030245 ], [ 77.763355, 13.0030028 ], [ 77.7633971, 13.0029501 ], [ 77.7634269, 13.0029106 ], [ 77.7633617, 13.0028514 ], [ 77.7632581, 13.0027574 ], [ 77.7632374, 13.002743 ], [ 77.7633416, 13.0026042 ], [ 77.763491, 13.0027128 ], [ 77.7637985, 13.0029364 ], [ 77.7639098, 13.0030173 ], [ 77.7640619, 13.0031278 ], [ 77.7638709, 13.0032393 ], [ 77.763895328454154, 13.003320683731639 ], [ 77.764877598302249, 13.003310218829363 ] ] ] } },
{ "type": "Feature", "properties": { "grid_id": "BLR_00734", "centroid_lat": 12.99903842056368, "centroid_lon": 77.741800503274519 }, "geometry": { "type": "Polygon", "coordinates": [ [ [ 77.737145516322045, 12.994570859276516 ], [ 77.737244572701854, 13.00360319707227 ], [ 77.746455656383944, 13.003505863673174 ], [ 77.746356267690203, 12.994473595771522 ], [ 77.737145516322045, 12.994570859276516 ] ] ] } },
{ "type": "Feature", "properties": { "grid_id": "BLR_00735", "centroid_lat": 13.007196971825362, "centroid_lon": 77.75093800841249 }, "geometry": { "type": "Polygon", "coordinates": [ [ [ 77.75566666500103, 13.00340820425475 ], [ 77.746455656383944, 13.003505863673174 ], [ 77.746493220857332, 13.006917879279413 ], [ 77.7468234, 13.006823 ], [ 77.7468288, 13.0068215 ], [ 77.7468341, 13.0068198 ], [ 77.7468616, 13.006811 ], [ 77.7468829, 13.0068043 ], [ 77.7469993, 13.006813 ], [ 77.7470852, 13.0068195 ], [ 77.747086, 13.0068281 ], [ 77.7470961, 13.006929 ], [ 77.7471027, 13.0069956 ], [ 77.7471104, 13.0070339 ], [ 77.7471119, 13.0070411 ], [ 77.7471423, 13.0071917 ], [ 77.7470524, 13.007195 ], [ 77.7469706, 13.0071981 ], [ 77.7468664, 13.007202 ], [ 77.7468674, 13.0072311 ], [ 77.7468698, 13.0072991 ], [ 77.7468701, 13.0073077 ], [ 77.7468715, 13.0073484 ], [ 77.7468746, 13.0074364 ], [ 77.7468763, 13.0074834 ], [ 77.7468773, 13.0075126 ], [ 77.7468805, 13.0076041 ], [ 77.746884, 13.0077029 ], [ 77.7468845, 13.0077176 ], [ 77.7468811, 13.0078478 ], [ 77.7469146, 13.0079798 ], [ 77.7469406, 13.0080669 ], [ 77.7469459, 13.0083709 ], [ 77.7469487, 13.0085409 ], [ 77.7469494, 13.0086519 ], [ 77.74695, 13.0093463 ], [ 77.74694980000001, 13.0095676 ], [ 77.7469657, 13.0095773 ], [ 77.7470294, 13.0096163 ], [ 77.7470424, 13.0096335 ], [ 77.7470602, 13.0096571 ], [ 77.7471029, 13.0097136 ], [ 77.747157, 13.0097851 ], [ 77.7471981, 13.0098395 ], [ 77.7471633, 13.0099697 ], [ 77.7471548, 13.0100015 ], [ 77.7471209, 13.0101286 ], [ 77.7471146, 13.0101547 ], [ 77.7471047, 13.0101949 ], [ 77.7470293, 13.0105046 ], [ 77.746989, 13.0104962 ], [ 77.7468932, 13.0104761 ], [ 77.7469391, 13.0106438 ], [ 77.7469831, 13.0108044 ], [ 77.7470194, 13.0109375 ], [ 77.7471097, 13.0112684 ], [ 77.7472174, 13.011663 ], [ 77.7474516, 13.0115963 ], [ 77.747795700000012, 13.0114982 ], [ 77.7478369, 13.0122329 ], [ 77.747862526759903, 13.012524273281475 ], [ 77.748280999703269, 13.012519838392313 ], [ 77.7482824, 13.0125191 ], [ 77.7487191, 13.0122933 ], [ 77.7487865, 13.0122585 ], [ 77.7488944, 13.0122032 ], [ 77.7491257, 13.0120849 ], [ 77.7492136, 13.01204 ], [ 77.7494593, 13.0118053 ], [ 77.7495986, 13.0116813 ], [ 77.7496637, 13.0116234 ], [ 77.7496248, 13.0115137 ], [ 77.7498361, 13.011348 ], [ 77.7500656, 13.0113174 ], [ 77.7503301, 13.0112821 ], [ 77.7503319, 13.0112818 ], [ 77.7506283, 13.0112762 ], [ 77.750684, 13.011299 ], [ 77.7507122, 13.0113105 ], [ 77.7507671, 13.011333 ], [ 77.7508688, 13.0113746 ], [ 77.751037100000019, 13.0113071 ], [ 77.7512925, 13.0112046 ], [ 77.7518797, 13.0108817 ], [ 77.7519711, 13.0108315 ], [ 77.7523016, 13.0107481 ], [ 77.7524373, 13.0107117 ], [ 77.7524969, 13.0106764 ], [ 77.7527545, 13.010524 ], [ 77.7528198, 13.0104854 ], [ 77.7528258, 13.0104819 ], [ 77.7528434, 13.0104714 ], [ 77.7528475, 13.0104682 ], [ 77.752853, 13.0104637 ], [ 77.7528891, 13.0104346 ], [ 77.753604, 13.0098594 ], [ 77.7540191, 13.0095254 ], [ 77.7540449, 13.0095042 ], [ 77.7542675, 13.0092162 ], [ 77.7543897, 13.0090581 ], [ 77.7546149, 13.0089075 ], [ 77.7546442, 13.0088879 ], [ 77.7546727, 13.0088769 ], [ 77.7547417, 13.008839 ], [ 77.7547932, 13.0088379 ], [ 77.754822, 13.0088456 ], [ 77.7548686, 13.008903 ], [ 77.7550152, 13.0090837 ], [ 77.7550861, 13.0092156 ], [ 77.7550877, 13.0092631 ], [ 77.7551044, 13.0097482 ], [ 77.7551426, 13.0098757 ], [ 77.7551746, 13.0099576 ], [ 77.7551956, 13.010013 ], [ 77.7552551, 13.0101702 ], [ 77.7553103, 13.0102393 ], [ 77.7553352, 13.0102526 ], [ 77.7553691, 13.0102629 ], [ 77.7554281, 13.0102666 ], [ 77.7554745, 13.01026 ], [ 77.7556089, 13.0102408 ], [ 77.7556601, 13.0102271 ], [ 77.755741605204662, 13.010191399809095 ], [ 77.75566666500103, 13.00340820425475 ] ] ] } },
{ "type": "Feature", "properties": { "grid_id": "BLR_00736", "centroid_lat": 13.005712153148062, "centroid_lon": 77.758353554257823 }, "geometry": { "type": "MultiPolygon", "coordinates": [ [ [ [ 77.764877598302249, 13.003310218829363 ], [ 77.763895328454154, 13.003320683731639 ], [ 77.7639258, 13.0034222 ], [ 77.7640351, 13.0037868 ], [ 77.7640614, 13.0038747 ], [ 77.7640872, 13.0039609 ], [ 77.7640936, 13.0039823 ], [ 77.7641211, 13.0040738 ], [ 77.7641366, 13.0040698 ], [ 77.7641573, 13.0040644 ], [ 77.7642357, 13.004044 ], [ 77.764573, 13.0039565 ], [ 77.764883843544354, 13.003873770342645 ], [ 77.764877598302249, 13.003310218829363 ] ] ], [ [ [ 77.75566666500103, 13.00340820425475 ], [ 77.755741605204662, 13.010191399809095 ], [ 77.7560142, 13.010072 ], [ 77.75620210000001, 13.009939 ], [ 77.756437600000012, 13.0097818 ], [ 77.7567098, 13.0095632 ], [ 77.7569186, 13.009354 ], [ 77.7569752, 13.0092973 ], [ 77.7570662, 13.0091888 ], [ 77.7571032, 13.0091411 ], [ 77.7573046, 13.0088819 ], [ 77.7573648, 13.0088282 ], [ 77.7574504, 13.0087934 ], [ 77.757552, 13.0087522 ], [ 77.757891, 13.0086146 ], [ 77.7580286, 13.0085571 ], [ 77.7581939, 13.0084879 ], [ 77.7582918, 13.0084106 ], [ 77.7584445, 13.00829 ], [ 77.7584622, 13.008276 ], [ 77.7586744, 13.0081083 ], [ 77.7586962, 13.0080794 ], [ 77.7588721, 13.0079422 ], [ 77.759142900000015, 13.0078822 ], [ 77.7591486, 13.0078809 ], [ 77.7591699, 13.0078601 ], [ 77.7592495, 13.0077821 ], [ 77.7593356, 13.0076978 ], [ 77.7595369, 13.0074989 ], [ 77.7595521, 13.0074839 ], [ 77.7595697, 13.0074666 ], [ 77.7595872, 13.0074323 ], [ 77.7596162, 13.0073757 ], [ 77.7596193, 13.0073695 ], [ 77.759713, 13.0071866 ], [ 77.7596359, 13.0069904 ], [ 77.759585, 13.0068608 ], [ 77.7594719, 13.0065762 ], [ 77.7594312, 13.0064736 ], [ 77.7594074, 13.0062826 ], [ 77.7593844, 13.0060978 ], [ 77.7595609, 13.0058684 ], [ 77.7596626, 13.0057362 ], [ 77.7596878, 13.005714 ], [ 77.7598215, 13.0055957 ], [ 77.7602069, 13.0052549 ], [ 77.7603543, 13.0051774 ], [ 77.7603801, 13.0051638 ], [ 77.7605679, 13.0050651 ], [ 77.7606472, 13.0050234 ], [ 77.7607832, 13.0049519 ], [ 77.7608692, 13.0049734 ], [ 77.7610787, 13.0050258 ], [ 77.7613816, 13.0051015 ], [ 77.761383, 13.0051018 ], [ 77.7614243, 13.005124 ], [ 77.7614251, 13.0051245 ], [ 77.7614731, 13.0051503 ], [ 77.7615824, 13.005172 ], [ 77.7616334, 13.0051821 ], [ 77.7617791, 13.0051918 ], [ 77.7618616, 13.0051657 ], [ 77.7619924, 13.0051195 ], [ 77.7621056, 13.0050316 ], [ 77.762195800000015, 13.0049215 ], [ 77.7622522, 13.0048593 ], [ 77.7622914, 13.0047974 ], [ 77.7623592, 13.0047323 ], [ 77.7624043, 13.0046758 ], [ 77.7624599, 13.0045437 ], [ 77.7625102, 13.0044425 ], [ 77.7625804, 13.0043326 ], [ 77.7626657, 13.0041475 ], [ 77.762692, 13.0040409 ], [ 77.7627178, 13.0039367 ], [ 77.7627356, 13.003889 ], [ 77.7627579, 13.0038295 ], [ 77.7628274, 13.0036977 ], [ 77.7629712, 13.0035256 ], [ 77.763117939987723, 13.003328963234933 ], [ 77.75566666500103, 13.00340820425475 ] ] ] ] } },
{ "type": "Feature", "properties": { "grid_id": "BLR_00737", "centroid_lat": 13.005497073527026, "centroid_lon": 77.7416957866849 }, "geometry": { "type": "Polygon", "coordinates": [ [ [ 77.746455656383944, 13.003505863673174 ], [ 77.737244572701854, 13.00360319707227 ], [ 77.737290386035227, 13.007778323437378 ], [ 77.7376698, 13.0077234 ], [ 77.7378977, 13.0076894 ], [ 77.7380431, 13.0076673 ], [ 77.7380432, 13.0076051 ], [ 77.738143, 13.0075772 ], [ 77.7384761, 13.0076203 ], [ 77.7385063, 13.0076242 ], [ 77.7385673, 13.007645 ], [ 77.7385906, 13.0076529 ], [ 77.7387746, 13.0077154 ], [ 77.7388958, 13.0077567 ], [ 77.7392291, 13.0078073 ], [ 77.7396127, 13.0078982 ], [ 77.7399609, 13.0079772 ], [ 77.7403723, 13.0080606 ], [ 77.7404476, 13.0080581 ], [ 77.7408784, 13.0081253 ], [ 77.740897, 13.0080461 ], [ 77.7409202, 13.0079471 ], [ 77.7409366, 13.0078772 ], [ 77.7409366, 13.0078769 ], [ 77.7409448, 13.0078419 ], [ 77.7410161, 13.0075379 ], [ 77.741046, 13.0074103 ], [ 77.7411054, 13.0071435 ], [ 77.7414201, 13.0071327 ], [ 77.7418013, 13.0071198 ], [ 77.7431467, 13.0070738 ], [ 77.7432736, 13.0070725 ], [ 77.743366, 13.0070715 ], [ 77.743844, 13.0071312 ], [ 77.743891300000016, 13.0071371 ], [ 77.7438992, 13.0071381 ], [ 77.7442516, 13.0071807 ], [ 77.7445748, 13.0071954 ], [ 77.7451537, 13.0071712 ], [ 77.7455619, 13.0071194 ], [ 77.746188300000014, 13.0070055 ], [ 77.746493220857332, 13.006917879279413 ], [ 77.746455656383944, 13.003505863673174 ] ] ] } },
{ "type": "Feature", "properties": { "grid_id": "BLR_00738", "centroid_lat": 12.981167467235307, "centroid_lon": 77.723181551811734 }, "geometry": { "type": "Polygon", "coordinates": [ [ [ 77.71852722889237, 12.976699434123748 ], [ 77.718625472019355, 12.985731925000104 ], [ 77.727836040650146, 12.985635382523702 ], [ 77.727737465685038, 12.976602961063673 ], [ 77.71852722889237, 12.976699434123748 ] ] ] } },
{ "type": "Feature", "properties": { "grid_id": "BLR_00739", "centroid_lat": 12.990199919934634, "centroid_lon": 77.723279998063802 }, "geometry": { "type": "Polygon", "coordinates": [ [ [ 77.718625472019355, 12.985731925000104 ], [ 77.718723789433, 12.994764408881467 ], [ 77.727934690152708, 12.994667796983922 ], [ 77.727836040650146, 12.985635382523702 ], [ 77.718625472019355, 12.985731925000104 ] ] ] } },
{ "type": "Feature", "properties": { "grid_id": "BLR_00740", "centroid_lat": 12.990103179900316, "centroid_lon": 77.732490695467078 }, "geometry": { "type": "Polygon", "coordinates": [ [ [ 77.727836040650146, 12.985635382523702 ], [ 77.727934690152708, 12.994667796983922 ], [ 77.737145516322045, 12.994570859276516 ], [ 77.737046534743456, 12.985538514471495 ], [ 77.727836040650146, 12.985635382523702 ] ] ] } },
{ "type": "Feature", "properties": { "grid_id": "BLR_00741", "centroid_lat": 12.990296334270006, "centroid_lon": 77.714069226242017 }, "geometry": { "type": "Polygon", "coordinates": [ [ [ 77.709414829101917, 12.985828141888483 ], [ 77.709512814413785, 12.99486069495692 ], [ 77.718723789433, 12.994764408881467 ], [ 77.718625472019355, 12.985731925000104 ], [ 77.709414829101917, 12.985828141888483 ] ] ] } },
{ "type": "Feature", "properties": { "grid_id": "BLR_00742", "centroid_lat": 12.999232365634255, "centroid_lon": 77.723378518734364 }, "geometry": { "type": "Polygon", "coordinates": [ [ [ 77.718723789433, 12.994764408881467 ], [ 77.718822181146137, 13.003796885763219 ], [ 77.728033414205612, 13.003700204439712 ], [ 77.727934690152708, 12.994667796983922 ], [ 77.718723789433, 12.994764408881467 ] ] ] } },
{ "type": "Feature", "properties": { "grid_id": "BLR_00743", "centroid_lat": 12.999135556059349, "centroid_lon": 77.732589548345558 }, "geometry": { "type": "Polygon", "coordinates": [ [ [ 77.727934690152708, 12.994667796983922 ], [ 77.728033414205612, 13.003700204439712 ], [ 77.737244572701854, 13.00360319707227 ], [ 77.737145516322045, 12.994570859276516 ], [ 77.727934690152708, 12.994667796983922 ] ] ] } },
{ "type": "Feature", "properties": { "grid_id": "BLR_00744", "centroid_lat": 12.999328849276134, "centroid_lon": 77.714167414691815 }, "geometry": { "type": "Polygon", "coordinates": [ [ [ 77.709512814413785, 12.99486069495692 ], [ 77.709610873774309, 13.003893241030539 ], [ 77.718822181146137, 13.003796885763219 ], [ 77.718723789433, 12.994764408881467 ], [ 77.709512814413785, 12.99486069495692 ] ] ] } },
{ "type": "Feature", "properties": { "grid_id": "BLR_00745", "centroid_lat": 13.008264753639343, "centroid_lon": 77.72347701313835 }, "geometry": { "type": "Polygon", "coordinates": [ [ [ 77.728033414205612, 13.003700204439712 ], [ 77.718822181146137, 13.003796885763219 ], [ 77.718920647171643, 13.01282935564072 ], [ 77.728132212821777, 13.012732604886439 ], [ 77.72810984619062, 13.010688392659064 ], [ 77.7280957, 13.0106109 ], [ 77.7280869, 13.010567 ], [ 77.7280825, 13.0105449 ], [ 77.728108270366405, 13.010544356040722 ], [ 77.728033414205612, 13.003700204439712 ] ] ] } },
{ "type": "Feature", "properties": { "grid_id": "BLR_00746", "centroid_lat": 13.007081940515647, "centroid_lon": 77.732455556820625 }, "geometry": { "type": "MultiPolygon", "coordinates": [ [ [ [ 77.737244572701854, 13.00360319707227 ], [ 77.728033414205612, 13.003700204439712 ], [ 77.728108270366405, 13.010544356040722 ], [ 77.7282341, 13.0105417 ], [ 77.7283297, 13.0105396 ], [ 77.7284343, 13.0105373 ], [ 77.7284413, 13.0105605 ], [ 77.7285204, 13.0105754 ], [ 77.7285653, 13.0105838 ], [ 77.7286949, 13.0106081 ], [ 77.7286988, 13.0106086 ], [ 77.728905700000013, 13.0106327 ], [ 77.7291048, 13.010656 ], [ 77.7295459, 13.0107074 ], [ 77.7298252, 13.0107276 ], [ 77.7301119, 13.0107465 ], [ 77.7302494, 13.0107555 ], [ 77.730481800000021, 13.0107836 ], [ 77.7306849, 13.0107915 ], [ 77.7311611, 13.0108109 ], [ 77.7314092, 13.0108212 ], [ 77.7315369, 13.0108118 ], [ 77.7317162, 13.0107987 ], [ 77.7318669, 13.0107876 ], [ 77.7320375, 13.0107751 ], [ 77.7321278, 13.0107685 ], [ 77.7324408, 13.0108013 ], [ 77.7328423, 13.010771 ], [ 77.7330652, 13.0106671 ], [ 77.733169, 13.0105989 ], [ 77.7333553, 13.0104766 ], [ 77.7338233, 13.0102683 ], [ 77.7338691, 13.0102478 ], [ 77.733958, 13.0101955 ], [ 77.7340472, 13.0102334 ], [ 77.7342309, 13.0103136 ], [ 77.73473580000001, 13.0105366 ], [ 77.7353794, 13.0108209 ], [ 77.735531100000017, 13.010888 ], [ 77.7355882, 13.0109132 ], [ 77.7356706, 13.0109333 ], [ 77.7357461, 13.0109103 ], [ 77.7358791, 13.0108698 ], [ 77.735902, 13.0108628 ], [ 77.7362319, 13.0107625 ], [ 77.7362357, 13.0101191 ], [ 77.7362393, 13.0099565 ], [ 77.736244, 13.009725 ], [ 77.7362479, 13.0093885 ], [ 77.736245, 13.0091304 ], [ 77.7362402, 13.0090761 ], [ 77.7361616, 13.0083763 ], [ 77.7361607, 13.0083683 ], [ 77.7361588, 13.0083533 ], [ 77.7361557, 13.0083297 ], [ 77.7361493, 13.0082801 ], [ 77.7361493, 13.0082557 ], [ 77.7361487, 13.0080377 ], [ 77.7361482, 13.0079417 ], [ 77.7361478, 13.0078582 ], [ 77.7361478, 13.0078471 ], [ 77.7361466, 13.0076148 ], [ 77.7362278, 13.0076616 ], [ 77.7366022, 13.0078778 ], [ 77.7371814, 13.0077941 ], [ 77.737290386035227, 13.007778323437378 ], [ 77.737244572701854, 13.00360319707227 ] ] ], [ [ [ 77.728132212821777, 13.012732604886439 ], [ 77.728365208807091, 13.0127301534461 ], [ 77.7283635, 13.0127004 ], [ 77.728336, 13.0122204 ], [ 77.7283283, 13.0120863 ], [ 77.7283172, 13.0118926 ], [ 77.7282867, 13.0116539 ], [ 77.7282672, 13.0115475 ], [ 77.7281991, 13.0111759 ], [ 77.7281815, 13.0110798 ], [ 77.7281304, 13.0108007 ], [ 77.7281116, 13.010698 ], [ 77.72810984619062, 13.010688392659064 ], [ 77.728132212821777, 13.012732604886439 ] ] ] ] } },
{ "type": "Feature", "properties": { "grid_id": "BLR_00747", "centroid_lat": 13.008361357282739, "centroid_lon": 77.714265677322089 }, "geometry": { "type": "Polygon", "coordinates": [ [ [ 77.709610873774309, 13.003893241030539 ], [ 77.709709007196267, 13.012925780104723 ], [ 77.718920647171643, 13.01282935564072 ], [ 77.718822181146137, 13.003796885763219 ], [ 77.709610873774309, 13.003893241030539 ] ] ] } },
{ "type": "Feature", "properties": { "grid_id": "BLR_00748", "centroid_lat": 12.979966361651879, "centroid_lon": 77.775448840094342 }, "geometry": { "type": "Polygon", "coordinates": [ [ [ 77.77378752676448, 12.976115715882683 ], [ 77.773887760726168, 12.985147786750597 ], [ 77.776880800065229, 12.985115814086438 ], [ 77.7768479, 12.985036 ], [ 77.7768214, 12.9849716 ], [ 77.776819300000014, 12.9849665 ], [ 77.7767813, 12.9848742 ], [ 77.7767669, 12.9847973 ], [ 77.7767286, 12.9847066 ], [ 77.776719, 12.9846838 ], [ 77.7766541, 12.9845301 ], [ 77.7765649, 12.9843188 ], [ 77.776498600000011, 12.9841134 ], [ 77.7764119, 12.983845 ], [ 77.7763549, 12.9835269 ], [ 77.7763288, 12.9834598 ], [ 77.7762794, 12.9833324 ], [ 77.7762761, 12.983324 ], [ 77.7762621, 12.9832879 ], [ 77.776187, 12.9830944 ], [ 77.7761329, 12.9829549 ], [ 77.7760957, 12.982859 ], [ 77.7760474, 12.9827342 ], [ 77.7760426, 12.9827221 ], [ 77.7757581, 12.9824967 ], [ 77.7756341, 12.9823983 ], [ 77.7754435, 12.9821651 ], [ 77.7754411, 12.9821622 ], [ 77.7753744, 12.9820804 ], [ 77.7752961, 12.9817799 ], [ 77.7752384, 12.9815583 ], [ 77.7752377, 12.9815352 ], [ 77.775234, 12.9813978 ], [ 77.7752454, 12.9813975 ], [ 77.7752495, 12.9813974 ], [ 77.7752472, 12.9813104 ], [ 77.775243, 12.9813064 ], [ 77.7752378, 12.9813014 ], [ 77.775065, 12.9811362 ], [ 77.7750327, 12.9810943 ], [ 77.775017, 12.981074 ], [ 77.7748651, 12.9808773 ], [ 77.774834, 12.980823 ], [ 77.7747896, 12.9807456 ], [ 77.7747562, 12.9806873 ], [ 77.7747008, 12.9805908 ], [ 77.7747004, 12.980589 ], [ 77.7746869, 12.9805341 ], [ 77.7746683, 12.9804588 ], [ 77.7750311, 12.980279 ], [ 77.7754892, 12.9800547 ], [ 77.7755382, 12.9800322 ], [ 77.775835, 12.979896 ], [ 77.7760149, 12.9796956 ], [ 77.7760921, 12.9796097 ], [ 77.7761926, 12.9794978 ], [ 77.7762509, 12.9794273 ], [ 77.7762702, 12.979404 ], [ 77.7764448, 12.979193 ], [ 77.7764808, 12.9791496 ], [ 77.7767916, 12.9787751 ], [ 77.776885, 12.9786628 ], [ 77.77694630000002, 12.9785893 ], [ 77.7770295, 12.9784895 ], [ 77.777275800000012, 12.9784015 ], [ 77.777326, 12.9784149 ], [ 77.7775415, 12.9784725 ], [ 77.7775902, 12.9784854 ], [ 77.7779282, 12.9785103 ], [ 77.7781489, 12.9784288 ], [ 77.7782086, 12.9783709 ], [ 77.7781551, 12.9783616 ], [ 77.7781536, 12.9783613 ], [ 77.7781732, 12.9783423 ], [ 77.7782071, 12.9783095 ], [ 77.7782073, 12.9783094 ], [ 77.7782393, 12.9782434 ], [ 77.7783749, 12.9779646 ], [ 77.7783759, 12.9779627 ], [ 77.7784286, 12.9777531 ], [ 77.778483, 12.9775366 ], [ 77.7785305, 12.977233 ], [ 77.7785307, 12.977232 ], [ 77.7785157, 12.9771061 ], [ 77.7784969, 12.9769486 ], [ 77.7784969, 12.9769485 ], [ 77.7784945, 12.9769372 ], [ 77.7784909, 12.9769202 ], [ 77.7784629, 12.9767893 ], [ 77.7784487, 12.9767224 ], [ 77.7784486, 12.976722 ], [ 77.778448, 12.9767191 ], [ 77.7783312, 12.9765651 ], [ 77.778307, 12.9765331 ], [ 77.7782784, 12.9764955 ], [ 77.778075500000014, 12.9762794 ], [ 77.7777587, 12.976283 ], [ 77.7773539, 12.9764571 ], [ 77.7773475, 12.9764581 ], [ 77.777174, 12.9764833 ], [ 77.7769178, 12.9762535 ], [ 77.7768452, 12.9762355 ], [ 77.7767579, 12.9762137 ], [ 77.7766577, 12.9761886 ], [ 77.776583377161458, 12.976085871116362 ], [ 77.77378752676448, 12.976115715882683 ] ] ] } },
{ "type": "Feature", "properties": { "grid_id": "BLR_00749", "centroid_lat": 12.988457879721134, "centroid_lon": 77.774914597252177 }, "geometry": { "type": "Polygon", "coordinates": [ [ [ 77.773887760726168, 12.985147786750597 ], [ 77.77398807047922, 12.994179850594394 ], [ 77.774208915008572, 12.994177491025136 ], [ 77.7741614, 12.9939086 ], [ 77.7741626, 12.9939075 ], [ 77.7742876, 12.9937893 ], [ 77.7742951, 12.9938272 ], [ 77.7743515, 12.9937732 ], [ 77.7744072, 12.9937199 ], [ 77.774407, 12.9937192 ], [ 77.7744008, 12.9936827 ], [ 77.7744001, 12.9936781 ], [ 77.774384, 12.9935842 ], [ 77.7743786, 12.9935524 ], [ 77.7741415, 12.9921615 ], [ 77.7741409, 12.9921582 ], [ 77.7741104, 12.9919799 ], [ 77.7741182, 12.9918864 ], [ 77.7741182, 12.9918859 ], [ 77.774457200000015, 12.991862 ], [ 77.774469, 12.9918611 ], [ 77.7750346, 12.9919445 ], [ 77.7750535, 12.9919473 ], [ 77.7750733, 12.9919502 ], [ 77.775212300000021, 12.9918806 ], [ 77.7753661, 12.9918037 ], [ 77.775453, 12.9917602 ], [ 77.775486, 12.991706 ], [ 77.7755029, 12.9916783 ], [ 77.7756056, 12.9915097 ], [ 77.775543, 12.990994 ], [ 77.7755434, 12.9902873 ], [ 77.7757215, 12.9900315 ], [ 77.7758071, 12.9897562 ], [ 77.775824300000011, 12.9897009 ], [ 77.775886, 12.9895028 ], [ 77.7760583, 12.9887887 ], [ 77.7761451, 12.9883018 ], [ 77.7761524, 12.9882608 ], [ 77.7761433, 12.9881466 ], [ 77.7761427, 12.9881389 ], [ 77.7761373, 12.9880714 ], [ 77.776129, 12.9879665 ], [ 77.7761282, 12.9879564 ], [ 77.7760982, 12.9875787 ], [ 77.7760604, 12.9874535 ], [ 77.776052, 12.9874256 ], [ 77.7760093, 12.9872845 ], [ 77.7759941, 12.9871855 ], [ 77.7759901, 12.9871592 ], [ 77.7759626, 12.9869799 ], [ 77.77596, 12.9869629 ], [ 77.7759419, 12.9869735 ], [ 77.7759229, 12.9868426 ], [ 77.7758658, 12.9864481 ], [ 77.7759728, 12.9861415 ], [ 77.7759837, 12.9861103 ], [ 77.7760065, 12.9860672 ], [ 77.7761357, 12.9858229 ], [ 77.7761505, 12.9857948 ], [ 77.7761592, 12.9857784 ], [ 77.7763412, 12.9856164 ], [ 77.7764244, 12.9855422 ], [ 77.7764575, 12.9855128 ], [ 77.7765137, 12.9854628 ], [ 77.7765405, 12.9854475 ], [ 77.7767028, 12.9853553 ], [ 77.7767222, 12.9853443 ], [ 77.7768475, 12.9852464 ], [ 77.7768689, 12.9852297 ], [ 77.7769134, 12.9851949 ], [ 77.776880800065229, 12.985115814086438 ], [ 77.773887760726168, 12.985147786750597 ] ] ] } },
{ "type": "Feature", "properties": { "grid_id": "BLR_00750", "centroid_lat": 12.989712963019166, "centroid_lon": 77.769332735878905 }, "geometry": { "type": "Polygon", "coordinates": [ [ [ 77.764677567290619, 12.985245956982936 ], [ 77.764777545019598, 12.994278091418083 ], [ 77.77398807047922, 12.994179850594394 ], [ 77.773887760726168, 12.985147786750597 ], [ 77.764677567290619, 12.985245956982936 ] ] ] } },
{ "type": "Feature", "properties": { "grid_id": "BLR_00751", "centroid_lat": 12.998318756036218, "centroid_lon": 77.774362322122329 }, "geometry": { "type": "MultiPolygon", "coordinates": [ [ [ [ 77.774088456036722, 13.003211907409426 ], [ 77.775094629999984, 13.003201148285786 ], [ 77.7747807, 13.0029686 ], [ 77.77448290000001, 13.0029336 ], [ 77.7744783, 13.0029352 ], [ 77.774086924707007, 13.003074179324443 ], [ 77.774088456036722, 13.003211907409426 ] ] ], [ [ [ 77.77398807047922, 12.994179850594394 ], [ 77.774066032549968, 13.001194976199677 ], [ 77.7740747, 13.0011924 ], [ 77.7741995, 13.0011552 ], [ 77.7747483, 13.0011158 ], [ 77.7747429, 13.0004329 ], [ 77.7747387, 12.9999201 ], [ 77.774737700000017, 12.9997876 ], [ 77.7748464, 12.9989696 ], [ 77.7749514, 12.9981782 ], [ 77.774947, 12.9981759 ], [ 77.7749457, 12.9981752 ], [ 77.77454280000002, 12.9979615 ], [ 77.7744544, 12.9979146 ], [ 77.7744567, 12.9978932 ], [ 77.7744749, 12.9977236 ], [ 77.7744943, 12.9975429 ], [ 77.7745525, 12.9973576 ], [ 77.7745864, 12.9972498 ], [ 77.7746389, 12.9970824 ], [ 77.7746355, 12.9970665 ], [ 77.7745758, 12.9967898 ], [ 77.7745756, 12.9967887 ], [ 77.7745021, 12.9964478 ], [ 77.7745038, 12.9964401 ], [ 77.7745769, 12.9961127 ], [ 77.7746521, 12.9957753 ], [ 77.774656, 12.9957581 ], [ 77.7746521, 12.9957509 ], [ 77.7746348, 12.9957186 ], [ 77.7746149, 12.9956814 ], [ 77.7745708, 12.9955992 ], [ 77.7745401, 12.9955418 ], [ 77.7745105, 12.9954866 ], [ 77.7744419, 12.9953584 ], [ 77.7744056, 12.9952908 ], [ 77.7743821, 12.9951576 ], [ 77.7743776, 12.9951323 ], [ 77.7743764, 12.9951253 ], [ 77.7743738, 12.9951102 ], [ 77.7743737, 12.9951102 ], [ 77.7743594, 12.995029 ], [ 77.7743539, 12.9949977 ], [ 77.7743503, 12.9949774 ], [ 77.7743272, 12.9948466 ], [ 77.7742776, 12.9945657 ], [ 77.774264300000013, 12.9944907 ], [ 77.7742535, 12.9944298 ], [ 77.774208915008572, 12.994177491025136 ], [ 77.77398807047922, 12.994179850594394 ] ] ] ] } },
{ "type": "Feature", "properties": { "grid_id": "BLR_00752", "centroid_lat": 12.998639470891513, "centroid_lon": 77.76934881105764 }, "geometry": { "type": "Polygon", "coordinates": [ [ [ 77.77398807047922, 12.994179850594394 ], [ 77.764777545019598, 12.994278091418083 ], [ 77.764877598302249, 13.003310218829363 ], [ 77.767151101082362, 13.003285983139252 ], [ 77.767313, 13.003254 ], [ 77.7673238, 13.0032518 ], [ 77.76738, 13.0032341 ], [ 77.7674283, 13.003219 ], [ 77.767601, 13.0031649 ], [ 77.767788400000015, 13.0031063 ], [ 77.7677885, 13.0031062 ], [ 77.7685827, 13.002653 ], [ 77.768849631812202, 13.00326786369552 ], [ 77.774088456036722, 13.003211907409426 ], [ 77.774086924707007, 13.003074179324443 ], [ 77.7740542, 13.0030858 ], [ 77.7740387, 13.0030913 ], [ 77.7739726, 13.0030932 ], [ 77.773696900000019, 13.003101 ], [ 77.7735026, 13.0031066 ], [ 77.7731168, 13.0030438 ], [ 77.7731163, 13.0030437 ], [ 77.7729743, 13.0030094 ], [ 77.772879100000011, 13.0029864 ], [ 77.7728693, 13.0029841 ], [ 77.7728507, 13.002982 ], [ 77.7727524, 13.0029713 ], [ 77.7727388, 13.0029699 ], [ 77.7727145, 13.0029515 ], [ 77.7727077, 13.0029463 ], [ 77.7726175, 13.0028778 ], [ 77.7725595, 13.0025275 ], [ 77.7725603, 13.0025263 ], [ 77.7729221, 13.0020617 ], [ 77.7732786, 13.0019188 ], [ 77.773334, 13.0018965 ], [ 77.7733551, 13.0018882 ], [ 77.7736523, 13.0017698 ], [ 77.7737259, 13.0015231 ], [ 77.7737405, 13.0014744 ], [ 77.7737948, 13.0012925 ], [ 77.7738003, 13.001274 ], [ 77.7738079, 13.0012717 ], [ 77.774066032549968, 13.001194976199677 ], [ 77.77398807047922, 12.994179850594394 ] ] ] } },
{ "type": "Feature", "properties": { "grid_id": "BLR_00753", "centroid_lat": 13.004734170957269, "centroid_lon": 77.774863565533622 }, "geometry": { "type": "Polygon", "coordinates": [ [ [ 77.774088456036722, 13.003211907409426 ], [ 77.774122988036495, 13.006317300632544 ], [ 77.7741784, 13.0063467 ], [ 77.7742114, 13.0063491 ], [ 77.7743594, 13.0063598 ], [ 77.7744776, 13.0063077 ], [ 77.7746487, 13.0062615 ], [ 77.774696300000016, 13.0062486 ], [ 77.7749035, 13.0061435 ], [ 77.7751053, 13.0060411 ], [ 77.7752734, 13.0059961 ], [ 77.7757264, 13.0058746 ], [ 77.7757553, 13.0058669 ], [ 77.7758364, 13.0057555 ], [ 77.7757709, 13.0053444 ], [ 77.775756, 13.0052513 ], [ 77.775746, 13.0051885 ], [ 77.7757376, 13.0051359 ], [ 77.7757357, 13.0051238 ], [ 77.7757109, 13.0046437 ], [ 77.7756858, 13.0044733 ], [ 77.77562380000002, 13.0040519 ], [ 77.7756235, 13.0040484 ], [ 77.775602500000019, 13.0038559 ], [ 77.7755696, 13.0035529 ], [ 77.7754411, 13.0034578 ], [ 77.775094629999984, 13.003201148285786 ], [ 77.774088456036722, 13.003211907409426 ] ] ] } },
{ "type": "Feature", "properties": { "grid_id": "BLR_00754", "centroid_lat": 13.007325864958561, "centroid_lon": 77.771615857218762 }, "geometry": { "type": "MultiPolygon", "coordinates": [ [ [ [ 77.774088456036722, 13.003211907409426 ], [ 77.768849631812202, 13.00326786369552 ], [ 77.7689775, 13.0035624 ], [ 77.7692716, 13.0042451 ], [ 77.7693602, 13.0045372 ], [ 77.7692486, 13.0046366 ], [ 77.7692328, 13.0046379 ], [ 77.7692483, 13.0047371 ], [ 77.769348400000013, 13.0053876 ], [ 77.7694924, 13.0059254 ], [ 77.7697206, 13.0075518 ], [ 77.769716, 13.0076677 ], [ 77.7696776, 13.0084077 ], [ 77.7697011, 13.0088637 ], [ 77.7698685, 13.0088528 ], [ 77.7699173, 13.0090845 ], [ 77.7699281, 13.0091356 ], [ 77.7698928, 13.0093279 ], [ 77.7697716, 13.0093687 ], [ 77.769894, 13.0096779 ], [ 77.7699255, 13.0097573 ], [ 77.7699617, 13.0098987 ], [ 77.7699801, 13.0099705 ], [ 77.7700086, 13.0100383 ], [ 77.770054, 13.0101922 ], [ 77.770079800000019, 13.0102512 ], [ 77.770155, 13.0104225 ], [ 77.7701805, 13.0104805 ], [ 77.7701997, 13.0106142 ], [ 77.7702215, 13.0107653 ], [ 77.7702302, 13.0108263 ], [ 77.7702866, 13.0109446 ], [ 77.7703539, 13.011086 ], [ 77.7703545, 13.0111014 ], [ 77.7703698, 13.011559 ], [ 77.7704561, 13.0116144 ], [ 77.7705006, 13.0117392 ], [ 77.770502, 13.0117438 ], [ 77.7705134, 13.0117833 ], [ 77.7705164, 13.011794 ], [ 77.7705345, 13.0118578 ], [ 77.7705476, 13.0119038 ], [ 77.7705764, 13.0120053 ], [ 77.7706216, 13.0121649 ], [ 77.770654769222006, 13.012281743057567 ], [ 77.774050254119217, 13.012245440637471 ], [ 77.7740421, 13.0121663 ], [ 77.774042, 13.0121653 ], [ 77.7740381, 13.012128 ], [ 77.7740173, 13.0119264 ], [ 77.773998700000021, 13.0117456 ], [ 77.7739752, 13.0115173 ], [ 77.7739685, 13.0114521 ], [ 77.7739639, 13.0114074 ], [ 77.7739567, 13.0113379 ], [ 77.7739542, 13.0113135 ], [ 77.7739484, 13.0112572 ], [ 77.7739437, 13.0112118 ], [ 77.7739378, 13.0111544 ], [ 77.7739323, 13.0111016 ], [ 77.7739241, 13.0110221 ], [ 77.7739229, 13.0110105 ], [ 77.77391990000001, 13.0109804 ], [ 77.773917900000015, 13.0109612 ], [ 77.7739148, 13.0109314 ], [ 77.7739116, 13.0109008 ], [ 77.7739102, 13.0108871 ], [ 77.7739083, 13.0108679 ], [ 77.773908, 13.0108655 ], [ 77.7739072, 13.0108577 ], [ 77.7739055, 13.0108409 ], [ 77.7739048, 13.0108341 ], [ 77.7739023, 13.0108099 ], [ 77.7739011, 13.0107989 ], [ 77.7738624, 13.0107594 ], [ 77.7736793, 13.0105728 ], [ 77.773669, 13.0105624 ], [ 77.7735056, 13.0103958 ], [ 77.7733997, 13.0102879 ], [ 77.7733115, 13.0100413 ], [ 77.773302, 13.0099934 ], [ 77.7732847, 13.0099067 ], [ 77.7732576, 13.0097714 ], [ 77.7732141, 13.0095534 ], [ 77.7732025, 13.0093662 ], [ 77.7731941, 13.0092296 ], [ 77.7731935, 13.0092211 ], [ 77.7731878, 13.0091281 ], [ 77.7731788, 13.0089828 ], [ 77.7731677, 13.0088039 ], [ 77.773214, 13.0086918 ], [ 77.7734505, 13.008119 ], [ 77.773446, 13.0080452 ], [ 77.773440100000016, 13.007949 ], [ 77.7734141, 13.0075244 ], [ 77.7734096, 13.0074447 ], [ 77.773405, 13.0073637 ], [ 77.7734016, 13.007298 ], [ 77.7733643, 13.0065877 ], [ 77.7733641, 13.0065827 ], [ 77.7733638, 13.0065775 ], [ 77.77336, 13.0065057 ], [ 77.7733582, 13.0064721 ], [ 77.7733544, 13.0063984 ], [ 77.7733648, 13.0063872 ], [ 77.7735683, 13.00617 ], [ 77.773861, 13.0061783 ], [ 77.774122988036495, 13.006317300632544 ], [ 77.774088456036722, 13.003211907409426 ] ] ], [ [ [ 77.764877598302249, 13.003310218829363 ], [ 77.764883843544354, 13.003873770342645 ], [ 77.7653936, 13.0037381 ], [ 77.7654766, 13.003716 ], [ 77.7655217, 13.0036945 ], [ 77.7655408, 13.0036854 ], [ 77.7656962, 13.0036115 ], [ 77.7658708, 13.0035596 ], [ 77.7660814, 13.0034973 ], [ 77.767151101082362, 13.003285983139252 ], [ 77.764877598302249, 13.003310218829363 ] ] ] ] } },
{ "type": "Feature", "properties": { "grid_id": "BLR_00755", "centroid_lat": 13.012591662429736, "centroid_lon": 77.748008073777001 }, "geometry": { "type": "Polygon", "coordinates": [ [ [ 77.747862526759903, 13.012524273281475 ], [ 77.7478807, 13.0127309 ], [ 77.7479772, 13.01268 ], [ 77.7480824, 13.0126245 ], [ 77.7481396, 13.0125944 ], [ 77.748280999703269, 13.012519838392313 ], [ 77.747862526759903, 13.012524273281475 ] ] ] } },
{ "type": "Feature", "properties": { "grid_id": "BLR_00756", "centroid_lat": 13.01729723601585, "centroid_lon": 77.723575783382458 }, "geometry": { "type": "Polygon", "coordinates": [ [ [ 77.718920647171643, 13.01282935564072 ], [ 77.719019187522335, 13.021861818509358 ], [ 77.728231086014105, 13.021764998319467 ], [ 77.728132212821777, 13.012732604886439 ], [ 77.718920647171643, 13.01282935564072 ] ] ] } },
{ "type": "Feature", "properties": { "grid_id": "BLR_00757", "centroid_lat": 13.017918985420497, "centroid_lon": 77.728879816566348 }, "geometry": { "type": "Polygon", "coordinates": [ [ [ 77.728132212821777, 13.012732604886439 ], [ 77.728231086014105, 13.021764998319467 ], [ 77.728493142437301, 13.021762239229332 ], [ 77.7288366, 13.021254 ], [ 77.7293735, 13.0204595 ], [ 77.7293777, 13.0204532 ], [ 77.7293942, 13.0204285 ], [ 77.7294135, 13.0203997 ], [ 77.7294445, 13.020373 ], [ 77.7294788, 13.0202665 ], [ 77.7294997, 13.0202014 ], [ 77.7298248, 13.0200247 ], [ 77.7298933, 13.0199874 ], [ 77.7300945, 13.0198151 ], [ 77.730095600000013, 13.0197767 ], [ 77.7301047, 13.019454 ], [ 77.7301072, 13.0193649 ], [ 77.730116, 13.0190546 ], [ 77.7301164, 13.01904 ], [ 77.7300531, 13.018721 ], [ 77.7300517, 13.0187154 ], [ 77.7299822, 13.0184388 ], [ 77.7297966, 13.0177008 ], [ 77.7297692, 13.017592 ], [ 77.7296585, 13.0172274 ], [ 77.7294622, 13.0165813 ], [ 77.7293841, 13.016323 ], [ 77.7293768, 13.0162987 ], [ 77.7291594, 13.0156371 ], [ 77.7291415, 13.0155876 ], [ 77.7290976, 13.0154627 ], [ 77.7290597, 13.0153739 ], [ 77.7288002, 13.0147567 ], [ 77.7286604, 13.0144488 ], [ 77.728535, 13.0138408 ], [ 77.7284153, 13.0132601 ], [ 77.7283856, 13.0130855 ], [ 77.7283855, 13.0130831 ], [ 77.7283822, 13.013026 ], [ 77.728365208807091, 13.0127301534461 ], [ 77.728132212821777, 13.012732604886439 ] ] ] } },
{ "type": "Feature", "properties": { "grid_id": "BLR_00758", "centroid_lat": 13.017393858285191, "centroid_lon": 77.714364014145687 }, "geometry": { "type": "Polygon", "coordinates": [ [ [ 77.709709007196267, 13.012925780104723 ], [ 77.709807214692475, 13.021958312174844 ], [ 77.719019187522335, 13.021861818509358 ], [ 77.718920647171643, 13.01282935564072 ], [ 77.709709007196267, 13.012925780104723 ] ] ] } },
{ "type": "Feature", "properties": { "grid_id": "BLR_00759", "centroid_lat": 13.025894151133308, "centroid_lon": 77.72259067180137 }, "geometry": { "type": "Polygon", "coordinates": [ [ [ 77.728231086014105, 13.021764998319467 ], [ 77.719019187522335, 13.021861818509358 ], [ 77.71911780221113, 13.030894274364497 ], [ 77.724792519654684, 13.030834629271618 ], [ 77.7248037, 13.0304682 ], [ 77.7247643, 13.0303462 ], [ 77.7247347, 13.0302544 ], [ 77.7246829, 13.030094 ], [ 77.7246833, 13.030089 ], [ 77.7247169, 13.0297323 ], [ 77.7247234, 13.0296626 ], [ 77.7247685, 13.0291828 ], [ 77.7247726, 13.029139 ], [ 77.7247838, 13.0290203 ], [ 77.7247877, 13.0289799 ], [ 77.7247979, 13.0288746 ], [ 77.7247982, 13.0288696 ], [ 77.7248113, 13.02869 ], [ 77.7248113, 13.0286895 ], [ 77.724814, 13.0286533 ], [ 77.7248221, 13.0285419 ], [ 77.7248276, 13.0284678 ], [ 77.724939, 13.0278712 ], [ 77.7251053, 13.0271179 ], [ 77.7251475, 13.0266075 ], [ 77.7251492, 13.0263885 ], [ 77.7251532, 13.0259276 ], [ 77.725171, 13.0259255 ], [ 77.7253034, 13.0259103 ], [ 77.7253571, 13.0259041 ], [ 77.7254264, 13.0258961 ], [ 77.7255538, 13.0258814 ], [ 77.7255784, 13.0258945 ], [ 77.7256631, 13.0259398 ], [ 77.7256951, 13.0258932 ], [ 77.7257761, 13.025775 ], [ 77.7259863, 13.0254688 ], [ 77.726001, 13.0254472 ], [ 77.7261159, 13.0252798 ], [ 77.7261194, 13.0252747 ], [ 77.7262882, 13.0250248 ], [ 77.7265861, 13.024584 ], [ 77.7270314, 13.0239251 ], [ 77.7273393, 13.0234696 ], [ 77.7281075, 13.0223329 ], [ 77.72823523510182, 13.022143882164418 ], [ 77.728231086014105, 13.021764998319467 ] ] ] } },
{ "type": "Feature", "properties": { "grid_id": "BLR_00760", "centroid_lat": 13.021890373259245, "centroid_lon": 77.728319821220694 }, "geometry": { "type": "Polygon", "coordinates": [ [ [ 77.728231086014105, 13.021764998319467 ], [ 77.72823523510182, 13.022143882164418 ], [ 77.728493142437301, 13.021762239229332 ], [ 77.728231086014105, 13.021764998319467 ] ] ] } },
{ "type": "Feature", "properties": { "grid_id": "BLR_00761", "centroid_lat": 13.025977366335436, "centroid_lon": 77.71500966275336 }, "geometry": { "type": "Polygon", "coordinates": [ [ [ 77.71911780221113, 13.030894274364497 ], [ 77.719019187522335, 13.021861818509358 ], [ 77.709807214692475, 13.021958312174844 ], [ 77.709846772121921, 13.025594639794132 ], [ 77.7101535, 13.0257252 ], [ 77.710624, 13.0259254 ], [ 77.7106557, 13.0259389 ], [ 77.710643800000014, 13.0259522 ], [ 77.7106563, 13.0259735 ], [ 77.7106659, 13.02599 ], [ 77.7107008, 13.0260494 ], [ 77.7107154, 13.0260743 ], [ 77.7107352, 13.0261079 ], [ 77.7108007, 13.0262194 ], [ 77.7108538, 13.0263098 ], [ 77.710924300000016, 13.0264299 ], [ 77.7109389, 13.0264548 ], [ 77.7110035, 13.0265647 ], [ 77.7112347, 13.0269584 ], [ 77.711404, 13.0272467 ], [ 77.71143, 13.027291 ], [ 77.7115869, 13.0275582 ], [ 77.7117381, 13.0278156 ], [ 77.7117428, 13.0278236 ], [ 77.7118982, 13.0280883 ], [ 77.7119553, 13.0281854 ], [ 77.7119599, 13.0281911 ], [ 77.712101, 13.0283655 ], [ 77.7121418, 13.0284159 ], [ 77.7121425, 13.0284168 ], [ 77.7122507, 13.0285505 ], [ 77.7128723, 13.0293187 ], [ 77.7130792, 13.0295744 ], [ 77.7131246, 13.0296305 ], [ 77.7131695, 13.029686 ], [ 77.7132427, 13.0297765 ], [ 77.7134904, 13.0300889 ], [ 77.7135755, 13.0301963 ], [ 77.7137322, 13.0303939 ], [ 77.7138259, 13.0305122 ], [ 77.7138831, 13.0305843 ], [ 77.7139095, 13.0306176 ], [ 77.7140781, 13.0308304 ], [ 77.714169909504918, 13.030946178614547 ], [ 77.71911780221113, 13.030894274364497 ] ] ] } },
{ "type": "Feature", "properties": { "grid_id": "BLR_00762", "centroid_lat": 13.032220897075515, "centroid_lon": 77.721879839521762 }, "geometry": { "type": "Polygon", "coordinates": [ [ [ 77.71911780221113, 13.030894274364497 ], [ 77.719143769125495, 13.033271539499609 ], [ 77.7195497, 13.0333636 ], [ 77.7195829, 13.0333711 ], [ 77.7197133, 13.0334169 ], [ 77.719834, 13.0334593 ], [ 77.7202811, 13.0336164 ], [ 77.720339, 13.0336368 ], [ 77.7207217, 13.0337713 ], [ 77.7211791, 13.0338455 ], [ 77.7213324, 13.0339667 ], [ 77.7214455, 13.0341131 ], [ 77.7214441, 13.0340608 ], [ 77.7214492, 13.0340591 ], [ 77.7214671, 13.0340535 ], [ 77.7215187, 13.0340372 ], [ 77.7215684, 13.0340215 ], [ 77.7218378, 13.0339364 ], [ 77.722039200000012, 13.0338728 ], [ 77.7221652, 13.033833 ], [ 77.7222186, 13.0338161 ], [ 77.7230435, 13.0335958 ], [ 77.723347, 13.0335147 ], [ 77.7239047, 13.033571 ], [ 77.72399, 13.0334587 ], [ 77.7239969, 13.0334285 ], [ 77.724017, 13.0333403 ], [ 77.7240197, 13.0333286 ], [ 77.724084, 13.0330468 ], [ 77.7241698, 13.0326712 ], [ 77.72417, 13.0326701 ], [ 77.7241929, 13.0325698 ], [ 77.7243175, 13.0325396 ], [ 77.7247492, 13.0324365 ], [ 77.724846, 13.0324113 ], [ 77.7248816, 13.0321291 ], [ 77.724897, 13.0320074 ], [ 77.7249013, 13.0319726 ], [ 77.7249029, 13.0318023 ], [ 77.724905, 13.0315715 ], [ 77.7249051, 13.0315539 ], [ 77.7248984, 13.0315158 ], [ 77.7248846, 13.0314376 ], [ 77.7248533, 13.0312601 ], [ 77.7247904, 13.0309041 ], [ 77.724792519654684, 13.030834629271618 ], [ 77.71911780221113, 13.030894274364497 ] ] ] } },
{ "type": "Feature", "properties": { "grid_id": "BLR_00763", "centroid_lat": 13.031741917697197, "centroid_lon": 77.717334235484984 }, "geometry": { "type": "Polygon", "coordinates": [ [ [ 77.71911780221113, 13.030894274364497 ], [ 77.714169909504918, 13.030946178614547 ], [ 77.7142271, 13.0310183 ], [ 77.7142563, 13.0310551 ], [ 77.7143339, 13.0311531 ], [ 77.7144948, 13.0313559 ], [ 77.7145576, 13.0314352 ], [ 77.714582800000017, 13.031467 ], [ 77.7146415, 13.0315411 ], [ 77.71494, 13.0319175 ], [ 77.7149629, 13.0319464 ], [ 77.7149815, 13.031945 ], [ 77.7150687, 13.0319387 ], [ 77.715077, 13.0319381 ], [ 77.7151346, 13.0319338 ], [ 77.7156464, 13.0318963 ], [ 77.7157854, 13.0318862 ], [ 77.7157846, 13.031882 ], [ 77.7159831, 13.0318439 ], [ 77.7159906, 13.0318425 ], [ 77.7159912, 13.0318381 ], [ 77.7159914, 13.0318361 ], [ 77.7159921, 13.0318314 ], [ 77.7159935, 13.0318205 ], [ 77.715994900000013, 13.0318096 ], [ 77.7160062, 13.0317234 ], [ 77.7160172, 13.0317232 ], [ 77.7160407, 13.0317227 ], [ 77.7160874, 13.0317217 ], [ 77.7161828, 13.0317197 ], [ 77.7163595, 13.0316962 ], [ 77.7164806, 13.03168 ], [ 77.7165744, 13.0316675 ], [ 77.7166307, 13.03166 ], [ 77.7166332, 13.0316597 ], [ 77.7167213, 13.0316479 ], [ 77.7168531, 13.0316304 ], [ 77.7169574, 13.0316164 ], [ 77.7171192, 13.0315949 ], [ 77.7171843, 13.0315862 ], [ 77.7172444, 13.0315782 ], [ 77.717251, 13.031578 ], [ 77.7173371, 13.0315755 ], [ 77.7173434, 13.0316966 ], [ 77.7173408, 13.0317042 ], [ 77.7173561, 13.0323103 ], [ 77.7173598, 13.0324582 ], [ 77.717362, 13.0325468 ], [ 77.7173751, 13.0326548 ], [ 77.7173856, 13.0327164 ], [ 77.7174164, 13.0328969 ], [ 77.7177396, 13.032975 ], [ 77.7177672, 13.0329816 ], [ 77.718110300000021, 13.0330376 ], [ 77.7181974, 13.033057 ], [ 77.7188996, 13.0332162 ], [ 77.7190801, 13.0332571 ], [ 77.719143769125495, 13.033271539499609 ], [ 77.71911780221113, 13.030894274364497 ] ] ] } },
{ "type": "Feature", "properties": { "grid_id": "BLR_00764", "centroid_lat": 13.017586123571315, "centroid_lon": 77.695940253304585 }, "geometry": { "type": "Polygon", "coordinates": [ [ [ 77.691285505273697, 13.013117650113063 ], [ 77.691383047022484, 13.022150319883767 ], [ 77.700595167775532, 13.022054479303707 ], [ 77.700497293146626, 13.013021878266228 ], [ 77.691285505273697, 13.013117650113063 ] ] ] } },
{ "type": "Feature", "properties": { "grid_id": "BLR_00765", "centroid_lat": 13.017490154141083, "centroid_lon": 77.705152170702732 }, "geometry": { "type": "Polygon", "coordinates": [ [ [ 77.700497293146626, 13.013021878266228 ], [ 77.700595167775532, 13.022054479303707 ], [ 77.709807214692475, 13.021958312174844 ], [ 77.709709007196267, 13.012925780104723 ], [ 77.700497293146626, 13.013021878266228 ] ] ] } },
{ "type": "Feature", "properties": { "grid_id": "BLR_00766", "centroid_lat": 13.017681766563747, "centroid_lon": 77.686728262202251 }, "geometry": { "type": "Polygon", "coordinates": [ [ [ 77.682073643828431, 13.013213095633104 ], [ 77.682170852684365, 13.022245833902884 ], [ 77.691383047022484, 13.022150319883767 ], [ 77.691285505273697, 13.013117650113063 ], [ 77.682073643828431, 13.013213095633104 ] ] ] } },
{ "type": "Feature", "properties": { "grid_id": "BLR_00767", "centroid_lat": 13.025045350165852, "centroid_lon": 77.695635207860946 }, "geometry": { "type": "Polygon", "coordinates": [ [ [ 77.700595167775532, 13.022054479303707 ], [ 77.691383047022484, 13.022150319883767 ], [ 77.691480662356355, 13.031182982655364 ], [ 77.691703673390563, 13.031180664793453 ], [ 77.6943795, 13.0267389 ], [ 77.6944582, 13.0267459 ], [ 77.6960852, 13.0268916 ], [ 77.6960896, 13.026892 ], [ 77.6961102, 13.0268938 ], [ 77.6961235, 13.026895 ], [ 77.6961358, 13.026896 ], [ 77.6963956, 13.0269171 ], [ 77.6964068, 13.026918 ], [ 77.6965842, 13.0269324 ], [ 77.6966007, 13.026934 ], [ 77.6966154, 13.0269354 ], [ 77.6967402, 13.026947 ], [ 77.6969934, 13.0269705 ], [ 77.6969987, 13.026971 ], [ 77.697016500000018, 13.026973 ], [ 77.6972605, 13.0270014 ], [ 77.6973946, 13.027017 ], [ 77.6977476, 13.027058 ], [ 77.69777, 13.027061 ], [ 77.6980744, 13.0271019 ], [ 77.6981286, 13.0271092 ], [ 77.6983152, 13.0271343 ], [ 77.6984731, 13.0271555 ], [ 77.6985668, 13.0271676 ], [ 77.6985761, 13.0271684 ], [ 77.700652558429454, 13.027347747226543 ], [ 77.700595167775532, 13.022054479303707 ] ] ] } },
{ "type": "Feature", "properties": { "grid_id": "BLR_00768", "centroid_lat": 13.023998824350056, "centroid_lon": 77.705102090546063 }, "geometry": { "type": "Polygon", "coordinates": [ [ [ 77.709807214692475, 13.021958312174844 ], [ 77.700595167775532, 13.022054479303707 ], [ 77.700652558429454, 13.027347747226543 ], [ 77.7016142, 13.0274308 ], [ 77.7016839, 13.0274368 ], [ 77.7016757, 13.0273794 ], [ 77.7016586, 13.027259 ], [ 77.7015369, 13.0265715 ], [ 77.701524100000015, 13.0264988 ], [ 77.7015092, 13.026415 ], [ 77.7013084, 13.0253664 ], [ 77.7012454, 13.0251502 ], [ 77.7012197, 13.0250624 ], [ 77.7011858, 13.0249461 ], [ 77.7012716, 13.0249795 ], [ 77.7012812, 13.0249832 ], [ 77.70156870000001, 13.0250952 ], [ 77.7028797, 13.0256316 ], [ 77.7029199, 13.0256453 ], [ 77.7031667, 13.0257296 ], [ 77.7033964, 13.0258079 ], [ 77.7034662, 13.0258197 ], [ 77.7037243, 13.0258631 ], [ 77.7037386, 13.0258655 ], [ 77.7039807, 13.0259062 ], [ 77.704345, 13.0259675 ], [ 77.7045584, 13.0260007 ], [ 77.7045775, 13.0260036 ], [ 77.7045953, 13.0260064 ], [ 77.7046017, 13.0260074 ], [ 77.7050226, 13.0260727 ], [ 77.7051215, 13.0260881 ], [ 77.705238, 13.0261025 ], [ 77.7053119, 13.0261117 ], [ 77.7053552, 13.026117 ], [ 77.7054823, 13.0261328 ], [ 77.7057884, 13.0261708 ], [ 77.7059213, 13.0261873 ], [ 77.7063477, 13.026101 ], [ 77.706912, 13.0259868 ], [ 77.7075578, 13.025856 ], [ 77.7079132, 13.0257841 ], [ 77.70793, 13.0257807 ], [ 77.7079448, 13.0257749 ], [ 77.708484, 13.0255626 ], [ 77.7089822, 13.0253665 ], [ 77.7091528, 13.0252993 ], [ 77.7091702, 13.0253067 ], [ 77.7091707, 13.0253069 ], [ 77.7096504, 13.0255111 ], [ 77.7096538, 13.0255125 ], [ 77.709846772121921, 13.025594639794132 ], [ 77.709807214692475, 13.021958312174844 ] ] ] } },
{ "type": "Feature", "properties": { "grid_id": "BLR_00769", "centroid_lat": 13.026714467115475, "centroid_lon": 77.686825674234399 }, "geometry": { "type": "Polygon", "coordinates": [ [ [ 77.682170852684365, 13.022245833902884 ], [ 77.682268134874363, 13.031278565178324 ], [ 77.691480662356355, 13.031182982655364 ], [ 77.691383047022484, 13.022150319883767 ], [ 77.682170852684365, 13.022245833902884 ] ] ] } },
{ "type": "Feature", "properties": { "grid_id": "BLR_00770", "centroid_lat": 13.031302669860633, "centroid_lon": 77.691556301706683 }, "geometry": { "type": "Polygon", "coordinates": [ [ [ 77.691480662356355, 13.031182982655364 ], [ 77.691484569290409, 13.031544362087677 ], [ 77.691703673390563, 13.031180664793453 ], [ 77.691480662356355, 13.031182982655364 ] ] ] } },
{ "type": "Feature", "properties": { "grid_id": "BLR_00771", "centroid_lat": 13.034166938891175, "centroid_lon": 77.685142022918924 }, "geometry": { "type": "Polygon", "coordinates": [ [ [ 77.691480662356355, 13.031182982655364 ], [ 77.682268134874363, 13.031278565178324 ], [ 77.682365490411115, 13.040311289454815 ], [ 77.684502414930918, 13.040289132381625 ], [ 77.6844968, 13.0402597 ], [ 77.6844842, 13.0401936 ], [ 77.6844821, 13.0401825 ], [ 77.6844518, 13.040037 ], [ 77.6844326, 13.0399445 ], [ 77.6843936, 13.039757 ], [ 77.684389, 13.0397329 ], [ 77.6843757, 13.0396628 ], [ 77.6842969, 13.0392473 ], [ 77.6842704, 13.0391074 ], [ 77.6842663, 13.0390861 ], [ 77.6841626, 13.0384866 ], [ 77.6841597, 13.03847 ], [ 77.6841595, 13.0384684 ], [ 77.6840939, 13.0380896 ], [ 77.6840281, 13.0377096 ], [ 77.6840214, 13.0376704 ], [ 77.6840185, 13.0376538 ], [ 77.6840177, 13.0376491 ], [ 77.6840062, 13.0375886 ], [ 77.6840016, 13.0375496 ], [ 77.683996800000017, 13.0375084 ], [ 77.6839914, 13.0374631 ], [ 77.6839878, 13.0374327 ], [ 77.6839819, 13.0373821 ], [ 77.6839664, 13.0372504 ], [ 77.6839726, 13.0371274 ], [ 77.6839793, 13.0369951 ], [ 77.6839955, 13.036675 ], [ 77.6839705, 13.0365855 ], [ 77.6839362, 13.0364633 ], [ 77.6838835, 13.0362753 ], [ 77.6838805, 13.0362506 ], [ 77.6838576, 13.0360644 ], [ 77.6838482, 13.0359926 ], [ 77.6838219, 13.0357926 ], [ 77.68381, 13.0355398 ], [ 77.6838013, 13.0354599 ], [ 77.6837969, 13.0354194 ], [ 77.683794, 13.035392 ], [ 77.6837884, 13.0353717 ], [ 77.68375570000002, 13.0352521 ], [ 77.6837539, 13.0352458 ], [ 77.683738800000015, 13.0350852 ], [ 77.6837326, 13.0350187 ], [ 77.683726, 13.0349488 ], [ 77.6836522, 13.0348188 ], [ 77.683619, 13.0347604 ], [ 77.6836173, 13.034619 ], [ 77.6836143, 13.034381 ], [ 77.6836542, 13.0341773 ], [ 77.683653, 13.0341584 ], [ 77.6836306, 13.0339653 ], [ 77.6836277, 13.0339405 ], [ 77.6836216, 13.0338876 ], [ 77.6836089, 13.0337772 ], [ 77.6836023, 13.0337205 ], [ 77.6836, 13.0337006 ], [ 77.683604200000019, 13.0336373 ], [ 77.6836071, 13.0335918 ], [ 77.6836081, 13.0335765 ], [ 77.6836191, 13.033408 ], [ 77.6836227, 13.0333537 ], [ 77.6836235, 13.0333411 ], [ 77.6836247, 13.0333219 ], [ 77.6836248, 13.033321 ], [ 77.683628, 13.033271 ], [ 77.6836302, 13.0332386 ], [ 77.683934900000011, 13.0332718 ], [ 77.6864656, 13.0335482 ], [ 77.6869157, 13.0334054 ], [ 77.687105, 13.0333574 ], [ 77.6873292, 13.0333005 ], [ 77.6876463, 13.03322 ], [ 77.6880845, 13.0331045 ], [ 77.6884502, 13.0330045 ], [ 77.689168, 13.0328596 ], [ 77.6897919, 13.0326874 ], [ 77.6908185, 13.0325082 ], [ 77.6909147, 13.0324903 ], [ 77.691484569290409, 13.031544362087677 ], [ 77.691480662356355, 13.031182982655364 ] ] ] } },
{ "type": "Feature", "properties": { "grid_id": "BLR_00772", "centroid_lat": 13.045065430841316, "centroid_lon": 77.65938130609085 }, "geometry": { "type": "Polygon", "coordinates": [ [ [ 77.654726468627899, 13.040596280252853 ], [ 77.654822896509728, 13.049629201660668 ], [ 77.664036310395858, 13.049534463978745 ], [ 77.663939548829902, 13.040501610381671 ], [ 77.654726468627899, 13.040596280252853 ] ] ] } },
{ "type": "Feature", "properties": { "grid_id": "BLR_00773", "centroid_lat": 13.044970563472539, "centroid_lon": 77.668594516703152 }, "geometry": { "type": "Polygon", "coordinates": [ [ [ 77.663939548829902, 13.040501610381671 ], [ 77.664036310395858, 13.049534463978745 ], [ 77.673249651412121, 13.049439398997089 ], [ 77.673152556174685, 13.040406613444981 ], [ 77.663939548829902, 13.040501610381671 ] ] ] } },
{ "type": "Feature", "properties": { "grid_id": "BLR_00774", "centroid_lat": 13.054098314875462, "centroid_lon": 77.659477937186864 }, "geometry": { "type": "Polygon", "coordinates": [ [ [ 77.654822896509728, 13.049629201660668 ], [ 77.654919397010232, 13.058662116074547 ], [ 77.664133144831681, 13.058567310577155 ], [ 77.664036310395858, 13.049534463978745 ], [ 77.654822896509728, 13.049629201660668 ] ] ] } },
{ "type": "Feature", "properties": { "grid_id": "BLR_00775", "centroid_lat": 13.05400337957647, "centroid_lon": 77.668691481602579 }, "geometry": { "type": "Polygon", "coordinates": [ [ [ 77.664036310395858, 13.049534463978745 ], [ 77.664133144831681, 13.058567310577155 ], [ 77.673346819770615, 13.058472177545793 ], [ 77.673249651412121, 13.049439398997089 ], [ 77.664036310395858, 13.049534463978745 ] ] ] } },
{ "type": "Feature", "properties": { "grid_id": "BLR_00776", "centroid_lat": 13.053484428974244, "centroid_lon": 77.676787605947183 }, "geometry": { "type": "Polygon", "coordinates": [ [ [ 77.682462919307341, 13.049344006727749 ], [ 77.673249651412121, 13.049439398997089 ], [ 77.673346819770615, 13.058472177545793 ], [ 77.679389473324065, 13.058409607693356 ], [ 77.6793706, 13.0583812 ], [ 77.6791946, 13.0581162 ], [ 77.6791682, 13.0580764 ], [ 77.679137, 13.0580295 ], [ 77.6791355, 13.0580272 ], [ 77.6791282, 13.0580286 ], [ 77.6790036, 13.0580538 ], [ 77.6789449, 13.0580644 ], [ 77.6789361, 13.058066 ], [ 77.6789053, 13.0580438 ], [ 77.6788848, 13.058029 ], [ 77.6789201, 13.0577529 ], [ 77.6789937, 13.0575201 ], [ 77.679006, 13.0575257 ], [ 77.6790426, 13.0575426 ], [ 77.6790525, 13.0575444 ], [ 77.6790618, 13.0575461 ], [ 77.6792278, 13.0575766 ], [ 77.6792392, 13.0574838 ], [ 77.6792704, 13.0572272 ], [ 77.679318400000014, 13.0568337 ], [ 77.6793447, 13.0567193 ], [ 77.6793496, 13.0566719 ], [ 77.679353, 13.056638 ], [ 77.6793703, 13.0564661 ], [ 77.6793731, 13.0564503 ], [ 77.6793822, 13.0563482 ], [ 77.6793888, 13.0562824 ], [ 77.6794044, 13.0561889 ], [ 77.6794157, 13.0561212 ], [ 77.6794599, 13.055856 ], [ 77.6794738, 13.0557722 ], [ 77.67949, 13.0556757 ], [ 77.6794696, 13.0556786 ], [ 77.6793877, 13.0556903 ], [ 77.6793709, 13.0556927 ], [ 77.6792554, 13.055637 ], [ 77.6792147, 13.0555958 ], [ 77.6791406, 13.0555208 ], [ 77.6790824, 13.0554619 ], [ 77.6790352, 13.0553233 ], [ 77.6790274, 13.0553003 ], [ 77.6789244, 13.0549976 ], [ 77.6787262, 13.0541649 ], [ 77.6787216, 13.0541454 ], [ 77.678715200000013, 13.0541047 ], [ 77.6787087, 13.0540628 ], [ 77.6787033, 13.0540284 ], [ 77.6786948, 13.0539741 ], [ 77.678694, 13.0539689 ], [ 77.6787052, 13.053969 ], [ 77.6787196, 13.0539697 ], [ 77.6787419, 13.0539707 ], [ 77.678751, 13.0539712 ], [ 77.6787414, 13.0539353 ], [ 77.6787361, 13.0539154 ], [ 77.678733, 13.0539039 ], [ 77.6787203, 13.0538564 ], [ 77.6786697, 13.053667 ], [ 77.6786657, 13.053652 ], [ 77.678638, 13.0535282 ], [ 77.6785216, 13.0533381 ], [ 77.6785088, 13.0533173 ], [ 77.6785085, 13.0533091 ], [ 77.6784997, 13.0530466 ], [ 77.6784945, 13.0528153 ], [ 77.6784944, 13.0528117 ], [ 77.6784924, 13.0527245 ], [ 77.678447, 13.0525907 ], [ 77.6784287, 13.0525366 ], [ 77.6784061, 13.0524698 ], [ 77.6783994, 13.0524501 ], [ 77.6783971, 13.0524432 ], [ 77.6783957, 13.0524392 ], [ 77.6783976, 13.0524392 ], [ 77.6785821, 13.0524371 ], [ 77.6786553, 13.0524362 ], [ 77.6787794, 13.0524348 ], [ 77.6788969, 13.0524334 ], [ 77.6789204, 13.0524331 ], [ 77.6791892, 13.0524254 ], [ 77.6793093, 13.052422 ], [ 77.679531, 13.0524501 ], [ 77.6795349, 13.0524505 ], [ 77.67981, 13.0524853 ], [ 77.6799033, 13.0524418 ], [ 77.6799198, 13.0524341 ], [ 77.680001, 13.0523962 ], [ 77.6801613, 13.0523214 ], [ 77.6801621, 13.052321 ], [ 77.6802024, 13.0523022 ], [ 77.6805499, 13.0521245 ], [ 77.6805656, 13.0521165 ], [ 77.6806534, 13.0520716 ], [ 77.6808955, 13.0519476 ], [ 77.6809348, 13.0519274 ], [ 77.6810352, 13.051876 ], [ 77.681083, 13.0518388 ], [ 77.681127, 13.0518047 ], [ 77.6811855, 13.0517593 ], [ 77.6816759, 13.0513785 ], [ 77.681786, 13.051293 ], [ 77.6822988, 13.0508943 ], [ 77.682478276991773, 13.050767209998407 ], [ 77.682462919307341, 13.049344006727749 ] ] ] } },
{ "type": "Feature", "properties": { "grid_id": "BLR_00777", "centroid_lat": 13.061412656468383, "centroid_lon": 77.676093144434844 }, "geometry": { "type": "Polygon", "coordinates": [ [ [ 77.673346819770615, 13.058472177545793 ], [ 77.673421460435364, 13.0654061625926 ], [ 77.6734548, 13.0654032 ], [ 77.6745791, 13.0653015 ], [ 77.6746325, 13.0652074 ], [ 77.6747409, 13.0651198 ], [ 77.6753536, 13.0649458 ], [ 77.675999, 13.0650256 ], [ 77.6764247, 13.0651345 ], [ 77.6768107, 13.0651089 ], [ 77.67712, 13.0650551 ], [ 77.6771877, 13.0650309 ], [ 77.6768407, 13.0644208 ], [ 77.6767619, 13.0641666 ], [ 77.676676, 13.0638836 ], [ 77.6765952, 13.0632823 ], [ 77.6766701, 13.0628823 ], [ 77.6775288, 13.0628737 ], [ 77.6775793, 13.0628708 ], [ 77.6776142, 13.0628689 ], [ 77.6776425, 13.0628673 ], [ 77.6776616, 13.0628646 ], [ 77.6776923, 13.0628603 ], [ 77.6777219, 13.0628592 ], [ 77.6778507, 13.0628548 ], [ 77.6779151, 13.0628526 ], [ 77.6780939, 13.0628471 ], [ 77.6781697, 13.0628449 ], [ 77.678452400000012, 13.0628435 ], [ 77.6784657, 13.0628441 ], [ 77.6791335, 13.0628712 ], [ 77.6793303, 13.0624279 ], [ 77.6796069, 13.0619696 ], [ 77.6795749, 13.0613454 ], [ 77.6795722, 13.0612923 ], [ 77.6794502, 13.0611287 ], [ 77.6794483, 13.0611262 ], [ 77.679396, 13.061056 ], [ 77.6793768, 13.0609776 ], [ 77.6793089, 13.0607011 ], [ 77.6792851, 13.060604 ], [ 77.6792685, 13.0605363 ], [ 77.6792934, 13.0603287 ], [ 77.6793493, 13.0598628 ], [ 77.6793872, 13.0595124 ], [ 77.6794672, 13.0585266 ], [ 77.679389473324065, 13.058409607693356 ], [ 77.673346819770615, 13.058472177545793 ] ] ] } },
{ "type": "Feature", "properties": { "grid_id": "BLR_00778", "centroid_lat": 13.063065270318717, "centroid_lon": 77.659518451204832 }, "geometry": { "type": "Polygon", "coordinates": [ [ [ 77.664133144831681, 13.058567310577155 ], [ 77.654919397010232, 13.058662116074547 ], [ 77.655015970142031, 13.067695023489893 ], [ 77.661050566863608, 13.067632925045251 ], [ 77.6617843, 13.0674305 ], [ 77.6617855, 13.0674302 ], [ 77.6617855, 13.0674301 ], [ 77.6617858, 13.0674249 ], [ 77.6618205, 13.0674165 ], [ 77.6618932, 13.0673989 ], [ 77.6625603, 13.0672377 ], [ 77.6625604, 13.0672376 ], [ 77.663144, 13.0670909 ], [ 77.6635954, 13.0669775 ], [ 77.664221011420409, 13.066757741212569 ], [ 77.664133144831681, 13.058567310577155 ] ] ] } },
{ "type": "Feature", "properties": { "grid_id": "BLR_00779", "centroid_lat": 13.062080919775052, "centroid_lon": 77.668714468116264 }, "geometry": { "type": "Polygon", "coordinates": [ [ [ 77.673346819770615, 13.058472177545793 ], [ 77.664133144831681, 13.058567310577155 ], [ 77.664221011420409, 13.066757741212569 ], [ 77.6657228, 13.0662302 ], [ 77.6657947, 13.066205 ], [ 77.6668778, 13.0659387 ], [ 77.6670164, 13.0659046 ], [ 77.6670262, 13.0658298 ], [ 77.6670276, 13.0658193 ], [ 77.6670361, 13.0657541 ], [ 77.6670495, 13.0656509 ], [ 77.6670522, 13.0656303 ], [ 77.6670613, 13.0655606 ], [ 77.6670678, 13.0655106 ], [ 77.667098800000019, 13.0653149 ], [ 77.6671352, 13.0650844 ], [ 77.667182, 13.0647888 ], [ 77.667187200000015, 13.0647556 ], [ 77.66720650000002, 13.0646335 ], [ 77.6672844, 13.0641412 ], [ 77.6672959, 13.0640511 ], [ 77.6672972, 13.0640406 ], [ 77.6673226, 13.0638422 ], [ 77.6700267, 13.0657819 ], [ 77.6709671, 13.0657261 ], [ 77.6709832, 13.0657252 ], [ 77.672374, 13.0656479 ], [ 77.672406, 13.0656462 ], [ 77.6728367, 13.0655224 ], [ 77.6730435, 13.0654549 ], [ 77.673296, 13.0654214 ], [ 77.6733749, 13.0654103 ], [ 77.673421460435364, 13.0654061625926 ], [ 77.673346819770615, 13.058472177545793 ] ] ] } },
{ "type": "Feature", "properties": { "grid_id": "BLR_00780", "centroid_lat": 13.07102557929931, "centroid_lon": 77.656829719892215 }, "geometry": { "type": "Polygon", "coordinates": [ [ [ 77.655015970142031, 13.067695023489893 ], [ 77.655112615917758, 13.07672792390211 ], [ 77.655999110268596, 13.07671880416185 ], [ 77.6560406, 13.0765375 ], [ 77.656049, 13.0765011 ], [ 77.6563421, 13.0752201 ], [ 77.6563907, 13.0750221 ], [ 77.6564316, 13.0748555 ], [ 77.656444400000012, 13.0748037 ], [ 77.6564912, 13.0746131 ], [ 77.656531, 13.0745639 ], [ 77.6565316, 13.0745631 ], [ 77.6566308, 13.0744407 ], [ 77.6569038, 13.0741038 ], [ 77.6571086, 13.0738511 ], [ 77.6572221, 13.073711 ], [ 77.6573485, 13.0735551 ], [ 77.6574734, 13.073401 ], [ 77.6576907, 13.0731328 ], [ 77.6578229, 13.0729698 ], [ 77.6578647, 13.0728847 ], [ 77.6581979, 13.0722078 ], [ 77.6582765, 13.0720479 ], [ 77.6583447, 13.0719094 ], [ 77.6584086, 13.0717795 ], [ 77.6584207, 13.0717549 ], [ 77.6585314, 13.071482 ], [ 77.6586447, 13.0712027 ], [ 77.658715, 13.0710378 ], [ 77.6587524, 13.0709498 ], [ 77.6588381, 13.0707485 ], [ 77.6589111, 13.0705402 ], [ 77.6589179, 13.0705208 ], [ 77.65896, 13.0704008 ], [ 77.6589699, 13.0703724 ], [ 77.6590257, 13.0702131 ], [ 77.6590847, 13.0700447 ], [ 77.6591514, 13.0698475 ], [ 77.6592728, 13.0694882 ], [ 77.6595271, 13.0687354 ], [ 77.6595949, 13.0685348 ], [ 77.6596102, 13.0684894 ], [ 77.6596503, 13.0683708 ], [ 77.6596594, 13.0682325 ], [ 77.6596608, 13.0682108 ], [ 77.6596684, 13.0682049 ], [ 77.6597017, 13.0681792 ], [ 77.6597985, 13.0681041 ], [ 77.6600071, 13.0679427 ], [ 77.6600259, 13.0679281 ], [ 77.6600883, 13.0678798 ], [ 77.6601514, 13.0678695 ], [ 77.6602535, 13.0678529 ], [ 77.6605058, 13.0677832 ], [ 77.6607717, 13.0677099 ], [ 77.6607945, 13.0677036 ], [ 77.6609525, 13.06766 ], [ 77.6609836, 13.0676514 ], [ 77.661050566863608, 13.067632925045251 ], [ 77.655015970142031, 13.067695023489893 ] ] ] } },
{ "type": "Feature", "properties": { "grid_id": "BLR_00781", "centroid_lat": 13.045348069768044, "centroid_lon": 77.631741238830884 }, "geometry": { "type": "Polygon", "coordinates": [ [ [ 77.627086793390049, 13.040878327353632 ], [ 77.62718222014405, 13.049911450788247 ], [ 77.636395851132619, 13.049817695077358 ], [ 77.636300090656817, 13.040784638750765 ], [ 77.627086793390049, 13.040878327353632 ] ] ] } },
{ "type": "Feature", "properties": { "grid_id": "BLR_00782", "centroid_lat": 13.045254184001022, "centroid_lon": 77.640954666903539 }, "geometry": { "type": "Polygon", "coordinates": [ [ [ 77.636300090656817, 13.040784638750765 ], [ 77.636395851132619, 13.049817695077358 ], [ 77.645609410004909, 13.04972361203086 ], [ 77.645513315819812, 13.040690623046535 ], [ 77.636300090656817, 13.040784638750765 ] ] ] } },
{ "type": "Feature", "properties": { "grid_id": "BLR_00783", "centroid_lat": 13.054381156187407, "centroid_lon": 77.631836868441113 }, "geometry": { "type": "Polygon", "coordinates": [ [ [ 77.62718222014405, 13.049911450788247 ], [ 77.627277718763082, 13.05894456724301 ], [ 77.636491683724671, 13.058850744419422 ], [ 77.636395851132619, 13.049817695077358 ], [ 77.62718222014405, 13.049911450788247 ] ] ] } },
{ "type": "Feature", "properties": { "grid_id": "BLR_00784", "centroid_lat": 13.054287203192896, "centroid_lon": 77.641050630354911 }, "geometry": { "type": "Polygon", "coordinates": [ [ [ 77.636395851132619, 13.049817695077358 ], [ 77.636491683724671, 13.058850744419422 ], [ 77.645705576557489, 13.058756594025962 ], [ 77.645609410004909, 13.04972361203086 ], [ 77.636395851132619, 13.049817695077358 ] ] ] } },
{ "type": "Feature", "properties": { "grid_id": "BLR_00785", "centroid_lat": 13.0541929227516, "centroid_lon": 77.650264320020582 }, "geometry": { "type": "Polygon", "coordinates": [ [ [ 77.645609410004909, 13.04972361203086 ], [ 77.645705576557489, 13.058756594025962 ], [ 77.654919397010232, 13.058662116074547 ], [ 77.654822896509728, 13.049629201660668 ], [ 77.645609410004909, 13.04972361203086 ] ] ] } },
{ "type": "Feature", "properties": { "grid_id": "BLR_00786", "centroid_lat": 13.063225867487859, "centroid_lon": 77.650360689799967 }, "geometry": { "type": "Polygon", "coordinates": [ [ [ 77.645705576557489, 13.058756594025962 ], [ 77.645801815490117, 13.067789569027241 ], [ 77.655015970142031, 13.067695023489893 ], [ 77.654919397010232, 13.058662116074547 ], [ 77.645705576557489, 13.058756594025962 ] ] ] } },
{ "type": "Feature", "properties": { "grid_id": "BLR_00787", "centroid_lat": 13.06341423562229, "centroid_lon": 77.631932570048249 }, "geometry": { "type": "Polygon", "coordinates": [ [ [ 77.627277718763082, 13.05894456724301 ], [ 77.627373289259666, 13.067977676713333 ], [ 77.636587588445551, 13.067883786772368 ], [ 77.636491683724671, 13.058850744419422 ], [ 77.627277718763082, 13.05894456724301 ] ] ] } },
{ "type": "Feature", "properties": { "grid_id": "BLR_00788", "centroid_lat": 13.063320215395601, "centroid_lon": 77.641146666054453 }, "geometry": { "type": "Polygon", "coordinates": [ [ [ 77.636491683724671, 13.058850744419422 ], [ 77.636587588445551, 13.067883786772368 ], [ 77.645801815490117, 13.067789569027241 ], [ 77.645705576557489, 13.058756594025962 ], [ 77.636491683724671, 13.058850744419422 ] ] ] } },
{ "type": "Feature", "properties": { "grid_id": "BLR_00789", "centroid_lat": 13.072258805225646, "centroid_lon": 77.650457132091319 }, "geometry": { "type": "Polygon", "coordinates": [ [ [ 77.645801815490117, 13.067789569027241 ], [ 77.645898126815368, 13.076822537030111 ], [ 77.655112615917758, 13.07672792390211 ], [ 77.655015970142031, 13.067695023489893 ], [ 77.645801815490117, 13.067789569027241 ] ] ] } },
{ "type": "Feature", "properties": { "grid_id": "BLR_00790", "centroid_lat": 13.072447308068099, "centroid_lon": 77.632028343664814 }, "geometry": { "type": "Polygon", "coordinates": [ [ [ 77.627373289259666, 13.067977676713333 ], [ 77.627468931646277, 13.077010779194636 ], [ 77.636683565307763, 13.076916822131601 ], [ 77.636587588445551, 13.067883786772368 ], [ 77.627373289259666, 13.067977676713333 ] ] ] } },
{ "type": "Feature", "properties": { "grid_id": "BLR_00791", "centroid_lat": 13.044655417838314, "centroid_lon": 77.683577728755949 }, "geometry": { "type": "Polygon", "coordinates": [ [ [ 77.682365490411115, 13.040311289454815 ], [ 77.682462919307341, 13.049344006727749 ], [ 77.684136319370836, 13.049326645488051 ], [ 77.6843744, 13.0482294 ], [ 77.6844268, 13.0479879 ], [ 77.6844827, 13.0477304 ], [ 77.6845527, 13.0474076 ], [ 77.6846097, 13.0471451 ], [ 77.684661, 13.0469089 ], [ 77.6847869, 13.0463284 ], [ 77.6847892, 13.0463179 ], [ 77.684823400000013, 13.0461604 ], [ 77.6849203, 13.0457138 ], [ 77.6849447, 13.0456017 ], [ 77.6849871, 13.0454062 ], [ 77.684996200000015, 13.0453641 ], [ 77.6850515, 13.0451095 ], [ 77.6850491, 13.0450776 ], [ 77.6850463, 13.0450412 ], [ 77.6850424, 13.0450071 ], [ 77.6850381, 13.044959 ], [ 77.6850272, 13.044836 ], [ 77.6850208, 13.0447642 ], [ 77.6850045, 13.0445808 ], [ 77.68499580000001, 13.0444817 ], [ 77.6849921, 13.0444407 ], [ 77.6849834, 13.0443421 ], [ 77.6849784, 13.0442757 ], [ 77.68497450000001, 13.0442241 ], [ 77.684941, 13.0437804 ], [ 77.6849278, 13.0436044 ], [ 77.6849109, 13.0433812 ], [ 77.6849031, 13.0432779 ], [ 77.6848923, 13.0431339 ], [ 77.6848758, 13.0429156 ], [ 77.6848749, 13.0429031 ], [ 77.6848721, 13.0428656 ], [ 77.6848567, 13.0427311 ], [ 77.684847, 13.0426463 ], [ 77.6848367, 13.0425565 ], [ 77.684835, 13.0425411 ], [ 77.6848095, 13.0423182 ], [ 77.6847806, 13.0420655 ], [ 77.6847757, 13.0420232 ], [ 77.6847639, 13.0419198 ], [ 77.6847491, 13.0417901 ], [ 77.6847309, 13.041631 ], [ 77.6846989, 13.0414512 ], [ 77.6846716, 13.0412975 ], [ 77.6846434, 13.0411387 ], [ 77.6846347, 13.0410897 ], [ 77.6846299, 13.0410625 ], [ 77.6846285, 13.0410519 ], [ 77.6846079, 13.0408908 ], [ 77.6846067, 13.0408814 ], [ 77.6846053, 13.0408711 ], [ 77.6846025, 13.0408534 ], [ 77.6845847, 13.040744 ], [ 77.6845706, 13.0406575 ], [ 77.6845498, 13.0405342 ], [ 77.684544, 13.040507 ], [ 77.6845273, 13.0404193 ], [ 77.6845212, 13.0403876 ], [ 77.684502414930918, 13.040289132381625 ], [ 77.682365490411115, 13.040311289454815 ] ] ] } },
{ "type": "Feature", "properties": { "grid_id": "BLR_00792", "centroid_lat": 13.049833480942898, "centroid_lon": 77.683156947972179 }, "geometry": { "type": "Polygon", "coordinates": [ [ [ 77.682462919307341, 13.049344006727749 ], [ 77.682478276991773, 13.050767209998407 ], [ 77.6828891, 13.0504763 ], [ 77.6829071, 13.0504635 ], [ 77.6831692, 13.0502779 ], [ 77.6836113, 13.0499647 ], [ 77.6836139, 13.0499629 ], [ 77.6836568, 13.0500406 ], [ 77.6837955, 13.0500255 ], [ 77.68380470000001, 13.050096 ], [ 77.6838556, 13.0500995 ], [ 77.6839647, 13.050107 ], [ 77.6839669, 13.0501072 ], [ 77.6841059, 13.0494664 ], [ 77.6841179, 13.0494113 ], [ 77.6841334, 13.0493401 ], [ 77.684136319370836, 13.049326645488051 ], [ 77.682462919307341, 13.049344006727749 ] ] ] } },
{ "type": "Feature", "properties": { "grid_id": "BLR_00793", "centroid_lat": 13.077908501683165, "centroid_lon": 77.655417918541616 }, "geometry": { "type": "Polygon", "coordinates": [ [ [ 77.655112615917758, 13.07672792390211 ], [ 77.655150474354954, 13.080264473062641 ], [ 77.655186200000017, 13.0801263 ], [ 77.6552183, 13.0799971 ], [ 77.6552515, 13.0798634 ], [ 77.6553179, 13.0795917 ], [ 77.655355, 13.07944 ], [ 77.6554277, 13.0791326 ], [ 77.6555223, 13.0787159 ], [ 77.6556755, 13.0779339 ], [ 77.6557785, 13.0776217 ], [ 77.6558929, 13.0771819 ], [ 77.6558955, 13.0771717 ], [ 77.6559049, 13.0771307 ], [ 77.6559119, 13.0770999 ], [ 77.655999110268596, 13.07671880416185 ], [ 77.655112615917758, 13.07672792390211 ] ] ] } },
{ "type": "Feature", "properties": { "grid_id": "BLR_00794", "centroid_lat": 13.072353220604544, "centroid_lon": 77.6412427740147 }, "geometry": { "type": "Polygon", "coordinates": [ [ [ 77.636587588445551, 13.067883786772368 ], [ 77.636683565307763, 13.076916822131601 ], [ 77.645898126815368, 13.076822537030111 ], [ 77.645801815490117, 13.067789569027241 ], [ 77.636587588445551, 13.067883786772368 ] ] ] } },
{ "type": "Feature", "properties": { "grid_id": "BLR_00795", "centroid_lat": 13.079766284133932, "centroid_lon": 77.650068896292822 }, "geometry": { "type": "Polygon", "coordinates": [ [ [ 77.655112615917758, 13.07672792390211 ], [ 77.645898126815368, 13.076822537030111 ], [ 77.645994510545862, 13.085855498029977 ], [ 77.646542189372269, 13.085849879920515 ], [ 77.6465436, 13.0858177 ], [ 77.6465541, 13.0855766 ], [ 77.6465619, 13.085436 ], [ 77.6465637, 13.0854029 ], [ 77.6465658, 13.0853657 ], [ 77.6465661, 13.0853602 ], [ 77.6466026, 13.0851515 ], [ 77.6467476, 13.0849415 ], [ 77.6470912, 13.0844425 ], [ 77.6475768, 13.0838862 ], [ 77.647607, 13.0838516 ], [ 77.6476428, 13.0838106 ], [ 77.6476441, 13.0838107 ], [ 77.6480101, 13.0834067 ], [ 77.6480986, 13.0832937 ], [ 77.6481574, 13.0832141 ], [ 77.6481752, 13.0831901 ], [ 77.6482339, 13.0831107 ], [ 77.6483602, 13.08294 ], [ 77.6483678, 13.0829293 ], [ 77.6484481, 13.0828165 ], [ 77.6484508, 13.0828128 ], [ 77.6485488, 13.0826751 ], [ 77.6486044, 13.0825971 ], [ 77.6486128, 13.0825853 ], [ 77.6487231, 13.0824388 ], [ 77.6487311, 13.0824283 ], [ 77.6487461, 13.0824084 ], [ 77.6488976, 13.0822074 ], [ 77.6490729, 13.0819748 ], [ 77.6490759, 13.0819709 ], [ 77.6492027, 13.0818026 ], [ 77.649275300000014, 13.0817063 ], [ 77.6493337, 13.0816287 ], [ 77.6493576, 13.0815971 ], [ 77.6493755, 13.0815733 ], [ 77.6493829, 13.081566 ], [ 77.649586, 13.0813629 ], [ 77.6534984, 13.0818626 ], [ 77.6539774, 13.0819221 ], [ 77.6541042, 13.0819339 ], [ 77.6547211, 13.0819932 ], [ 77.6547942, 13.0816424 ], [ 77.655150474354954, 13.080264473062641 ], [ 77.655112615917758, 13.07672792390211 ] ] ] } },
{ "type": "Feature", "properties": { "grid_id": "BLR_00796", "centroid_lat": 13.081480373520257, "centroid_lon": 77.632124189303326 }, "geometry": { "type": "Polygon", "coordinates": [ [ [ 77.627468931646277, 13.077010779194636 ], [ 77.627564645935422, 13.086043874682328 ], [ 77.636779614323856, 13.08594985049254 ], [ 77.636683565307763, 13.076916822131601 ], [ 77.627468931646277, 13.077010779194636 ] ] ] } },
{ "type": "Feature", "properties": { "grid_id": "BLR_00797", "centroid_lat": 13.081386218815133, "centroid_lon": 77.641338954248212 }, "geometry": { "type": "Polygon", "coordinates": [ [ [ 77.636683565307763, 13.076916822131601 ], [ 77.636779614323856, 13.08594985049254 ], [ 77.645994510545862, 13.085855498029977 ], [ 77.645898126815368, 13.076822537030111 ], [ 77.636683565307763, 13.076916822131601 ] ] ] } },
{ "type": "Feature", "properties": { "grid_id": "BLR_00798", "centroid_lat": 13.090513431974168, "centroid_lon": 77.63222010697632 }, "geometry": { "type": "Polygon", "coordinates": [ [ [ 77.627564645935422, 13.086043874682328 ], [ 77.627660432139606, 13.095076963171831 ], [ 77.636875735506408, 13.094982871850592 ], [ 77.636779614323856, 13.08594985049254 ], [ 77.627564645935422, 13.086043874682328 ] ] ] } },
{ "type": "Feature", "properties": { "grid_id": "BLR_00799", "centroid_lat": 13.090480920499987, "centroid_lon": 77.646256886114784 }, "geometry": { "type": "MultiPolygon", "coordinates": [ [ [ [ 77.646090966694175, 13.09488845202225 ], [ 77.646595309614526, 13.094883274990849 ], [ 77.6463415, 13.094366 ], [ 77.646079690411369, 13.093832797717621 ], [ 77.646090966694175, 13.09488845202225 ] ] ], [ [ [ 77.645994510545862, 13.085855498029977 ], [ 77.645999747962591, 13.086346147558265 ], [ 77.6460098, 13.0863448 ], [ 77.6461575, 13.086325 ], [ 77.6461892, 13.0863207 ], [ 77.6462733, 13.0863094 ], [ 77.646458700000011, 13.0862846 ], [ 77.646524, 13.0862758 ], [ 77.6465298, 13.086132 ], [ 77.6465318, 13.0860867 ], [ 77.6465356, 13.0860002 ], [ 77.646542189372269, 13.085849879920515 ], [ 77.645994510545862, 13.085855498029977 ] ] ] ] } },
{ "type": "Feature", "properties": { "grid_id": "BLR_00800", "centroid_lat": 13.090671815794765, "centroid_lon": 77.64081600441753 }, "geometry": { "type": "Polygon", "coordinates": [ [ [ 77.645994510545862, 13.085855498029977 ], [ 77.636779614323856, 13.08594985049254 ], [ 77.636875735506408, 13.094982871850592 ], [ 77.646090966694175, 13.09488845202225 ], [ 77.646079690411369, 13.093832797717621 ], [ 77.6460246, 13.0937206 ], [ 77.645877, 13.0934198 ], [ 77.6432686, 13.0881052 ], [ 77.6432617, 13.0880906 ], [ 77.6426974, 13.0868863 ], [ 77.6430233, 13.0867903 ], [ 77.6434636, 13.0866863 ], [ 77.6437465, 13.0866484 ], [ 77.6437887, 13.0866427 ], [ 77.6458714, 13.0863634 ], [ 77.6458718, 13.0863633 ], [ 77.645999747962591, 13.086346147558265 ], [ 77.645994510545862, 13.085855498029977 ] ] ] } },
{ "type": "Feature", "properties": { "grid_id": "BLR_00801", "centroid_lat": 13.09954648342525, "centroid_lon": 77.632316096696329 }, "geometry": { "type": "Polygon", "coordinates": [ [ [ 77.627660432139606, 13.095076963171831 ], [ 77.627756290271378, 13.104110044658558 ], [ 77.636971928867951, 13.104015886201175 ], [ 77.636875735506408, 13.094982871850592 ], [ 77.627660432139606, 13.095076963171831 ] ] ] } },
{ "type": "Feature", "properties": { "grid_id": "BLR_00802", "centroid_lat": 13.100463511425396, "centroid_lon": 77.647464091681755 }, "geometry": { "type": "Polygon", "coordinates": [ [ [ 77.646090966694175, 13.09488845202225 ], [ 77.646187495272926, 13.103921399002342 ], [ 77.650003578297898, 13.103882176240047 ], [ 77.6498707, 13.1035379 ], [ 77.6496356, 13.1029289 ], [ 77.6496183, 13.1028842 ], [ 77.6495636, 13.102703 ], [ 77.649532, 13.1025984 ], [ 77.6492392, 13.1019509 ], [ 77.6491195, 13.1016864 ], [ 77.6490579, 13.1013186 ], [ 77.6490296, 13.1011503 ], [ 77.649023, 13.1011106 ], [ 77.6489323, 13.1006948 ], [ 77.6488691, 13.1004909 ], [ 77.6488604, 13.100463 ], [ 77.6488581, 13.1004555 ], [ 77.6488556, 13.1003843 ], [ 77.6488553, 13.100374 ], [ 77.6488544, 13.1003474 ], [ 77.6488352, 13.100303 ], [ 77.6488102, 13.1002451 ], [ 77.648789, 13.1001959 ], [ 77.6487759, 13.1001656 ], [ 77.6487561, 13.1001196 ], [ 77.6487487, 13.1001025 ], [ 77.6487479, 13.1000449 ], [ 77.6487475, 13.1000183 ], [ 77.6487218, 13.0999501 ], [ 77.6486389, 13.0997306 ], [ 77.6486358, 13.0997222 ], [ 77.6486081, 13.0996488 ], [ 77.6485794, 13.0995561 ], [ 77.6485677, 13.0995185 ], [ 77.6485419, 13.099435 ], [ 77.648494, 13.0993794 ], [ 77.6484892, 13.0993738 ], [ 77.6484571, 13.0992413 ], [ 77.6484552, 13.0991884 ], [ 77.6484542, 13.0991578 ], [ 77.6483403, 13.0989734 ], [ 77.648183900000021, 13.0987011 ], [ 77.6480654, 13.0984833 ], [ 77.6479195, 13.0982152 ], [ 77.6479132, 13.0982038 ], [ 77.6479073, 13.0981929 ], [ 77.6478904, 13.0981618 ], [ 77.6478302, 13.0979946 ], [ 77.6477157, 13.0976759 ], [ 77.647456100000014, 13.096776 ], [ 77.6474303, 13.0967009 ], [ 77.6473761, 13.0965344 ], [ 77.6473498, 13.0964536 ], [ 77.6470712, 13.0958432 ], [ 77.6468281, 13.0953592 ], [ 77.6468056, 13.0953174 ], [ 77.6468041, 13.0953144 ], [ 77.6467276, 13.0951555 ], [ 77.6466622, 13.0950196 ], [ 77.646595309614526, 13.094883274990849 ], [ 77.646090966694175, 13.09488845202225 ] ] ] } },
{ "type": "Feature", "properties": { "grid_id": "BLR_00803", "centroid_lat": 13.099452194222895, "centroid_lon": 77.641531531585372 }, "geometry": { "type": "Polygon", "coordinates": [ [ [ 77.636875735506408, 13.094982871850592 ], [ 77.636971928867951, 13.104015886201175 ], [ 77.646187495272926, 13.103921399002342 ], [ 77.646090966694175, 13.09488845202225 ], [ 77.636875735506408, 13.094982871850592 ] ] ] } },
{ "type": "Feature", "properties": { "grid_id": "BLR_00804", "centroid_lat": 13.108579643250511, "centroid_lon": 77.632411909447811 }, "geometry": { "type": "Polygon", "coordinates": [ [ [ 77.636971928867951, 13.104015886201175 ], [ 77.627756290271378, 13.104110044658558 ], [ 77.627852220343271, 13.113143119137932 ], [ 77.63706819442109, 13.113048893539702 ], [ 77.637000969455414, 13.106741602784796 ], [ 77.6369984, 13.1066887 ], [ 77.636991400000014, 13.1065452 ], [ 77.6369886, 13.1064895 ], [ 77.6369589, 13.1064042 ], [ 77.6369521, 13.1063848 ], [ 77.6369506, 13.1063802 ], [ 77.6369606, 13.1063779 ], [ 77.6369913, 13.1063709 ], [ 77.636997005442311, 13.106369581409087 ], [ 77.636971928867951, 13.104015886201175 ] ] ] } },
{ "type": "Feature", "properties": { "grid_id": "BLR_00805", "centroid_lat": 13.10448858291509, "centroid_lon": 77.648004265381019 }, "geometry": { "type": "Polygon", "coordinates": [ [ [ 77.646187495272926, 13.103921399002342 ], [ 77.646202775876716, 13.105350704840527 ], [ 77.6471478, 13.1052043 ], [ 77.6493688, 13.1048603 ], [ 77.6493854, 13.1048577 ], [ 77.6494724, 13.1048389 ], [ 77.6502747, 13.1046653 ], [ 77.6503034, 13.1046591 ], [ 77.6503199, 13.1046559 ], [ 77.6502375, 13.1044883 ], [ 77.650228500000011, 13.1044648 ], [ 77.6501347, 13.1042219 ], [ 77.650003578297898, 13.103882176240047 ], [ 77.646187495272926, 13.103921399002342 ] ] ] } },
{ "type": "Feature", "properties": { "grid_id": "BLR_00806", "centroid_lat": 13.106183031460569, "centroid_lon": 77.640480882072296 }, "geometry": { "type": "MultiPolygon", "coordinates": [ [ [ [ 77.646187495272926, 13.103921399002342 ], [ 77.636971928867951, 13.104015886201175 ], [ 77.636997005442311, 13.106369581409087 ], [ 77.6370138, 13.1063657 ], [ 77.6370257, 13.106363 ], [ 77.6370223, 13.1062956 ], [ 77.637021, 13.1062687 ], [ 77.6372094, 13.1062398 ], [ 77.637283, 13.1062285 ], [ 77.6373684, 13.1062155 ], [ 77.6374746, 13.1062021 ], [ 77.6377287, 13.1061701 ], [ 77.637835, 13.1061619 ], [ 77.6381141, 13.1061405 ], [ 77.6383412, 13.1061249 ], [ 77.6389587, 13.1060621 ], [ 77.6392781, 13.1060296 ], [ 77.6393214, 13.1060252 ], [ 77.639473, 13.105985 ], [ 77.6395237, 13.1059701 ], [ 77.6399695, 13.1058568 ], [ 77.6399943, 13.1058549 ], [ 77.6401259, 13.1058446 ], [ 77.6402579, 13.1058342 ], [ 77.640327, 13.1058289 ], [ 77.640333, 13.1058285 ], [ 77.6405945, 13.1058123 ], [ 77.640681, 13.105807 ], [ 77.640761200000014, 13.1058022 ], [ 77.6408182, 13.1057862 ], [ 77.6408537, 13.1057762 ], [ 77.6411524, 13.1056923 ], [ 77.6411702, 13.1056873 ], [ 77.6412797, 13.1056623 ], [ 77.6416835, 13.1055828 ], [ 77.6418105, 13.1055685 ], [ 77.6419234, 13.1055389 ], [ 77.642035, 13.1055093 ], [ 77.6422376, 13.1054858 ], [ 77.642962, 13.1055324 ], [ 77.6432296, 13.1055977 ], [ 77.6438538, 13.1057352 ], [ 77.6439299, 13.1057188 ], [ 77.6440566, 13.1056932 ], [ 77.6442265, 13.1056671 ], [ 77.6442752, 13.105659 ], [ 77.6446986, 13.1055896 ], [ 77.6454836, 13.1054634 ], [ 77.6457019, 13.1054283 ], [ 77.646202775876716, 13.105350704840527 ], [ 77.646187495272926, 13.103921399002342 ] ] ], [ [ [ 77.63706819442109, 13.113048893539702 ], [ 77.638523682053261, 13.113033982252208 ], [ 77.6385233, 13.1130325 ], [ 77.6383336, 13.1122967 ], [ 77.6383295, 13.1122809 ], [ 77.638251, 13.1119761 ], [ 77.6382094, 13.1118056 ], [ 77.63815, 13.1115616 ], [ 77.6381263, 13.1114645 ], [ 77.6381178, 13.1114327 ], [ 77.6379979, 13.110988 ], [ 77.6379773, 13.110912 ], [ 77.6379569, 13.1108238 ], [ 77.6378556, 13.1103867 ], [ 77.6378516, 13.1103716 ], [ 77.637791, 13.1101429 ], [ 77.6377012, 13.1098046 ], [ 77.6376484, 13.1094766 ], [ 77.6376227, 13.1093168 ], [ 77.6376157, 13.1092731 ], [ 77.6376082, 13.1092268 ], [ 77.6376051, 13.1092075 ], [ 77.6375405, 13.1088067 ], [ 77.6374759, 13.108454 ], [ 77.6374706, 13.108417 ], [ 77.6374501, 13.1083691 ], [ 77.6372427, 13.1078841 ], [ 77.637033, 13.1074026 ], [ 77.6370234, 13.1072046 ], [ 77.637013, 13.1069893 ], [ 77.637000969455414, 13.106741602784796 ], [ 77.63706819442109, 13.113048893539702 ] ] ] ] } },
{ "type": "Feature", "properties": { "grid_id": "BLR_00807", "centroid_lat": 13.117164385411787, "centroid_lon": 77.631894922904834 }, "geometry": { "type": "Polygon", "coordinates": [ [ [ 77.63706819442109, 13.113048893539702 ], [ 77.627852220343271, 13.113143119137932 ], [ 77.627948222367806, 13.12217618660536 ], [ 77.632985191126863, 13.122124693894447 ], [ 77.633055, 13.122017 ], [ 77.633067, 13.1219985 ], [ 77.6332529, 13.1217118 ], [ 77.6334198, 13.1214525 ], [ 77.6335413, 13.1212639 ], [ 77.6342196, 13.1202068 ], [ 77.6344253, 13.1198862 ], [ 77.6345641, 13.1196703 ], [ 77.6351254, 13.1188221 ], [ 77.635410100000016, 13.1183789 ], [ 77.6355215, 13.1182056 ], [ 77.6356541, 13.1179991 ], [ 77.6362997, 13.1169547 ], [ 77.6364101, 13.1167763 ], [ 77.6368326, 13.1161486 ], [ 77.6369982, 13.115903 ], [ 77.637097055216159, 13.115755704379318 ], [ 77.63706819442109, 13.113048893539702 ] ] ] } },
{ "type": "Feature", "properties": { "grid_id": "BLR_00808", "centroid_lat": 13.113969055029896, "centroid_lon": 77.637651764616507 }, "geometry": { "type": "Polygon", "coordinates": [ [ [ 77.63706819442109, 13.113048893539702 ], [ 77.637097055216159, 13.115755704379318 ], [ 77.6372035, 13.1155971 ], [ 77.6372186, 13.1155749 ], [ 77.6372738, 13.1154937 ], [ 77.6373027, 13.1154482 ], [ 77.637369, 13.1153459 ], [ 77.6379636, 13.1144291 ], [ 77.6381069, 13.114208 ], [ 77.6381515, 13.1141394 ], [ 77.6382511, 13.1139857 ], [ 77.6384824, 13.113629 ], [ 77.6386161, 13.1134229 ], [ 77.6386098, 13.1133688 ], [ 77.6385985, 13.1132715 ], [ 77.6385957, 13.1132603 ], [ 77.638586, 13.1132206 ], [ 77.6385806, 13.1132176 ], [ 77.6385649, 13.1131937 ], [ 77.6385366, 13.1130841 ], [ 77.638523682053261, 13.113033982252208 ], [ 77.63706819442109, 13.113048893539702 ] ] ] } },
{ "type": "Feature", "properties": { "grid_id": "BLR_00809", "centroid_lat": 13.124020778154307, "centroid_lon": 77.629857258482332 }, "geometry": { "type": "Polygon", "coordinates": [ [ [ 77.627948222367806, 13.12217618660536 ], [ 77.627997584372352, 13.126818142865009 ], [ 77.6284738, 13.1266741 ], [ 77.6286542, 13.126555 ], [ 77.6290994, 13.1264155 ], [ 77.6294639, 13.1263137 ], [ 77.6296983, 13.1262483 ], [ 77.630165, 13.1261181 ], [ 77.6302774, 13.1260867 ], [ 77.6302818, 13.1260855 ], [ 77.6303522, 13.1260658 ], [ 77.6304075, 13.126039 ], [ 77.6304723, 13.1260075 ], [ 77.6305484, 13.1259706 ], [ 77.6306029, 13.1259441 ], [ 77.630823, 13.1255759 ], [ 77.6310166, 13.1252519 ], [ 77.6310636, 13.1251732 ], [ 77.6315664, 13.1243319 ], [ 77.6318264, 13.1239228 ], [ 77.6322525, 13.1232533 ], [ 77.6325318, 13.1228226 ], [ 77.6326889, 13.1225803 ], [ 77.6327427, 13.1224981 ], [ 77.6327564, 13.1224772 ], [ 77.6327915, 13.1224235 ], [ 77.632985191126863, 13.122124693894447 ], [ 77.627948222367806, 13.12217618660536 ] ] ] } },
{ "type": "Feature", "properties": { "grid_id": "BLR_00810", "centroid_lat": 13.013447436653591, "centroid_lon": 77.772393728364776 }, "geometry": { "type": "Polygon", "coordinates": [ [ [ 77.770654769222006, 13.012281743057567 ], [ 77.7706702, 13.0123361 ], [ 77.7707401, 13.0124345 ], [ 77.7707832, 13.0124951 ], [ 77.7708576, 13.0125999 ], [ 77.7708782, 13.0126771 ], [ 77.7708833, 13.0126961 ], [ 77.7708887, 13.0127164 ], [ 77.7708969, 13.012747 ], [ 77.7709932, 13.0131081 ], [ 77.7710657, 13.0133794 ], [ 77.7710763, 13.0134188 ], [ 77.7711055, 13.013561 ], [ 77.7711209, 13.0136358 ], [ 77.7711266, 13.0136634 ], [ 77.7711593, 13.0138224 ], [ 77.771224, 13.0140015 ], [ 77.7712737, 13.0144172 ], [ 77.7713672, 13.0146715 ], [ 77.7714601, 13.0150416 ], [ 77.7714616, 13.0150477 ], [ 77.7714698, 13.015046 ], [ 77.7716721, 13.0151406 ], [ 77.7717195, 13.0152385 ], [ 77.7717439, 13.0152297 ], [ 77.7718745, 13.0151831 ], [ 77.7719843, 13.0151439 ], [ 77.7721258, 13.0150934 ], [ 77.7723895, 13.0149999 ], [ 77.7725133, 13.0149561 ], [ 77.7725406, 13.0149464 ], [ 77.7725822, 13.0149346 ], [ 77.7726619, 13.0149118 ], [ 77.7728311, 13.0148635 ], [ 77.7728472, 13.0148591 ], [ 77.7728663, 13.0148296 ], [ 77.7728746, 13.0148169 ], [ 77.7729624, 13.0146817 ], [ 77.7731557, 13.0143839 ], [ 77.773157, 13.014382 ], [ 77.773478, 13.0138877 ], [ 77.7735542, 13.0138045 ], [ 77.7737562, 13.0135838 ], [ 77.7738906, 13.013437 ], [ 77.774063, 13.0132487 ], [ 77.7741444, 13.0131597 ], [ 77.7741416, 13.0131324 ], [ 77.7740978, 13.0127069 ], [ 77.774050254119217, 13.012245440637471 ], [ 77.770654769222006, 13.012281743057567 ] ] ] } }
]
}
